usage_class	file	line	lang	match_kind	name	replacement	confidence	snippet
test/fixture	coxswain/tests/test_categorize.py	38	py	string	PLT_CAR_L5AC_A00	hamilton_plate_carrier_L5_ac	medium	"KernelInstance(name=""PLT_CAR_L5AC_A00"", resource_type=""plate_carrier"", position=""rails 7""),"
test/fixture	coxswain/tests/test_categorize.py	55	py	string	PLT_CAR_L5AC_A00	hamilton_plate_carrier_L5_ac	medium	"""PLT_CAR_L5AC_A00 on rails 7"","
test/fixture	coxswain/tests/test_clarify_matcher.py	56	py	string	PLT_CAR_L5AC_A00	hamilton_plate_carrier_L5_ac	medium	"KernelInstance(name=""PLT_CAR_L5AC_A00"", resource_type=""plate_carrier"", position=""rails 7""),"
test/fixture	coxswain/tests/test_clarify_matcher.py	163	py	string	PLT_CAR_L5AC_A00	hamilton_plate_carrier_L5_ac	medium	"assert bound.params[""source""] == ""PLT_CAR_L5AC_A00"""
test/fixture	coxswain/tests/test_fft_gate.py	256	py	string	PLT_CAR_L5AC_A00	hamilton_plate_carrier_L5_ac	medium	"KernelInstance(""PLT_CAR_L5AC_A00"", ""Plate"", position=""rails 7""),"
test/fixture	coxswain/tests/test_fft_gate.py	264	py	string	PLT_CAR_L5AC_A00	hamilton_plate_carrier_L5_ac	medium	"""PLT_CAR_L5AC_A00"","
test/fixture	coxswain/tests/test_tool_schema_parity.py	167	py	attribute	empty	unassign_tip	low	signature_required = param.default is inspect.Parameter.empty
test/fixture	coxswain/tests/test_tool_schema_parity.py	180	py	attribute	empty	unassign_tip	low	if param.default is inspect.Parameter.empty and param.kind in (
survey_data	plr-sema/data/derived_contracts.json	3255	.json	text	AGenBio_1_troughplate_100000uL_Fl	agenbio_1_troughplate_100mL_Fl	medium	"""AGenBio_1_troughplate_100000uL_Fl"": {"
survey_data	plr-sema/data/derived_contracts.json	3266	.json	text	AGenBio_1_troughplate_190000uL_Fl	agenbio_1_troughplate_190mL_Fl	medium	"""AGenBio_1_troughplate_190000uL_Fl"": {"
survey_data	plr-sema/data/derived_contracts.json	3277	.json	text	AGenBio_1_wellplate_Fl	AGenBio_1_troughplate_190000uL_Fl	medium	"""AGenBio_1_wellplate_Fl"": {"
survey_data	plr-sema/data/derived_contracts.json	3288	.json	text	AGenBio_4_troughplate_75000_Vb	AGenBio_4_troughplate_75000uL_Vb	medium	"""AGenBio_4_troughplate_75000_Vb"": {"
survey_data	plr-sema/data/derived_contracts.json	3299	.json	text	AGenBio_4_troughplate_75000uL_Vb	agenbio_4_troughplate_75mL_Vb	medium	"""AGenBio_4_troughplate_75000uL_Vb"": {"
survey_data	plr-sema/data/derived_contracts.json	3310	.json	text	AGenBio_96_wellplate_Ub_2200ul	agenbio_96_wellplate_Ub_2200uL	medium	"""AGenBio_96_wellplate_Ub_2200ul"": {"
survey_data	plr-sema/data/derived_contracts.json	4196	.json	text	Agilent_2_reservoir_144mL_Vb	agilent_2_reservoir_144mL_Vb	medium	"""Agilent_2_reservoir_144mL_Vb"": {"
survey_data	plr-sema/data/derived_contracts.json	4954	.json	text	Alpaqua_96_magnum_flx	alpaqua_96_plateadapter_magnum_flx	medium	"""Alpaqua_96_magnum_flx"": {"
survey_data	plr-sema/data/derived_contracts.json	11789	.json	text	Azenta4titudeFrameStar_96_wellplate_200ul_Vb	azenta_96_wellplate_200uL_Vb_4titudeframestar	medium	"""Azenta4titudeFrameStar_96_wellplate_200ul_Vb"": {"
survey_data	plr-sema/data/derived_contracts.json	11800	.json	text	BTX_96_wellplate_125ul_Fb_2mm	btx_96_wellplate_125uL_Fb_2mm	medium	"""BTX_96_wellplate_125ul_Fb_2mm"": {"
survey_data	plr-sema/data/derived_contracts.json	11872	.json	text	BioRad_384_wellplate_50uL_Vb	biorad_384_wellplate_50uL_Vb	medium	"""BioRad_384_wellplate_50uL_Vb"": {"
survey_data	plr-sema/data/derived_contracts.json	24176	.json	text	CellTreat_12_troughplate_15000ul_Vb	celltreat_12_troughplate_15mL_Vb	medium	"""CellTreat_12_troughplate_15000ul_Vb"": {"
survey_data	plr-sema/data/derived_contracts.json	24183	.json	text	CellTreat_24_wellplate_3300ul_Fb	celltreat_24_wellplate_3300uL_Fb	medium	"""CellTreat_24_wellplate_3300ul_Fb"": {"
survey_data	plr-sema/data/derived_contracts.json	24194	.json	text	CellTreat_24_wellplate_3300ul_Fb_Lid	celltreat_24_wellplate_3300uL_Fb_lid	medium	"""CellTreat_24_wellplate_3300ul_Fb_Lid"": {"
survey_data	plr-sema/data/derived_contracts.json	24201	.json	text	CellTreat_6_wellplate_16300ul_Fb	celltreat_6_wellplate_16300uL_Fb	medium	"""CellTreat_6_wellplate_16300ul_Fb"": {"
survey_data	plr-sema/data/derived_contracts.json	24212	.json	text	CellTreat_6_wellplate_16300ul_Fb_Lid	celltreat_6_wellplate_16300uL_Fb_lid	medium	"""CellTreat_6_wellplate_16300ul_Fb_Lid"": {"
survey_data	plr-sema/data/derived_contracts.json	24219	.json	text	CellTreat_96_wellplate_350ul_Fb	celltreat_96_wellplate_350uL_Fb	medium	"""CellTreat_96_wellplate_350ul_Fb"": {"
survey_data	plr-sema/data/derived_contracts.json	24226	.json	text	CellTreat_96_wellplate_350ul_Ub	celltreat_96_wellplate_350uL_Ub	medium	"""CellTreat_96_wellplate_350ul_Ub"": {"
survey_data	plr-sema/data/derived_contracts.json	24237	.json	text	CellTreat_96_wellplate_350ul_Ub_Lid	celltreat_96_wellplate_350uL_Ub_lid	medium	"""CellTreat_96_wellplate_350ul_Ub_Lid"": {"
survey_data	plr-sema/data/derived_contracts.json	24244	.json	text	CellVis_24_wellplate_3600uL_Fb	cellvis_24_wellplate_3600uL_Fb	medium	"""CellVis_24_wellplate_3600uL_Fb"": {"
survey_data	plr-sema/data/derived_contracts.json	24255	.json	text	CellVis_24_wellplate_3600uL_Fb_Lid	cellvis_24_wellplate_3600uL_Fb_lid	medium	"""CellVis_24_wellplate_3600uL_Fb_Lid"": {"
survey_data	plr-sema/data/derived_contracts.json	24262	.json	text	CellVis_96_wellplate_350uL_Fb	cellvis_96_wellplate_350uL_Fb	medium	"""CellVis_96_wellplate_350uL_Fb"": {"
survey_data	plr-sema/data/derived_contracts.json	24273	.json	text	CellVis_96_wellplate_350uL_Fb_Lid	cellvis_96_wellplate_350uL_Fb_lid	medium	"""CellVis_96_wellplate_350uL_Fb_Lid"": {"
survey_data	plr-sema/data/derived_contracts.json	29334	.json	text	Cor_96_wellplate_2mL_Vb	cor_96_wellplate_2mL_Vb	medium	"""Cor_96_wellplate_2mL_Vb"": {"
survey_data	plr-sema/data/derived_contracts.json	29345	.json	text	Cor_96_wellplate_360ul_Fb	cor_96_wellplate_360uL_Fb	medium	"""Cor_96_wellplate_360ul_Fb"": {"
survey_data	plr-sema/data/derived_contracts.json	29356	.json	text	Cor_96_wellplate_360ul_Fb_Lid	cor_96_wellplate_360uL_Fb_lid	medium	"""Cor_96_wellplate_360ul_Fb_Lid"": {"
survey_data	plr-sema/data/derived_contracts.json	29363	.json	text	Cor_Axy_24_wellplate_10mL_Vb	cor_axy_24_wellplate_10mL_Vb	medium	"""Cor_Axy_24_wellplate_10mL_Vb"": {"
survey_data	plr-sema/data/derived_contracts.json	29374	.json	text	Cor_Axy_96_wellplate_500uL_Ub	cor_axy_96_wellplate_500uL_Ub	medium	"""Cor_Axy_96_wellplate_500uL_Ub"": {"
survey_data	plr-sema/data/derived_contracts.json	29385	.json	text	Cor_Cos_12_wellplate_6900ul_Fb	cor_cos_12_wellplate_6900uL_Fb	medium	"""Cor_Cos_12_wellplate_6900ul_Fb"": {"
survey_data	plr-sema/data/derived_contracts.json	29396	.json	text	Cor_Cos_24_wellplate_3470ul_Fb	cor_cos_24_wellplate_3470uL_Fb	medium	"""Cor_Cos_24_wellplate_3470ul_Fb"": {"
survey_data	plr-sema/data/derived_contracts.json	29407	.json	text	Cor_Cos_48_wellplate_1620ul_Fb	cor_cos_48_wellplate_1620uL_Fb	medium	"""Cor_Cos_48_wellplate_1620ul_Fb"": {"
survey_data	plr-sema/data/derived_contracts.json	29418	.json	text	Cor_Cos_6_wellplate_16800ul_Fb	cor_cos_6_wellplate_16800uL_Fb	medium	"""Cor_Cos_6_wellplate_16800ul_Fb"": {"
survey_data	plr-sema/data/derived_contracts.json	29429	.json	text	Cor_Cos_6_wellplate_16800ul_Fb_Lid	cor_cos_6_wellplate_16800uL_Fb_lid	medium	"""Cor_Cos_6_wellplate_16800ul_Fb_Lid"": {"
survey_data	plr-sema/data/derived_contracts.json	29436	.json	text	Cor_Falcon_96_wellplate_250ul_Rb	cor_falcon_96_wellplate_250uL_Rb	medium	"""Cor_Falcon_96_wellplate_250ul_Rb"": {"
survey_data	plr-sema/data/derived_contracts.json	29447	.json	text	Cor_Falcon_96_wellplate_275ul_Fb	cor_falcon_96_wellplate_275uL_Fb	medium	"""Cor_Falcon_96_wellplate_275ul_Fb"": {"
survey_data	plr-sema/data/derived_contracts.json	29458	.json	text	Cor_Falcon_96_wellplate_340ul_Fb_Black	cor_falcon_96_wellplate_340uL_Fb_black	medium	"""Cor_Falcon_96_wellplate_340ul_Fb_Black"": {"
survey_data	plr-sema/data/derived_contracts.json	29469	.json	text	Cor_Falcon_tube_14mL_Rb	cor_falcon_tube_14mL_Rb	medium	"""Cor_Falcon_tube_14mL_Rb"": {"
survey_data	plr-sema/data/derived_contracts.json	29476	.json	text	Cor_Falcon_tube_15mL_Vb	cor_falcon_tube_15mL_Vb	medium	"""Cor_Falcon_tube_15mL_Vb"": {"
survey_data	plr-sema/data/derived_contracts.json	29483	.json	text	Cor_Falcon_tube_50mL_Vb	cor_falcon_tube_50mL_Vb	medium	"""Cor_Falcon_tube_50mL_Vb"": {"
survey_data	plr-sema/data/derived_contracts.json	88651	.json	text	Eppendorf_DNA_LoBind_1_5ml_Vb	eppendorf_tube_1500uL_Vb	medium	"""Eppendorf_DNA_LoBind_1_5ml_Vb"": {"
survey_data	plr-sema/data/derived_contracts.json	88655	.json	text	Eppendorf_DNA_LoBind_1_5ml_Vb	eppendorf_tube_1500uL_Vb	medium	"""model"": ""Eppendorf_DNA_LoBind_1_5ml_Vb"""
survey_data	plr-sema/data/derived_contracts.json	88669	.json	text	Eppendorf_Protein_LoBind_1_5ml_Vb	eppendorf_tube_1500uL_Vb	medium	"""Eppendorf_Protein_LoBind_1_5ml_Vb"": {"
survey_data	plr-sema/data/derived_contracts.json	128708	.json	text	rails_to_location	track_to_location	medium	"o_location is HamiltonDeck.track_to_location and type(self).rails_to_location is HamiltonDeck.rails_to_location"","
survey_data	plr-sema/data/derived_contracts.json	128708	.json	text	rails_to_location	track_to_location	medium	"o_location and type(self).rails_to_location is HamiltonDeck.rails_to_location"","
survey_data	plr-sema/data/derived_contracts.json	128723	.json	text	rails_to_location	track_to_location	medium	"""text"": ""type(self).rails_to_location is HamiltonDeck.rails_to_location"""
survey_data	plr-sema/data/derived_contracts.json	128723	.json	text	rails_to_location	track_to_location	medium	"""text"": ""type(self).rails_to_location is HamiltonDeck.rails_to_location"""
survey_data	plr-sema/data/derived_contracts.json	128730	.json	text	rails_to_location	track_to_location	medium	"o_location is HamiltonDeck.track_to_location and type(self).rails_to_location is HamiltonDeck.rails_to_location"""
survey_data	plr-sema/data/derived_contracts.json	128730	.json	text	rails_to_location	track_to_location	medium	"o_location and type(self).rails_to_location is HamiltonDeck.rails_to_location"""
survey_data	plr-sema/data/derived_contracts.json	128798	.json	text	num_rails	num_tracks	medium	"""condition"": ""num_rails is not None"","
survey_data	plr-sema/data/derived_contracts.json	128806	.json	text	num_rails	num_tracks	medium	"""name"": ""num_rails"","
survey_data	plr-sema/data/derived_contracts.json	128813	.json	text	num_rails	num_tracks	medium	"""if num_rails is not None"","
survey_data	plr-sema/data/derived_contracts.json	128830	.json	text	num_rails	num_tracks	medium	"""condition"": ""num_rails is None"","
survey_data	plr-sema/data/derived_contracts.json	128838	.json	text	num_rails	num_tracks	medium	"""name"": ""num_rails"","
survey_data	plr-sema/data/derived_contracts.json	128845	.json	text	num_rails	num_tracks	medium	"""if num_rails is None"""
survey_data	plr-sema/data/derived_contracts.json	128858	.json	text	num_rails	num_tracks	medium	"""num_rails"": null,"
survey_data	plr-sema/data/derived_contracts.json	128873	.json	text	num_rails	num_tracks	medium	"""num_rails"","
survey_data	plr-sema/data/derived_contracts.json	130735	.json	text	num_rails	num_tracks	medium	"""HamiltonDeck.num_rails"": {"
survey_data	plr-sema/data/derived_contracts.json	130742	.json	text	rails_to_location	track_to_location	medium	"""HamiltonDeck.rails_to_location"": {"
survey_data	plr-sema/data/derived_contracts.json	132754	.json	text	num_rails	num_tracks	medium	"""num_rails"": null,"
survey_data	plr-sema/data/derived_contracts.json	132760	.json	text	with_teaching_rack	with_teaching_needle_rack	medium	"""with_teaching_rack"": null,"
survey_data	plr-sema/data/derived_contracts.json	132780	.json	text	num_rails	num_tracks	medium	"""num_rails"","
survey_data	plr-sema/data/derived_contracts.json	132781	.json	text	with_teaching_rack	with_teaching_needle_rack	medium	"""with_teaching_rack"""
survey_data	plr-sema/data/derived_contracts.json	140278	.json	text	Hamilton_1_trough_200ml_Vb	hamilton_1_trough_200mL_Vb	medium	"""Hamilton_1_trough_200ml_Vb"": {"
survey_data	plr-sema/data/derived_contracts.json	140292	.json	text	Hamilton_MFX_plateholder_DWP_metal_tapped	hamilton_mfx_plateholder_DWP_metal_tapped	medium	"""Hamilton_MFX_plateholder_DWP_metal_tapped"": {"
survey_data	plr-sema/data/derived_contracts.json	193591	.json	text	TipTracker	pylabrobot.legacy.tip_tracker.TipTracker (or tree: TipSpot.tip)	medium	"""qualname"": ""TipTracker.get_tip"""
survey_data	plr-sema/data/derived_contracts.json	195572	.json	text	TipTracker	pylabrobot.legacy.tip_tracker.TipTracker (or tree: TipSpot.tip)	medium	"""qualname"": ""TipTracker.remove_tip"""
survey_data	plr-sema/data/derived_contracts.json	195590	.json	text	TipTracker	pylabrobot.legacy.tip_tracker.TipTracker (or tree: TipSpot.tip)	medium	"""qualname"": ""TipTracker.remove_tip"""
survey_data	plr-sema/data/derived_contracts.json	195606	.json	text	TipTracker	pylabrobot.legacy.tip_tracker.TipTracker (or tree: TipSpot.tip)	medium	"""qualname"": ""TipTracker.add_tip"""
survey_data	plr-sema/data/derived_contracts.json	195624	.json	text	TipTracker	pylabrobot.legacy.tip_tracker.TipTracker (or tree: TipSpot.tip)	medium	"""qualname"": ""TipTracker.add_tip"""
survey_data	plr-sema/data/derived_contracts.json	196567	.json	text	TipTracker	pylabrobot.legacy.tip_tracker.TipTracker (or tree: TipSpot.tip)	medium	"""qualname"": ""TipTracker.add_tip"""
survey_data	plr-sema/data/derived_contracts.json	196585	.json	text	TipTracker	pylabrobot.legacy.tip_tracker.TipTracker (or tree: TipSpot.tip)	medium	"""qualname"": ""TipTracker.add_tip"""
survey_data	plr-sema/data/derived_contracts.json	196603	.json	text	TipTracker	pylabrobot.legacy.tip_tracker.TipTracker (or tree: TipSpot.tip)	medium	"""qualname"": ""TipTracker.get_tip"""
survey_data	plr-sema/data/derived_contracts.json	196619	.json	text	TipTracker	pylabrobot.legacy.tip_tracker.TipTracker (or tree: TipSpot.tip)	medium	"""qualname"": ""TipTracker.remove_tip"""
survey_data	plr-sema/data/derived_contracts.json	196637	.json	text	TipTracker	pylabrobot.legacy.tip_tracker.TipTracker (or tree: TipSpot.tip)	medium	"""qualname"": ""TipTracker.remove_tip"""
survey_data	plr-sema/data/derived_contracts.json	198569	.json	text	TipTracker	pylabrobot.legacy.tip_tracker.TipTracker (or tree: TipSpot.tip)	medium	"""qualname"": ""TipTracker.get_tip"""
survey_data	plr-sema/data/derived_contracts.json	198585	.json	text	TipTracker	pylabrobot.legacy.tip_tracker.TipTracker (or tree: TipSpot.tip)	medium	"""qualname"": ""TipTracker.remove_tip"""
survey_data	plr-sema/data/derived_contracts.json	198603	.json	text	TipTracker	pylabrobot.legacy.tip_tracker.TipTracker (or tree: TipSpot.tip)	medium	"""qualname"": ""TipTracker.remove_tip"""
survey_data	plr-sema/data/derived_contracts.json	201364	.json	text	TipTracker	pylabrobot.legacy.tip_tracker.TipTracker (or tree: TipSpot.tip)	medium	"""qualname"": ""TipTracker.get_tip"""
survey_data	plr-sema/data/derived_contracts.json	204528	.json	text	TipTracker	pylabrobot.legacy.tip_tracker.TipTracker (or tree: TipSpot.tip)	medium	"""qualname"": ""TipTracker.get_tip"""
survey_data	plr-sema/data/derived_contracts.json	204544	.json	text	TipTracker	pylabrobot.legacy.tip_tracker.TipTracker (or tree: TipSpot.tip)	medium	"""qualname"": ""TipTracker.remove_tip"""
survey_data	plr-sema/data/derived_contracts.json	204562	.json	text	TipTracker	pylabrobot.legacy.tip_tracker.TipTracker (or tree: TipSpot.tip)	medium	"""qualname"": ""TipTracker.remove_tip"""
survey_data	plr-sema/data/derived_contracts.json	212476	.json	text	TipTracker	pylabrobot.legacy.tip_tracker.TipTracker (or tree: TipSpot.tip)	medium	"""qualname"": ""TipTracker.add_tip"""
survey_data	plr-sema/data/derived_contracts.json	212494	.json	text	TipTracker	pylabrobot.legacy.tip_tracker.TipTracker (or tree: TipSpot.tip)	medium	"""qualname"": ""TipTracker.add_tip"""
survey_data	plr-sema/data/derived_contracts.json	212512	.json	text	TipTracker	pylabrobot.legacy.tip_tracker.TipTracker (or tree: TipSpot.tip)	medium	"""qualname"": ""TipTracker.get_tip"""
survey_data	plr-sema/data/derived_contracts.json	212528	.json	text	TipTracker	pylabrobot.legacy.tip_tracker.TipTracker (or tree: TipSpot.tip)	medium	"""qualname"": ""TipTracker.remove_tip"""
survey_data	plr-sema/data/derived_contracts.json	212546	.json	text	TipTracker	pylabrobot.legacy.tip_tracker.TipTracker (or tree: TipSpot.tip)	medium	"""qualname"": ""TipTracker.remove_tip"""
survey_data	plr-sema/data/derived_contracts.json	215626	.json	text	TipTracker	pylabrobot.legacy.tip_tracker.TipTracker (or tree: TipSpot.tip)	medium	"""qualname"": ""TipTracker.add_tip"""
survey_data	plr-sema/data/derived_contracts.json	215644	.json	text	TipTracker	pylabrobot.legacy.tip_tracker.TipTracker (or tree: TipSpot.tip)	medium	"""qualname"": ""TipTracker.add_tip"""
survey_data	plr-sema/data/derived_contracts.json	218436	.json	text	TipTracker	pylabrobot.legacy.tip_tracker.TipTracker (or tree: TipSpot.tip)	medium	"""qualname"": ""TipTracker.add_tip"""
survey_data	plr-sema/data/derived_contracts.json	218454	.json	text	TipTracker	pylabrobot.legacy.tip_tracker.TipTracker (or tree: TipSpot.tip)	medium	"""qualname"": ""TipTracker.add_tip"""
survey_data	plr-sema/data/derived_contracts.json	218472	.json	text	TipTracker	pylabrobot.legacy.tip_tracker.TipTracker (or tree: TipSpot.tip)	medium	"""qualname"": ""TipTracker.get_tip"""
survey_data	plr-sema/data/derived_contracts.json	218488	.json	text	TipTracker	pylabrobot.legacy.tip_tracker.TipTracker (or tree: TipSpot.tip)	medium	"""qualname"": ""TipTracker.remove_tip"""
survey_data	plr-sema/data/derived_contracts.json	218506	.json	text	TipTracker	pylabrobot.legacy.tip_tracker.TipTracker (or tree: TipSpot.tip)	medium	"""qualname"": ""TipTracker.remove_tip"""
survey_data	plr-sema/data/derived_contracts.json	220419	.json	text	TipTracker	pylabrobot.legacy.tip_tracker.TipTracker (or tree: TipSpot.tip)	medium	"""qualname"": ""TipTracker.add_tip"""
survey_data	plr-sema/data/derived_contracts.json	220437	.json	text	TipTracker	pylabrobot.legacy.tip_tracker.TipTracker (or tree: TipSpot.tip)	medium	"""qualname"": ""TipTracker.add_tip"""
survey_data	plr-sema/data/derived_contracts.json	220455	.json	text	TipTracker	pylabrobot.legacy.tip_tracker.TipTracker (or tree: TipSpot.tip)	medium	"""qualname"": ""TipTracker.get_tip"""
survey_data	plr-sema/data/derived_contracts.json	220471	.json	text	TipTracker	pylabrobot.legacy.tip_tracker.TipTracker (or tree: TipSpot.tip)	medium	"""qualname"": ""TipTracker.remove_tip"""
survey_data	plr-sema/data/derived_contracts.json	220489	.json	text	TipTracker	pylabrobot.legacy.tip_tracker.TipTracker (or tree: TipSpot.tip)	medium	"""qualname"": ""TipTracker.remove_tip"""
survey_data	plr-sema/data/derived_contracts.json	222402	.json	text	TipTracker	pylabrobot.legacy.tip_tracker.TipTracker (or tree: TipSpot.tip)	medium	"""qualname"": ""TipTracker.get_tip"""
survey_data	plr-sema/data/derived_contracts.json	222418	.json	text	TipTracker	pylabrobot.legacy.tip_tracker.TipTracker (or tree: TipSpot.tip)	medium	"""qualname"": ""TipTracker.remove_tip"""
survey_data	plr-sema/data/derived_contracts.json	222436	.json	text	TipTracker	pylabrobot.legacy.tip_tracker.TipTracker (or tree: TipSpot.tip)	medium	"""qualname"": ""TipTracker.remove_tip"""
survey_data	plr-sema/data/derived_contracts.json	227099	.json	text	TipTracker	pylabrobot.legacy.tip_tracker.TipTracker (or tree: TipSpot.tip)	medium	"""qualname"": ""TipTracker.get_tip"""
survey_data	plr-sema/data/derived_contracts.json	227995	.json	text	TipTracker	pylabrobot.legacy.tip_tracker.TipTracker (or tree: TipSpot.tip)	medium	"""qualname"": ""TipTracker.remove_tip"""
survey_data	plr-sema/data/derived_contracts.json	228013	.json	text	TipTracker	pylabrobot.legacy.tip_tracker.TipTracker (or tree: TipSpot.tip)	medium	"""qualname"": ""TipTracker.remove_tip"""
survey_data	plr-sema/data/derived_contracts.json	228029	.json	text	TipTracker	pylabrobot.legacy.tip_tracker.TipTracker (or tree: TipSpot.tip)	medium	"""qualname"": ""TipTracker.add_tip"""
survey_data	plr-sema/data/derived_contracts.json	228047	.json	text	TipTracker	pylabrobot.legacy.tip_tracker.TipTracker (or tree: TipSpot.tip)	medium	"""qualname"": ""TipTracker.add_tip"""
survey_data	plr-sema/data/derived_contracts.json	228995	.json	text	TipTracker	pylabrobot.legacy.tip_tracker.TipTracker (or tree: TipSpot.tip)	medium	"""qualname"": ""TipTracker.get_tip"""
survey_data	plr-sema/data/derived_contracts.json	229011	.json	text	TipTracker	pylabrobot.legacy.tip_tracker.TipTracker (or tree: TipSpot.tip)	medium	"""qualname"": ""TipTracker.remove_tip"""
survey_data	plr-sema/data/derived_contracts.json	229029	.json	text	TipTracker	pylabrobot.legacy.tip_tracker.TipTracker (or tree: TipSpot.tip)	medium	"""qualname"": ""TipTracker.remove_tip"""
survey_data	plr-sema/data/derived_contracts.json	229045	.json	text	TipTracker	pylabrobot.legacy.tip_tracker.TipTracker (or tree: TipSpot.tip)	medium	"""qualname"": ""TipTracker.add_tip"""
survey_data	plr-sema/data/derived_contracts.json	229063	.json	text	TipTracker	pylabrobot.legacy.tip_tracker.TipTracker (or tree: TipSpot.tip)	medium	"""qualname"": ""TipTracker.add_tip"""
survey_data	plr-sema/data/derived_contracts.json	231304	.json	text	MFX_CAR_L5_base	hamilton_mfx_carrier_L5_base	medium	"""MFX_CAR_L5_base"": {"
survey_data	plr-sema/data/derived_contracts.json	231364	.json	text	MFX_DWP_rackbased_module	hamilton_mfx_plateholder_DWP_flat	medium	"""MFX_DWP_rackbased_module"": {"
survey_data	plr-sema/data/derived_contracts.json	231371	.json	text	MFX_TIP_module	hamilton_mfx_tiprackholder_standard	medium	"""MFX_TIP_module"": {"
survey_data	plr-sema/data/derived_contracts.json	280799	.json	text	NestedTipRack	StandingTipRack	medium	"""NestedTipRack.__init__"": {"
survey_data	plr-sema/data/derived_contracts.json	280827	.json	text	NestedTipRack	StandingTipRack	medium	"""NestedTipRack.assign_child_resource"": {"
survey_data	plr-sema/data/derived_contracts.json	280856	.json	text	NestedTipRack	StandingTipRack	medium	"""else of: if isinstance(resource, NestedTipRack)"""
survey_data	plr-sema/data/derived_contracts.json	280861	.json	text	NestedTipRack	StandingTipRack	medium	"""qualname"": ""NestedTipRack.assign_child_resource"""
survey_data	plr-sema/data/derived_contracts.json	292947	.json	text	num_rails	num_tracks	medium	"""num_rails"": 30,"
survey_data	plr-sema/data/derived_contracts.json	292958	.json	text	num_rails	num_tracks	medium	"""num_rails"","
survey_data	plr-sema/data/derived_contracts.json	293521	.json	text	num_rails	num_tracks	medium	"""num_rails"": null,"
survey_data	plr-sema/data/derived_contracts.json	293538	.json	text	num_rails	num_tracks	medium	"""num_rails"","
survey_data	plr-sema/data/derived_contracts.json	303566	.json	text	PLT_CAR_L5AC_A00	hamilton_plate_carrier_L5_ac	medium	"""PLT_CAR_L5AC_A00"": {"
survey_data	plr-sema/data/derived_contracts.json	345410	.json	text	set_well_liquids	set_well_volumes	medium	"""Plate.set_well_liquids"": {"
survey_data	plr-sema/data/derived_contracts.json	345421	.json	text	set_well_liquids	set_well_volumes	medium	"""caller_qualname"": ""Plate.set_well_liquids"","
survey_data	plr-sema/data/derived_contracts.json	493646	.json	text	with_teaching_rack	with_teaching_needle_rack	medium	"""with_teaching_rack"": null,"
survey_data	plr-sema/data/derived_contracts.json	493657	.json	text	with_teaching_rack	with_teaching_needle_rack	medium	"""with_teaching_rack"""
survey_data	plr-sema/data/derived_contracts.json	496867	.json	text	with_teaching_rack	with_teaching_needle_rack	medium	"""with_teaching_rack"": null,"
survey_data	plr-sema/data/derived_contracts.json	496878	.json	text	with_teaching_rack	with_teaching_needle_rack	medium	"""with_teaching_rack"""
survey_data	plr-sema/data/derived_contracts.json	496931	.json	text	with_teaching_rack	with_teaching_needle_rack	medium	"""with_teaching_rack"": null,"
survey_data	plr-sema/data/derived_contracts.json	496942	.json	text	with_teaching_rack	with_teaching_needle_rack	medium	"""with_teaching_rack"""
survey_data	plr-sema/data/derived_contracts.json	507514	.json	text	TIP_CAR_480	hamilton_tip_carrier_L5	medium	"""TIP_CAR_480"": {"
survey_data	plr-sema/data/derived_contracts.json	507521	.json	text	TIP_CAR_480BC_A00	hamilton_tip_carrier_L5	medium	"""TIP_CAR_480BC_A00"": {"
survey_data	plr-sema/data/derived_contracts.json	507528	.json	text	TIP_CAR_480_A00	hamilton_tip_carrier_L5	medium	"""TIP_CAR_480_A00"": {"
survey_data	plr-sema/data/derived_contracts.json	507563	.json	text	TIP_CAR_NTR_A00	hamilton_tip_carrier_L5_ntr_a00	medium	"""TIP_CAR_NTR_A00"": {"
survey_data	plr-sema/data/derived_contracts.json	507603	.json	text	num_rails	num_tracks	medium	"""condition"": ""rails is not None and (not 1 <= rails <= self.num_rails)"","
survey_data	plr-sema/data/derived_contracts.json	507649	.json	text	num_rails	num_tracks	medium	"""num_rails"""
survey_data	plr-sema/data/derived_contracts.json	507661	.json	text	num_rails	num_tracks	medium	"""if rails is not None and (not 1 <= rails <= self.num_rails)"""
survey_data	plr-sema/data/derived_contracts.json	508104	.json	text	num_rails	num_tracks	medium	"""num_rails"","
survey_data	plr-sema/data/derived_contracts.json	508181	.json	text	num_rails	num_tracks	medium	"""condition"": ""rails is not None and (not 1 <= rails <= self.num_rails)"","
survey_data	plr-sema/data/derived_contracts.json	508227	.json	text	num_rails	num_tracks	medium	"""num_rails"""
survey_data	plr-sema/data/derived_contracts.json	508239	.json	text	num_rails	num_tracks	medium	"""if rails is not None and (not 1 <= rails <= self.num_rails)"""
survey_data	plr-sema/data/derived_contracts.json	521746	.json	text	disable_tip_trackers	disable_tip_tracking	medium	"""TipRack.disable_tip_trackers"": {"
survey_data	plr-sema/data/derived_contracts.json	522100	.json	text	enable_tip_trackers	enable_tip_tracking	medium	"""TipRack.enable_tip_trackers"": {"
survey_data	plr-sema/data/derived_contracts.json	523317	.json	text	TipTracker	pylabrobot.legacy.tip_tracker.TipTracker (or tree: TipSpot.tip)	medium	"""TipTracker.__init__"": {"
survey_data	plr-sema/data/derived_contracts.json	523329	.json	text	TipTracker	pylabrobot.legacy.tip_tracker.TipTracker (or tree: TipSpot.tip)	medium	"""TipTracker.__repr__"": {"
survey_data	plr-sema/data/derived_contracts.json	523336	.json	text	TipTracker	pylabrobot.legacy.tip_tracker.TipTracker (or tree: TipSpot.tip)	medium	"""TipTracker._hold"": {"
survey_data	plr-sema/data/derived_contracts.json	523344	.json	text	TipTracker	pylabrobot.legacy.tip_tracker.TipTracker (or tree: TipSpot.tip)	medium	"""TipTracker._holder"": {"
survey_data	plr-sema/data/derived_contracts.json	523356	.json	text	TipTracker	pylabrobot.legacy.tip_tracker.TipTracker (or tree: TipSpot.tip)	medium	"""TipTracker._pending_tip"": {"
survey_data	plr-sema/data/derived_contracts.json	523363	.json	text	TipTracker	pylabrobot.legacy.tip_tracker.TipTracker (or tree: TipSpot.tip)	medium	"""TipTracker._put"": {"
survey_data	plr-sema/data/derived_contracts.json	523371	.json	text	TipTracker	pylabrobot.legacy.tip_tracker.TipTracker (or tree: TipSpot.tip)	medium	"""TipTracker._tip@pylabrobot.legacy.tip_tracker:64"": {"
survey_data	plr-sema/data/derived_contracts.json	523378	.json	text	TipTracker	pylabrobot.legacy.tip_tracker.TipTracker (or tree: TipSpot.tip)	medium	"""TipTracker._tip@pylabrobot.legacy.tip_tracker:71"": {"
survey_data	plr-sema/data/derived_contracts.json	523386	.json	text	TipTracker	pylabrobot.legacy.tip_tracker.TipTracker (or tree: TipSpot.tip)	medium	"""TipTracker.add_tip"": {"
survey_data	plr-sema/data/derived_contracts.json	523422	.json	text	TipTracker	pylabrobot.legacy.tip_tracker.TipTracker (or tree: TipSpot.tip)	medium	"""qualname"": ""TipTracker.add_tip"""
survey_data	plr-sema/data/derived_contracts.json	523459	.json	text	TipTracker	pylabrobot.legacy.tip_tracker.TipTracker (or tree: TipSpot.tip)	medium	"""qualname"": ""TipTracker.add_tip"""
survey_data	plr-sema/data/derived_contracts.json	523474	.json	text	TipTracker	pylabrobot.legacy.tip_tracker.TipTracker (or tree: TipSpot.tip)	medium	"""TipTracker.clear"": {"
survey_data	plr-sema/data/derived_contracts.json	523481	.json	text	TipTracker	pylabrobot.legacy.tip_tracker.TipTracker (or tree: TipSpot.tip)	medium	"""TipTracker.commit"": {"
survey_data	plr-sema/data/derived_contracts.json	523493	.json	text	TipTracker	pylabrobot.legacy.tip_tracker.TipTracker (or tree: TipSpot.tip)	medium	"""TipTracker.disable"": {"
survey_data	plr-sema/data/derived_contracts.json	523500	.json	text	TipTracker	pylabrobot.legacy.tip_tracker.TipTracker (or tree: TipSpot.tip)	medium	"""TipTracker.enable"": {"
survey_data	plr-sema/data/derived_contracts.json	523507	.json	text	TipTracker	pylabrobot.legacy.tip_tracker.TipTracker (or tree: TipSpot.tip)	medium	"""TipTracker.get_tip"": {"
survey_data	plr-sema/data/derived_contracts.json	523544	.json	text	TipTracker	pylabrobot.legacy.tip_tracker.TipTracker (or tree: TipSpot.tip)	medium	"""qualname"": ""TipTracker.get_tip"""
survey_data	plr-sema/data/derived_contracts.json	523552	.json	text	TipTracker	pylabrobot.legacy.tip_tracker.TipTracker (or tree: TipSpot.tip)	medium	"""TipTracker.get_tip_origin"": {"
survey_data	plr-sema/data/derived_contracts.json	523559	.json	text	TipTracker	pylabrobot.legacy.tip_tracker.TipTracker (or tree: TipSpot.tip)	medium	"""TipTracker.has_tip"": {"
survey_data	plr-sema/data/derived_contracts.json	523566	.json	text	TipTracker	pylabrobot.legacy.tip_tracker.TipTracker (or tree: TipSpot.tip)	medium	"""TipTracker.is_disabled"": {"
survey_data	plr-sema/data/derived_contracts.json	523573	.json	text	TipTracker	pylabrobot.legacy.tip_tracker.TipTracker (or tree: TipSpot.tip)	medium	"""TipTracker.load_state"": {"
survey_data	plr-sema/data/derived_contracts.json	523581	.json	text	TipTracker	pylabrobot.legacy.tip_tracker.TipTracker (or tree: TipSpot.tip)	medium	"""TipTracker.register_callback"": {"
survey_data	plr-sema/data/derived_contracts.json	523589	.json	text	TipTracker	pylabrobot.legacy.tip_tracker.TipTracker (or tree: TipSpot.tip)	medium	"""TipTracker.remove_tip"": {"
survey_data	plr-sema/data/derived_contracts.json	523625	.json	text	TipTracker	pylabrobot.legacy.tip_tracker.TipTracker (or tree: TipSpot.tip)	medium	"""qualname"": ""TipTracker.remove_tip"""
survey_data	plr-sema/data/derived_contracts.json	523662	.json	text	TipTracker	pylabrobot.legacy.tip_tracker.TipTracker (or tree: TipSpot.tip)	medium	"""qualname"": ""TipTracker.remove_tip"""
survey_data	plr-sema/data/derived_contracts.json	523674	.json	text	TipTracker	pylabrobot.legacy.tip_tracker.TipTracker (or tree: TipSpot.tip)	medium	"""TipTracker.rollback"": {"
survey_data	plr-sema/data/derived_contracts.json	523705	.json	text	TipTracker	pylabrobot.legacy.tip_tracker.TipTracker (or tree: TipSpot.tip)	medium	"""qualname"": ""TipTracker.rollback"""
survey_data	plr-sema/data/derived_contracts.json	523713	.json	text	TipTracker	pylabrobot.legacy.tip_tracker.TipTracker (or tree: TipSpot.tip)	medium	"""TipTracker.serialize"": {"
survey_data	plr-sema/data/derived_contracts.json	524134	.json	text	Tube_CAR_32_A00	hamilton_tube_carrier_32_a00_insert_eppendorf_1_5mL	medium	"""Tube_CAR_32_A00"": {"
survey_data	plr-sema/data/derived_contracts.json	614557	.json	text	num_rails	num_tracks	medium	"""condition"": ""num_rails is not None"","
survey_data	plr-sema/data/derived_contracts.json	614565	.json	text	num_rails	num_tracks	medium	"""name"": ""num_rails"","
survey_data	plr-sema/data/derived_contracts.json	614572	.json	text	num_rails	num_tracks	medium	"""if num_rails is not None"","
survey_data	plr-sema/data/derived_contracts.json	614589	.json	text	num_rails	num_tracks	medium	"""condition"": ""num_rails is None"","
survey_data	plr-sema/data/derived_contracts.json	614597	.json	text	num_rails	num_tracks	medium	"""name"": ""num_rails"","
survey_data	plr-sema/data/derived_contracts.json	614604	.json	text	num_rails	num_tracks	medium	"""if num_rails is None"""
survey_data	plr-sema/data/derived_contracts.json	614615	.json	text	num_rails	num_tracks	medium	"""num_rails"""
survey_data	plr-sema/data/derived_contracts.json	615072	.json	text	agilent_96_wellplate_150uL_Ub	agilent_96_wellplate_150uL_Vb	medium	"""agilent_96_wellplate_150uL_Ub"": {"
survey_data	plr-sema/data/derived_contracts.json	616232	.json	text	celltreat_15000ul_centrifuge_tube_Vb	celltreat_tube_15mL_Vb	medium	"""celltreat_15000ul_centrifuge_tube_Vb"": {"
survey_data	plr-sema/data/derived_contracts.json	619306	.json	text	fifty_ul_tip_no_filter	hamilton_tip_50uL	medium	"""fifty_ul_tip_no_filter"": {"
survey_data	plr-sema/data/derived_contracts.json	619313	.json	text	fifty_ul_tip_with_filter	hamilton_tip_50uL_filter	medium	"""fifty_ul_tip_with_filter"": {"
survey_data	plr-sema/data/derived_contracts.json	619445	.json	text	five_ml_tip	hamilton_tip_5000uL	medium	"""five_ml_tip"": {"
survey_data	plr-sema/data/derived_contracts.json	619452	.json	text	five_ml_tip_with_filter	hamilton_tip_5000uL_filter	medium	"""five_ml_tip_with_filter"": {"
survey_data	plr-sema/data/derived_contracts.json	619507	.json	text	four_ml_tip_with_filter	hamilton_tip_4000uL_filter	medium	"""four_ml_tip_with_filter"": {"
survey_data	plr-sema/data/derived_contracts.json	620847	.json	text	hamilton_1_trough_200ml_Vb	hamilton_1_trough_200mL_Vb	medium	"""hamilton_1_trough_200ml_Vb"": {"
survey_data	plr-sema/data/derived_contracts.json	620861	.json	text	hamilton_1_trough_60ml_Vb	hamilton_1_trough_60mL_Vb	medium	"""hamilton_1_trough_60ml_Vb"": {"
survey_data	plr-sema/data/derived_contracts.json	621356	.json	text	hamilton_tiprack_standard	hamilton_96_tiprack_standard	medium	"""hamilton_tiprack_standard"": {"
survey_data	plr-sema/data/derived_contracts.json	621438	.json	text	high_volume_tip_no_filter	hamilton_tip_1000uL	medium	"""high_volume_tip_no_filter"": {"
survey_data	plr-sema/data/derived_contracts.json	621445	.json	text	high_volume_tip_with_filter	hamilton_tip_1000uL_filter	medium	"""high_volume_tip_with_filter"": {"
survey_data	plr-sema/data/derived_contracts.json	632373	.json	text	low_volume_tip_no_filter	hamilton_tip_10uL	medium	"""low_volume_tip_no_filter"": {"
survey_data	plr-sema/data/derived_contracts.json	632380	.json	text	low_volume_tip_with_filter	hamilton_tip_10uL_filter	medium	"""low_volume_tip_with_filter"": {"
survey_data	plr-sema/data/derived_contracts.json	634028	.json	text	prep_core_gripper_mount	prep_core_gripper_holder	medium	"""prep_core_gripper_mount"": {"
survey_data	plr-sema/data/derived_contracts.json	634545	.json	text	rails_for_x_coordinate	track_for_x_coordinate	medium	"""rails_for_x_coordinate"": {"
survey_data	plr-sema/data/derived_contracts.json	634926	.json	text	slim_standard_volume_tip_with_filter	hamilton_tip_300uL_filter_slim	medium	"""slim_standard_volume_tip_with_filter"": {"
survey_data	plr-sema/data/derived_contracts.json	635192	.json	text	standard_volume_tip_no_filter	hamilton_tip_300uL	medium	"""standard_volume_tip_no_filter"": {"
survey_data	plr-sema/data/derived_contracts.json	635199	.json	text	standard_volume_tip_with_filter	hamilton_tip_300uL_filter	medium	"""standard_volume_tip_with_filter"": {"
survey_data	plr-sema/data/derived_contracts.json	635763	.json	text	ultrawide_high_volume_tip_with_filter	hamilton_tip_1000uL_filter_ultrawide	medium	"""ultrawide_high_volume_tip_with_filter"": {"
survey_data	plr-sema/data/derived_contracts.json	635770	.json	text	ultrawide_standard_volume_tip_with_filter	hamilton_tip_300uL_filter_ultrawide	medium	"""ultrawide_standard_volume_tip_with_filter"": {"
survey_data	plr-sema/data/derived_contracts.json	637089	.json	text	wide_high_volume_tip_with_filter	hamilton_tip_1000uL_filter_wide	medium	"""wide_high_volume_tip_with_filter"": {"
survey_data	plr-sema/data/derived_contracts.json	637170	.json	text	TipTracker	pylabrobot.legacy.tip_tracker.TipTracker (or tree: TipSpot.tip)	medium	"""tracker_class"": ""TipTracker"""
survey_data	plr-sema/data/derived_contracts.json	637201	.json	text	TipTracker	pylabrobot.legacy.tip_tracker.TipTracker (or tree: TipSpot.tip)	medium	"""tracker_class"": ""TipTracker"""
survey_data	plr-sema/data/derived_contracts.upstream_nonlegacy.json	998	.json	text	AGenBio_1_troughplate_100000uL_Fl	agenbio_1_troughplate_100mL_Fl	medium	"""AGenBio_1_troughplate_100000uL_Fl"": {"
survey_data	plr-sema/data/derived_contracts.upstream_nonlegacy.json	1002	.json	text	AGenBio_1_troughplate_190000uL_Fl	agenbio_1_troughplate_190mL_Fl	medium	"""AGenBio_1_troughplate_190000uL_Fl"": {"
survey_data	plr-sema/data/derived_contracts.upstream_nonlegacy.json	1006	.json	text	AGenBio_1_wellplate_Fl	AGenBio_1_troughplate_190000uL_Fl	medium	"""AGenBio_1_wellplate_Fl"": {"
survey_data	plr-sema/data/derived_contracts.upstream_nonlegacy.json	1010	.json	text	AGenBio_4_troughplate_75000_Vb	AGenBio_4_troughplate_75000uL_Vb	medium	"""AGenBio_4_troughplate_75000_Vb"": {"
survey_data	plr-sema/data/derived_contracts.upstream_nonlegacy.json	1014	.json	text	AGenBio_4_troughplate_75000uL_Vb	agenbio_4_troughplate_75mL_Vb	medium	"""AGenBio_4_troughplate_75000uL_Vb"": {"
survey_data	plr-sema/data/derived_contracts.upstream_nonlegacy.json	1018	.json	text	AGenBio_96_wellplate_Ub_2200ul	agenbio_96_wellplate_Ub_2200uL	medium	"""AGenBio_96_wellplate_Ub_2200ul"": {"
survey_data	plr-sema/data/derived_contracts.upstream_nonlegacy.json	1440	.json	text	Agilent_2_reservoir_144mL_Vb	agilent_2_reservoir_144mL_Vb	medium	"""Agilent_2_reservoir_144mL_Vb"": {"
survey_data	plr-sema/data/derived_contracts.upstream_nonlegacy.json	1717	.json	text	Alpaqua_96_magnum_flx	alpaqua_96_plateadapter_magnum_flx	medium	"""Alpaqua_96_magnum_flx"": {"
survey_data	plr-sema/data/derived_contracts.upstream_nonlegacy.json	4233	.json	text	Azenta4titudeFrameStar_96_wellplate_200ul_Vb	azenta_96_wellplate_200uL_Vb_4titudeframestar	medium	"""Azenta4titudeFrameStar_96_wellplate_200ul_Vb"": {"
survey_data	plr-sema/data/derived_contracts.upstream_nonlegacy.json	4237	.json	text	BTX_96_wellplate_125ul_Fb_2mm	btx_96_wellplate_125uL_Fb_2mm	medium	"""BTX_96_wellplate_125ul_Fb_2mm"": {"
survey_data	plr-sema/data/derived_contracts.upstream_nonlegacy.json	8970	.json	text	BioER_96_wellplate_Vb_2200uL	bioer_96_wellplate_2200uL_Vb	medium	"""BioER_96_wellplate_Vb_2200uL"": {"
survey_data	plr-sema/data/derived_contracts.upstream_nonlegacy.json	8974	.json	text	BioRad_384_wellplate_50uL_Vb	biorad_384_wellplate_50uL_Vb	medium	"""BioRad_384_wellplate_50uL_Vb"": {"
survey_data	plr-sema/data/derived_contracts.upstream_nonlegacy.json	32803	.json	text	CellTreat_12_troughplate_15000ul_Vb	celltreat_12_troughplate_15mL_Vb	medium	"""CellTreat_12_troughplate_15000ul_Vb"": {"
survey_data	plr-sema/data/derived_contracts.upstream_nonlegacy.json	32807	.json	text	CellTreat_24_wellplate_3300ul_Fb	celltreat_24_wellplate_3300uL_Fb	medium	"""CellTreat_24_wellplate_3300ul_Fb"": {"
survey_data	plr-sema/data/derived_contracts.upstream_nonlegacy.json	32811	.json	text	CellTreat_24_wellplate_3300ul_Fb_Lid	celltreat_24_wellplate_3300uL_Fb_lid	medium	"""CellTreat_24_wellplate_3300ul_Fb_Lid"": {"
survey_data	plr-sema/data/derived_contracts.upstream_nonlegacy.json	32815	.json	text	CellTreat_6_wellplate_16300ul_Fb	celltreat_6_wellplate_16300uL_Fb	medium	"""CellTreat_6_wellplate_16300ul_Fb"": {"
survey_data	plr-sema/data/derived_contracts.upstream_nonlegacy.json	32819	.json	text	CellTreat_6_wellplate_16300ul_Fb_Lid	celltreat_6_wellplate_16300uL_Fb_lid	medium	"""CellTreat_6_wellplate_16300ul_Fb_Lid"": {"
survey_data	plr-sema/data/derived_contracts.upstream_nonlegacy.json	32823	.json	text	CellTreat_96_wellplate_350ul_Fb	celltreat_96_wellplate_350uL_Fb	medium	"""CellTreat_96_wellplate_350ul_Fb"": {"
survey_data	plr-sema/data/derived_contracts.upstream_nonlegacy.json	32827	.json	text	CellTreat_96_wellplate_350ul_Ub	celltreat_96_wellplate_350uL_Ub	medium	"""CellTreat_96_wellplate_350ul_Ub"": {"
survey_data	plr-sema/data/derived_contracts.upstream_nonlegacy.json	32831	.json	text	CellTreat_96_wellplate_350ul_Ub_Lid	celltreat_96_wellplate_350uL_Ub_lid	medium	"""CellTreat_96_wellplate_350ul_Ub_Lid"": {"
survey_data	plr-sema/data/derived_contracts.upstream_nonlegacy.json	32835	.json	text	CellVis_24_wellplate_3600uL_Fb	cellvis_24_wellplate_3600uL_Fb	medium	"""CellVis_24_wellplate_3600uL_Fb"": {"
survey_data	plr-sema/data/derived_contracts.upstream_nonlegacy.json	32839	.json	text	CellVis_24_wellplate_3600uL_Fb_Lid	cellvis_24_wellplate_3600uL_Fb_lid	medium	"""CellVis_24_wellplate_3600uL_Fb_Lid"": {"
survey_data	plr-sema/data/derived_contracts.upstream_nonlegacy.json	32843	.json	text	CellVis_96_wellplate_350uL_Fb	cellvis_96_wellplate_350uL_Fb	medium	"""CellVis_96_wellplate_350uL_Fb"": {"
survey_data	plr-sema/data/derived_contracts.upstream_nonlegacy.json	32847	.json	text	CellVis_96_wellplate_350uL_Fb_Lid	cellvis_96_wellplate_350uL_Fb_lid	medium	"""CellVis_96_wellplate_350uL_Fb_Lid"": {"
survey_data	plr-sema/data/derived_contracts.upstream_nonlegacy.json	34008	.json	text	Cor_96_wellplate_2mL_Vb	cor_96_wellplate_2mL_Vb	medium	"""Cor_96_wellplate_2mL_Vb"": {"
survey_data	plr-sema/data/derived_contracts.upstream_nonlegacy.json	34012	.json	text	Cor_96_wellplate_360ul_Fb	cor_96_wellplate_360uL_Fb	medium	"""Cor_96_wellplate_360ul_Fb"": {"
survey_data	plr-sema/data/derived_contracts.upstream_nonlegacy.json	34016	.json	text	Cor_96_wellplate_360ul_Fb_Lid	cor_96_wellplate_360uL_Fb_lid	medium	"""Cor_96_wellplate_360ul_Fb_Lid"": {"
survey_data	plr-sema/data/derived_contracts.upstream_nonlegacy.json	34020	.json	text	Cor_Axy_24_wellplate_10mL_Vb	cor_axy_24_wellplate_10mL_Vb	medium	"""Cor_Axy_24_wellplate_10mL_Vb"": {"
survey_data	plr-sema/data/derived_contracts.upstream_nonlegacy.json	34024	.json	text	Cor_Axy_96_wellplate_500uL_Ub	cor_axy_96_wellplate_500uL_Ub	medium	"""Cor_Axy_96_wellplate_500uL_Ub"": {"
survey_data	plr-sema/data/derived_contracts.upstream_nonlegacy.json	34028	.json	text	Cor_Cos_12_wellplate_6900ul_Fb	cor_cos_12_wellplate_6900uL_Fb	medium	"""Cor_Cos_12_wellplate_6900ul_Fb"": {"
survey_data	plr-sema/data/derived_contracts.upstream_nonlegacy.json	34032	.json	text	Cor_Cos_24_wellplate_3470ul_Fb	cor_cos_24_wellplate_3470uL_Fb	medium	"""Cor_Cos_24_wellplate_3470ul_Fb"": {"
survey_data	plr-sema/data/derived_contracts.upstream_nonlegacy.json	34036	.json	text	Cor_Cos_48_wellplate_1620ul_Fb	cor_cos_48_wellplate_1620uL_Fb	medium	"""Cor_Cos_48_wellplate_1620ul_Fb"": {"
survey_data	plr-sema/data/derived_contracts.upstream_nonlegacy.json	34040	.json	text	Cor_Cos_6_wellplate_16800ul_Fb	cor_cos_6_wellplate_16800uL_Fb	medium	"""Cor_Cos_6_wellplate_16800ul_Fb"": {"
survey_data	plr-sema/data/derived_contracts.upstream_nonlegacy.json	34044	.json	text	Cor_Cos_6_wellplate_16800ul_Fb_Lid	cor_cos_6_wellplate_16800uL_Fb_lid	medium	"""Cor_Cos_6_wellplate_16800ul_Fb_Lid"": {"
survey_data	plr-sema/data/derived_contracts.upstream_nonlegacy.json	34048	.json	text	Cor_Falcon_96_wellplate_250ul_Rb	cor_falcon_96_wellplate_250uL_Rb	medium	"""Cor_Falcon_96_wellplate_250ul_Rb"": {"
survey_data	plr-sema/data/derived_contracts.upstream_nonlegacy.json	34052	.json	text	Cor_Falcon_96_wellplate_275ul_Fb	cor_falcon_96_wellplate_275uL_Fb	medium	"""Cor_Falcon_96_wellplate_275ul_Fb"": {"
survey_data	plr-sema/data/derived_contracts.upstream_nonlegacy.json	34056	.json	text	Cor_Falcon_96_wellplate_340ul_Fb_Black	cor_falcon_96_wellplate_340uL_Fb_black	medium	"""Cor_Falcon_96_wellplate_340ul_Fb_Black"": {"
survey_data	plr-sema/data/derived_contracts.upstream_nonlegacy.json	34060	.json	text	Cor_Falcon_tube_14mL_Rb	cor_falcon_tube_14mL_Rb	medium	"""Cor_Falcon_tube_14mL_Rb"": {"
survey_data	plr-sema/data/derived_contracts.upstream_nonlegacy.json	34064	.json	text	Cor_Falcon_tube_15mL_Vb	cor_falcon_tube_15mL_Vb	medium	"""Cor_Falcon_tube_15mL_Vb"": {"
survey_data	plr-sema/data/derived_contracts.upstream_nonlegacy.json	34068	.json	text	Cor_Falcon_tube_50mL_Vb	cor_falcon_tube_50mL_Vb	medium	"""Cor_Falcon_tube_50mL_Vb"": {"
survey_data	plr-sema/data/derived_contracts.upstream_nonlegacy.json	42518	.json	text	Eppendorf_DNA_LoBind_1_5ml_Vb	eppendorf_tube_1500uL_Vb	medium	"""Eppendorf_DNA_LoBind_1_5ml_Vb"": {"
survey_data	plr-sema/data/derived_contracts.upstream_nonlegacy.json	42526	.json	text	Eppendorf_Protein_LoBind_1_5ml_Vb	eppendorf_tube_1500uL_Vb	medium	"""Eppendorf_Protein_LoBind_1_5ml_Vb"": {"
survey_data	plr-sema/data/derived_contracts.upstream_nonlegacy.json	50041	.json	text	num_rails	num_tracks	medium	"condition"": ""rails is not None and (not -4 <= rails <= self.num_rails)"","
survey_data	plr-sema/data/derived_contracts.upstream_nonlegacy.json	50049	.json	text	num_rails	num_tracks	medium	"""if rails is not None and (not -4 <= rails <= self.num_rails)"""
survey_data	plr-sema/data/derived_contracts.upstream_nonlegacy.json	50092	.json	text	num_rails	num_tracks	medium	"esource.get_absolute_size_x() > self.rails_to_location(self.num_rails + 1).x and rails is not None"","
survey_data	plr-sema/data/derived_contracts.upstream_nonlegacy.json	50092	.json	text	rails_to_location	track_to_location	medium	"resource_location.x + resource.get_absolute_size_x() > self.rails_to_location(self.num_rails + 1).x and rails is not None"","
survey_data	plr-sema/data/derived_contracts.upstream_nonlegacy.json	50101	.json	text	num_rails	num_tracks	medium	"esource.get_absolute_size_x() > self.rails_to_location(self.num_rails + 1).x and rails is not None"","
survey_data	plr-sema/data/derived_contracts.upstream_nonlegacy.json	50101	.json	text	rails_to_location	track_to_location	medium	"resource_location.x + resource.get_absolute_size_x() > self.rails_to_location(self.num_rails + 1).x and rails is not None"","
survey_data	plr-sema/data/derived_contracts.upstream_nonlegacy.json	50152	.json	text	num_rails	num_tracks	medium	"condition"": ""rails is not None and (not -4 <= rails <= self.num_rails)"","
survey_data	plr-sema/data/derived_contracts.upstream_nonlegacy.json	50160	.json	text	num_rails	num_tracks	medium	"""if rails is not None and (not -4 <= rails <= self.num_rails)"""
survey_data	plr-sema/data/derived_contracts.upstream_nonlegacy.json	50203	.json	text	num_rails	num_tracks	medium	"esource.get_absolute_size_x() > self.rails_to_location(self.num_rails + 1).x and rails is not None"","
survey_data	plr-sema/data/derived_contracts.upstream_nonlegacy.json	50203	.json	text	rails_to_location	track_to_location	medium	"resource_location.x + resource.get_absolute_size_x() > self.rails_to_location(self.num_rails + 1).x and rails is not None"","
survey_data	plr-sema/data/derived_contracts.upstream_nonlegacy.json	50212	.json	text	num_rails	num_tracks	medium	"esource.get_absolute_size_x() > self.rails_to_location(self.num_rails + 1).x and rails is not None"","
survey_data	plr-sema/data/derived_contracts.upstream_nonlegacy.json	50212	.json	text	rails_to_location	track_to_location	medium	"resource_location.x + resource.get_absolute_size_x() > self.rails_to_location(self.num_rails + 1).x and rails is not None"","
survey_data	plr-sema/data/derived_contracts.upstream_nonlegacy.json	50255	.json	text	num_rails	num_tracks	medium	"condition"": ""rails is not None and (not -4 <= rails <= self.num_rails)"","
survey_data	plr-sema/data/derived_contracts.upstream_nonlegacy.json	50263	.json	text	num_rails	num_tracks	medium	"""if rails is not None and (not -4 <= rails <= self.num_rails)"""
survey_data	plr-sema/data/derived_contracts.upstream_nonlegacy.json	50306	.json	text	num_rails	num_tracks	medium	"esource.get_absolute_size_x() > self.rails_to_location(self.num_rails + 1).x and rails is not None"","
survey_data	plr-sema/data/derived_contracts.upstream_nonlegacy.json	50306	.json	text	rails_to_location	track_to_location	medium	"resource_location.x + resource.get_absolute_size_x() > self.rails_to_location(self.num_rails + 1).x and rails is not None"","
survey_data	plr-sema/data/derived_contracts.upstream_nonlegacy.json	50315	.json	text	num_rails	num_tracks	medium	"esource.get_absolute_size_x() > self.rails_to_location(self.num_rails + 1).x and rails is not None"","
survey_data	plr-sema/data/derived_contracts.upstream_nonlegacy.json	50315	.json	text	rails_to_location	track_to_location	medium	"resource_location.x + resource.get_absolute_size_x() > self.rails_to_location(self.num_rails + 1).x and rails is not None"","
survey_data	plr-sema/data/derived_contracts.upstream_nonlegacy.json	50362	.json	text	num_rails	num_tracks	medium	"condition"": ""rails is not None and (not -4 <= rails <= self.num_rails)"","
survey_data	plr-sema/data/derived_contracts.upstream_nonlegacy.json	50370	.json	text	num_rails	num_tracks	medium	"""if rails is not None and (not -4 <= rails <= self.num_rails)"""
survey_data	plr-sema/data/derived_contracts.upstream_nonlegacy.json	50413	.json	text	num_rails	num_tracks	medium	"esource.get_absolute_size_x() > self.rails_to_location(self.num_rails + 1).x and rails is not None"","
survey_data	plr-sema/data/derived_contracts.upstream_nonlegacy.json	50413	.json	text	rails_to_location	track_to_location	medium	"resource_location.x + resource.get_absolute_size_x() > self.rails_to_location(self.num_rails + 1).x and rails is not None"","
survey_data	plr-sema/data/derived_contracts.upstream_nonlegacy.json	50422	.json	text	num_rails	num_tracks	medium	"esource.get_absolute_size_x() > self.rails_to_location(self.num_rails + 1).x and rails is not None"","
survey_data	plr-sema/data/derived_contracts.upstream_nonlegacy.json	50422	.json	text	rails_to_location	track_to_location	medium	"resource_location.x + resource.get_absolute_size_x() > self.rails_to_location(self.num_rails + 1).x and rails is not None"","
survey_data	plr-sema/data/derived_contracts.upstream_nonlegacy.json	50452	.json	text	rails_to_location	track_to_location	medium	"""HamiltonDeck.rails_to_location"": {"
survey_data	plr-sema/data/derived_contracts.upstream_nonlegacy.json	50565	.json	text	with_teaching_rack	with_teaching_needle_rack	medium	"""condition"": ""with_teaching_rack"","
survey_data	plr-sema/data/derived_contracts.upstream_nonlegacy.json	50571	.json	text	with_teaching_rack	with_teaching_needle_rack	medium	"""if with_teaching_rack"","
survey_data	plr-sema/data/derived_contracts.upstream_nonlegacy.json	50616	.json	text	rails_to_location	track_to_location	medium	"""HamiltonSTARDeck.rails_to_location"": {"
survey_data	plr-sema/data/derived_contracts.upstream_nonlegacy.json	51897	.json	text	Hamilton_1_trough_200ml_Vb	hamilton_1_trough_200mL_Vb	medium	"""Hamilton_1_trough_200ml_Vb"": {"
survey_data	plr-sema/data/derived_contracts.upstream_nonlegacy.json	51905	.json	text	Hamilton_MFX_plateholder_DWP_metal_tapped	hamilton_mfx_plateholder_DWP_metal_tapped	medium	"""Hamilton_MFX_plateholder_DWP_metal_tapped"": {"
survey_data	plr-sema/data/derived_contracts.upstream_nonlegacy.json	72072	.json	text	MFX_CAR_L5_base	hamilton_mfx_carrier_L5_base	medium	"""MFX_CAR_L5_base"": {"
survey_data	plr-sema/data/derived_contracts.upstream_nonlegacy.json	72106	.json	text	MFX_DWP_rackbased_module	hamilton_mfx_plateholder_DWP_flat	medium	"""MFX_DWP_rackbased_module"": {"
survey_data	plr-sema/data/derived_contracts.upstream_nonlegacy.json	72110	.json	text	MFX_TIP_module	hamilton_mfx_tiprackholder_standard	medium	"""MFX_TIP_module"": {"
survey_data	plr-sema/data/derived_contracts.upstream_nonlegacy.json	98483	.json	text	NestedTipRack	StandingTipRack	medium	"""NestedTipRack.__init__"": {"
survey_data	plr-sema/data/derived_contracts.upstream_nonlegacy.json	98487	.json	text	NestedTipRack	StandingTipRack	medium	"""NestedTipRack.__repr__"": {"
survey_data	plr-sema/data/derived_contracts.upstream_nonlegacy.json	98491	.json	text	NestedTipRack	StandingTipRack	medium	"""NestedTipRack.assign_child_resource"": {"
survey_data	plr-sema/data/derived_contracts.upstream_nonlegacy.json	98503	.json	text	NestedTipRack	StandingTipRack	medium	"""else of: if isinstance(resource, NestedTipRack)"""
survey_data	plr-sema/data/derived_contracts.upstream_nonlegacy.json	98508	.json	text	NestedTipRack	StandingTipRack	medium	"""qualname"": ""NestedTipRack.assign_child_resource"""
survey_data	plr-sema/data/derived_contracts.upstream_nonlegacy.json	98800	.json	text	rails_to_location	track_to_location	medium	"""NimbusDeck.rails_to_location"": {"
survey_data	plr-sema/data/derived_contracts.upstream_nonlegacy.json	98815	.json	text	rails_to_location	track_to_location	medium	"""qualname"": ""NimbusDeck.rails_to_location"""
survey_data	plr-sema/data/derived_contracts.upstream_nonlegacy.json	99307	.json	text	PLT_CAR_L5AC_A00	hamilton_plate_carrier_L5_ac	medium	"""PLT_CAR_L5AC_A00"": {"
survey_data	plr-sema/data/derived_contracts.upstream_nonlegacy.json	102817	.json	text	set_well_liquids	set_well_volumes	medium	"""Plate.set_well_liquids"": {"
survey_data	plr-sema/data/derived_contracts.upstream_nonlegacy.json	120228	.json	text	TIP_CAR_480	hamilton_tip_carrier_L5	medium	"""TIP_CAR_480"": {"
survey_data	plr-sema/data/derived_contracts.upstream_nonlegacy.json	120232	.json	text	TIP_CAR_480BC_A00	hamilton_tip_carrier_L5	medium	"""TIP_CAR_480BC_A00"": {"
survey_data	plr-sema/data/derived_contracts.upstream_nonlegacy.json	120236	.json	text	TIP_CAR_480_A00	hamilton_tip_carrier_L5	medium	"""TIP_CAR_480_A00"": {"
survey_data	plr-sema/data/derived_contracts.upstream_nonlegacy.json	120256	.json	text	TIP_CAR_NTR_A00	hamilton_tip_carrier_L5_ntr_a00	medium	"""TIP_CAR_NTR_A00"": {"
survey_data	plr-sema/data/derived_contracts.upstream_nonlegacy.json	120269	.json	text	num_rails	num_tracks	medium	"""condition"": ""rails is not None and (not 1 <= rails <= self.num_rails)"","
survey_data	plr-sema/data/derived_contracts.upstream_nonlegacy.json	120277	.json	text	num_rails	num_tracks	medium	"""if rails is not None and (not 1 <= rails <= self.num_rails)"""
survey_data	plr-sema/data/derived_contracts.upstream_nonlegacy.json	120393	.json	text	num_rails	num_tracks	medium	"""condition"": ""rails is not None and (not 1 <= rails <= self.num_rails)"","
survey_data	plr-sema/data/derived_contracts.upstream_nonlegacy.json	120401	.json	text	num_rails	num_tracks	medium	"""if rails is not None and (not 1 <= rails <= self.num_rails)"""
survey_data	plr-sema/data/derived_contracts.upstream_nonlegacy.json	121954	.json	text	disable_tip_trackers	disable_tip_tracking	medium	"""TipRack.disable_tip_trackers"": {"
survey_data	plr-sema/data/derived_contracts.upstream_nonlegacy.json	121972	.json	text	enable_tip_trackers	enable_tip_tracking	medium	"""TipRack.enable_tip_trackers"": {"
survey_data	plr-sema/data/derived_contracts.upstream_nonlegacy.json	122091	.json	text	TipTracker	pylabrobot.legacy.tip_tracker.TipTracker (or tree: TipSpot.tip)	medium	"""TipTracker.__init__"": {"
survey_data	plr-sema/data/derived_contracts.upstream_nonlegacy.json	122095	.json	text	TipTracker	pylabrobot.legacy.tip_tracker.TipTracker (or tree: TipSpot.tip)	medium	"""TipTracker.__repr__"": {"
survey_data	plr-sema/data/derived_contracts.upstream_nonlegacy.json	122099	.json	text	TipTracker	pylabrobot.legacy.tip_tracker.TipTracker (or tree: TipSpot.tip)	medium	"""TipTracker.add_tip"": {"
survey_data	plr-sema/data/derived_contracts.upstream_nonlegacy.json	122119	.json	text	TipTracker	pylabrobot.legacy.tip_tracker.TipTracker (or tree: TipSpot.tip)	medium	"""qualname"": ""TipTracker.add_tip"""
survey_data	plr-sema/data/derived_contracts.upstream_nonlegacy.json	122136	.json	text	TipTracker	pylabrobot.legacy.tip_tracker.TipTracker (or tree: TipSpot.tip)	medium	"""qualname"": ""TipTracker.add_tip"""
survey_data	plr-sema/data/derived_contracts.upstream_nonlegacy.json	122141	.json	text	TipTracker	pylabrobot.legacy.tip_tracker.TipTracker (or tree: TipSpot.tip)	medium	"""TipTracker.clear"": {"
survey_data	plr-sema/data/derived_contracts.upstream_nonlegacy.json	122145	.json	text	TipTracker	pylabrobot.legacy.tip_tracker.TipTracker (or tree: TipSpot.tip)	medium	"""TipTracker.commit"": {"
survey_data	plr-sema/data/derived_contracts.upstream_nonlegacy.json	122154	.json	text	TipTracker	pylabrobot.legacy.tip_tracker.TipTracker (or tree: TipSpot.tip)	medium	"""TipTracker.disable"": {"
survey_data	plr-sema/data/derived_contracts.upstream_nonlegacy.json	122158	.json	text	TipTracker	pylabrobot.legacy.tip_tracker.TipTracker (or tree: TipSpot.tip)	medium	"""TipTracker.enable"": {"
survey_data	plr-sema/data/derived_contracts.upstream_nonlegacy.json	122162	.json	text	TipTracker	pylabrobot.legacy.tip_tracker.TipTracker (or tree: TipSpot.tip)	medium	"""TipTracker.get_tip"": {"
survey_data	plr-sema/data/derived_contracts.upstream_nonlegacy.json	122179	.json	text	TipTracker	pylabrobot.legacy.tip_tracker.TipTracker (or tree: TipSpot.tip)	medium	"""qualname"": ""TipTracker.get_tip"""
survey_data	plr-sema/data/derived_contracts.upstream_nonlegacy.json	122184	.json	text	TipTracker	pylabrobot.legacy.tip_tracker.TipTracker (or tree: TipSpot.tip)	medium	"""TipTracker.get_tip_origin"": {"
survey_data	plr-sema/data/derived_contracts.upstream_nonlegacy.json	122188	.json	text	TipTracker	pylabrobot.legacy.tip_tracker.TipTracker (or tree: TipSpot.tip)	medium	"""TipTracker.has_tip"": {"
survey_data	plr-sema/data/derived_contracts.upstream_nonlegacy.json	122192	.json	text	TipTracker	pylabrobot.legacy.tip_tracker.TipTracker (or tree: TipSpot.tip)	medium	"""TipTracker.is_disabled"": {"
survey_data	plr-sema/data/derived_contracts.upstream_nonlegacy.json	122196	.json	text	TipTracker	pylabrobot.legacy.tip_tracker.TipTracker (or tree: TipSpot.tip)	medium	"""TipTracker.load_state"": {"
survey_data	plr-sema/data/derived_contracts.upstream_nonlegacy.json	122200	.json	text	TipTracker	pylabrobot.legacy.tip_tracker.TipTracker (or tree: TipSpot.tip)	medium	"""TipTracker.register_callback"": {"
survey_data	plr-sema/data/derived_contracts.upstream_nonlegacy.json	122204	.json	text	TipTracker	pylabrobot.legacy.tip_tracker.TipTracker (or tree: TipSpot.tip)	medium	"""TipTracker.remove_tip"": {"
survey_data	plr-sema/data/derived_contracts.upstream_nonlegacy.json	122224	.json	text	TipTracker	pylabrobot.legacy.tip_tracker.TipTracker (or tree: TipSpot.tip)	medium	"""qualname"": ""TipTracker.remove_tip"""
survey_data	plr-sema/data/derived_contracts.upstream_nonlegacy.json	122241	.json	text	TipTracker	pylabrobot.legacy.tip_tracker.TipTracker (or tree: TipSpot.tip)	medium	"""qualname"": ""TipTracker.remove_tip"""
survey_data	plr-sema/data/derived_contracts.upstream_nonlegacy.json	122246	.json	text	TipTracker	pylabrobot.legacy.tip_tracker.TipTracker (or tree: TipSpot.tip)	medium	"""TipTracker.rollback"": {"
survey_data	plr-sema/data/derived_contracts.upstream_nonlegacy.json	122261	.json	text	TipTracker	pylabrobot.legacy.tip_tracker.TipTracker (or tree: TipSpot.tip)	medium	"""qualname"": ""TipTracker.rollback"""
survey_data	plr-sema/data/derived_contracts.upstream_nonlegacy.json	122266	.json	text	TipTracker	pylabrobot.legacy.tip_tracker.TipTracker (or tree: TipSpot.tip)	medium	"""TipTracker.serialize"": {"
survey_data	plr-sema/data/derived_contracts.upstream_nonlegacy.json	122359	.json	text	Tube_CAR_32_A00	hamilton_tube_carrier_32_a00_insert_eppendorf_1_5mL	medium	"""Tube_CAR_32_A00"": {"
survey_data	plr-sema/data/derived_contracts.upstream_nonlegacy.json	124172	.json	text	rails_to_location	track_to_location	medium	"""VantageDeck.rails_to_location"": {"
survey_data	plr-sema/data/derived_contracts.upstream_nonlegacy.json	130215	.json	text	agilent_96_wellplate_150uL_Ub	agilent_96_wellplate_150uL_Vb	medium	"""agilent_96_wellplate_150uL_Ub"": {"
survey_data	plr-sema/data/derived_contracts.upstream_nonlegacy.json	131617	.json	text	celltreat_15000ul_centrifuge_tube_Vb	celltreat_tube_15mL_Vb	medium	"""celltreat_15000ul_centrifuge_tube_Vb"": {"
survey_data	plr-sema/data/derived_contracts.upstream_nonlegacy.json	132609	.json	text	fifty_ul_tip_no_filter	hamilton_tip_50uL	medium	"""fifty_ul_tip_no_filter"": {"
survey_data	plr-sema/data/derived_contracts.upstream_nonlegacy.json	132613	.json	text	fifty_ul_tip_with_filter	hamilton_tip_50uL_filter	medium	"""fifty_ul_tip_with_filter"": {"
survey_data	plr-sema/data/derived_contracts.upstream_nonlegacy.json	132677	.json	text	five_ml_tip	hamilton_tip_5000uL	medium	"""five_ml_tip"": {"
survey_data	plr-sema/data/derived_contracts.upstream_nonlegacy.json	132681	.json	text	five_ml_tip_with_filter	hamilton_tip_5000uL_filter	medium	"""five_ml_tip_with_filter"": {"
survey_data	plr-sema/data/derived_contracts.upstream_nonlegacy.json	132689	.json	text	four_ml_tip_with_filter	hamilton_tip_4000uL_filter	medium	"""four_ml_tip_with_filter"": {"
survey_data	plr-sema/data/derived_contracts.upstream_nonlegacy.json	132868	.json	text	hamilton_1_trough_200ml_Vb	hamilton_1_trough_200mL_Vb	medium	"""hamilton_1_trough_200ml_Vb"": {"
survey_data	plr-sema/data/derived_contracts.upstream_nonlegacy.json	132876	.json	text	hamilton_1_trough_60ml_Vb	hamilton_1_trough_60mL_Vb	medium	"""hamilton_1_trough_60ml_Vb"": {"
survey_data	plr-sema/data/derived_contracts.upstream_nonlegacy.json	133122	.json	text	high_volume_tip_no_filter	hamilton_tip_1000uL	medium	"""high_volume_tip_no_filter"": {"
survey_data	plr-sema/data/derived_contracts.upstream_nonlegacy.json	133126	.json	text	high_volume_tip_with_filter	hamilton_tip_1000uL_filter	medium	"""high_volume_tip_with_filter"": {"
survey_data	plr-sema/data/derived_contracts.upstream_nonlegacy.json	133966	.json	text	low_volume_tip_no_filter	hamilton_tip_10uL	medium	"""low_volume_tip_no_filter"": {"
survey_data	plr-sema/data/derived_contracts.upstream_nonlegacy.json	133970	.json	text	low_volume_tip_with_filter	hamilton_tip_10uL_filter	medium	"""low_volume_tip_with_filter"": {"
survey_data	plr-sema/data/derived_contracts.upstream_nonlegacy.json	134604	.json	text	rails_for_x_coordinate	track_for_x_coordinate	medium	"""rails_for_x_coordinate"": {"
survey_data	plr-sema/data/derived_contracts.upstream_nonlegacy.json	134930	.json	text	slim_standard_volume_tip_with_filter	hamilton_tip_300uL_filter_slim	medium	"""slim_standard_volume_tip_with_filter"": {"
survey_data	plr-sema/data/derived_contracts.upstream_nonlegacy.json	135084	.json	text	standard_volume_tip_no_filter	hamilton_tip_300uL	medium	"""standard_volume_tip_no_filter"": {"
survey_data	plr-sema/data/derived_contracts.upstream_nonlegacy.json	135088	.json	text	standard_volume_tip_with_filter	hamilton_tip_300uL_filter	medium	"""standard_volume_tip_with_filter"": {"
survey_data	plr-sema/data/derived_contracts.upstream_nonlegacy.json	135354	.json	text	ultrawide_high_volume_tip_with_filter	hamilton_tip_1000uL_filter_ultrawide	medium	"""ultrawide_high_volume_tip_with_filter"": {"
survey_data	plr-sema/data/derived_contracts.upstream_nonlegacy.json	135358	.json	text	ultrawide_standard_volume_tip_with_filter	hamilton_tip_300uL_filter_ultrawide	medium	"""ultrawide_standard_volume_tip_with_filter"": {"
survey_data	plr-sema/data/derived_contracts.upstream_nonlegacy.json	135835	.json	text	wide_high_volume_tip_with_filter	hamilton_tip_1000uL_filter_wide	medium	"""wide_high_volume_tip_with_filter"": {"
code/data	plr-sema/eval/plr10_characterize.bth.toml	6	.toml	text	TipTracker	pylabrobot.legacy.tip_tracker.TipTracker (or tree: TipSpot.tip)	medium	h are known to be unreachable on PLR 1.0.0b1: the rewritten TipTracker
code/data	plr-sema/eval/region_oracle.py	491	py	import_module	pylabrobot.resources.tip_tracker	pylabrobot.resources.tip_tracking / pylabrobot.legacy.tip_tracker	high	from pylabrobot.resources.tip_tracker import does_tip_tracking
docstring	plr-sema/scripts/check_spec_citations.py	221	py	string	TipTracker	pylabrobot.legacy.tip_tracker.TipTracker (or tree: TipSpot.tip)	medium	"""""""Names of every class/def whose body span encloses [start, end] in a"
ambiguous	plr-sema/scripts/check_spec_citations.py	222	.py	text_py(comment/unparsed)	TipTracker	pylabrobot.legacy.tip_tracker.TipTracker (or tree: TipSpot.tip)	low	Python file -- so `` `TipTracker.get_tip` (`tip_tracker.py:65`) `` passes
docstring	plr-sema/src/plr_sema/check/tipstate.py	470	py	string	TipTracker	pylabrobot.legacy.tip_tracker.TipTracker (or tree: TipSpot.tip)	medium	"""""""§10.3.1 criterion 3, channel-guard half: channel scope is already"
ambiguous	plr-sema/src/plr_sema/check/tipstate.py	472	.py	text_py(comment/unparsed)	TipTracker	pylabrobot.legacy.tip_tracker.TipTracker (or tree: TipSpot.tip)	low	suffices, e.g. `self._tip is None` (from `TipTracker.get_tip`, reached
ambiguous	plr-sema/src/plr_sema/check/tipstate.py	560	.py	text_py(comment/unparsed)	TipTracker	pylabrobot.legacy.tip_tracker.TipTracker (or tree: TipSpot.tip)	low	#: (`TipTracker.has_tip`, AC-10.9/AC-12.1(ii)'s forbidden-literal scan), so
docstring	plr-sema/src/plr_sema/check/volumestate.py	1	py	string	TipTracker	pylabrobot.legacy.tip_tracker.TipTracker (or tree: TipSpot.tip)	medium	"""""""plr_sema.check.volumestate: the volume-family interval domain (spec"
ambiguous	plr-sema/src/plr_sema/check/volumestate.py	82	.py	text_py(comment/unparsed)	TipTracker	pylabrobot.legacy.tip_tracker.TipTracker (or tree: TipSpot.tip)	low	bump: PLR 1.0's rewritten `TipTracker` leaves `pick_up_tips`/`drop_tips`
ambiguous	plr-sema/src/plr_sema/derive/receiver_state.py	343	.py	text_py(comment/unparsed)	TipTracker	pylabrobot.legacy.tip_tracker.TipTracker (or tree: TipSpot.tip)	low	# `self.head` to `TipTracker` (P2's anchor lives on `TipTracker`) and ALSO
ambiguous	plr-sema/src/plr_sema/derive/receiver_state.py	343	.py	text_py(comment/unparsed)	TipTracker	pylabrobot.legacy.tip_tracker.TipTracker (or tree: TipSpot.tip)	low	# `self.head` to `TipTracker` (P2's anchor lives on `TipTracker`) and ALSO
ambiguous	plr-sema/src/plr_sema/derive/receiver_state.py	1924	.py	text_py(comment/unparsed)	TipTracker	pylabrobot.legacy.tip_tracker.TipTracker (or tree: TipSpot.tip)	low	# ALSO PLR's own bool-view attribute name (`TipTracker.has_tip`),
docstring	plr-sema/src/plr_sema/derive/receiver_state.py	2035	py	string	TipTracker	pylabrobot.legacy.tip_tracker.TipTracker (or tree: TipSpot.tip)	medium	"""""""Runs P1-P4 over the whole PLR source tree and returns one"
ambiguous	plr-sema/src/plr_sema/derive/receiver_state.py	2037	.py	text_py(comment/unparsed)	TipTracker	pylabrobot.legacy.tip_tracker.TipTracker (or tree: TipSpot.tip)	low	...}` at the current pin -- `head96` also types to `TipTracker` under
docstring	plr-sema/src/plr_sema/derive/receiver_state.py	2342	py	string	TipTracker	pylabrobot.legacy.tip_tracker.TipTracker (or tree: TipSpot.tip)	medium	"""""""260903 (spec §13.5.2, P9): the FIRST (declaration-order) name in"
ambiguous	plr-sema/src/plr_sema/derive/receiver_state.py	2350	.py	text_py(comment/unparsed)	TipTracker	pylabrobot.legacy.tip_tracker.TipTracker (or tree: TipSpot.tip)	low	both reaching `TipTracker.get_tip`), this resolves the tie to
test/fixture	plr-sema/tests/test_check_graph.py	645	py	string	TipTracker	pylabrobot.legacy.tip_tracker.TipTracker (or tree: TipSpot.tip)	medium	"""""""`True` iff no finding sited in `volume_tracker.py` is `WILL_FAIL` --"
test/fixture	plr-sema/tests/test_check_graph.py	650	.py	text_py(comment/unparsed)	TipTracker	pylabrobot.legacy.tip_tracker.TipTracker (or tree: TipSpot.tip)	low	"(e.g. `TipTracker.get_tip`, ""dispense with no tip mounted"") -- a real,"
test/fixture	plr-sema/tests/test_derive.py	1080	py	string	TipTracker	pylabrobot.legacy.tip_tracker.TipTracker (or tree: TipSpot.tip)	medium	"""""""AC-12.1(iv): conjuncts 1-2 alone select `{""setup"", ""load_state""}` at"
test/fixture	plr-sema/tests/test_derive.py	1082	.py	text_py(comment/unparsed)	TipTracker	pylabrobot.legacy.tip_tracker.TipTracker (or tree: TipSpot.tip)	low	`TipTracker`s with no carry-over, §12.1.2's own worked example) --
test/fixture	plr-sema/tests/test_derive.py	1094	py	string	TipTracker	pylabrobot.legacy.tip_tracker.TipTracker (or tree: TipSpot.tip)	medium	"conj12, conj123 = reset_rule_candidates(liquid_handler, ""head"", ""TipTracker"", class_nodes)"
test/fixture	plr-sema/tests/test_derive.py	1523	py	string	TipTracker	pylabrobot.legacy.tip_tracker.TipTracker (or tree: TipSpot.tip)	medium	"""""""AC-14.1(iii): B2/P1c disturb no existing selection. `derive_receiver_"
test/fixture	plr-sema/tests/test_derive.py	1533	.py	text_py(comment/unparsed)	TipTracker	pylabrobot.legacy.tip_tracker.TipTracker (or tree: TipSpot.tip)	low	"`channel_attr`/`tracker_class` stay `""head""`/`""TipTracker""`."
test/fixture	plr-sema/tests/test_derive.py	1555	py	string	TipTracker	pylabrobot.legacy.tip_tracker.TipTracker (or tree: TipSpot.tip)	medium	"assert with_volume[""receiver_state""][""LiquidHandler""][""tracker_class""] == ""TipTracker"""
test/fixture	plr-sema/tests/test_oracle_replay.py	1987	py	kwarg	rails	track	high	handle.deck.assign_child_resource(lid, rails=rails)
test/fixture	plr-sema/tests/test_tip_effect_drift.py	1	py	string	TipTracker	pylabrobot.legacy.tip_tracker.TipTracker (or tree: TipSpot.tip)	medium	"""""""Spec 260929 §18.8 (`260929_plr-sema-plr1-tip-effect-increment.md`), backlog #5622,"
test/fixture	plr-sema/tests/test_tip_effect_drift.py	14	.py	text_py(comment/unparsed)	TipTracker	pylabrobot.legacy.tip_tracker.TipTracker (or tree: TipSpot.tip)	low	18.9 -- the behavioural oracle**, against the real PLR 1.0 `TipTracker`: drive
test/fixture	plr-sema/tests/test_tip_effect_drift.py	49	.py	text_py(comment/unparsed)	TipTracker	pylabrobot.legacy.tip_tracker.TipTracker (or tree: TipSpot.tip)	low	"ot.legacy.tip_tracker` first dies with ""cannot import name 'TipTracker' from"
test/fixture	plr-sema/tests/test_tip_effect_drift.py	55	py	import	TipTracker	pylabrobot.legacy.tip_tracker.TipTracker (or tree: TipSpot.tip)	high	from pylabrobot.legacy.tip_tracker import TipTracker
test/fixture	plr-sema/tests/test_tip_effect_drift.py	532	py	string	TipTracker	pylabrobot.legacy.tip_tracker.TipTracker (or tree: TipSpot.tip)	medium	"""""""A tracker, plus the strong reference to its holder: `TipTracker` keeps its `TipSpot` only through a"
test/fixture	plr-sema/tests/test_tip_effect_drift.py	535	py	name	TipTracker	pylabrobot.legacy.tip_tracker.TipTracker (or tree: TipSpot.tip)	high	tracker: TipTracker
test/fixture	plr-sema/tests/test_tip_effect_drift.py	539	py	name	TipTracker	pylabrobot.legacy.tip_tracker.TipTracker (or tree: TipSpot.tip)	high	def new_rig(cls: type[TipTracker], *, holder_full: bool, has_tip: bool = False) -> Rig:
test/fixture	plr-sema/tests/test_tip_effect_drift.py	548	py	name	TipTracker	pylabrobot.legacy.tip_tracker.TipTracker (or tree: TipSpot.tip)	high	def _auto_kwargs(cls: type[TipTracker], method: str) -> dict[str, Any]:
test/fixture	plr-sema/tests/test_tip_effect_drift.py	555	py	attribute	empty	unassign_tip	low	elif p.default is inspect.Parameter.empty:
test/fixture	plr-sema/tests/test_tip_effect_drift.py	575	py	name	TipTracker	pylabrobot.legacy.tip_tracker.TipTracker (or tree: TipSpot.tip)	high	def run_effect_oracle(cls: type[TipTracker], effects: dict[str, str], *, holder_full: bool) -> list[str]:
test/fixture	plr-sema/tests/test_tip_effect_drift.py	592	py	attribute	tracker	tip	low	getattr(rig.tracker, method)(**make_kwargs())
test/fixture	plr-sema/tests/test_tip_effect_drift.py	593	py	attribute	has_tip	tip	low	after_call = rig.tracker.has_tip
test/fixture	plr-sema/tests/test_tip_effect_drift.py	593	py	attribute	tracker	tip	low	after_call = rig.tracker.has_tip
test/fixture	plr-sema/tests/test_tip_effect_drift.py	594	py	attribute	tracker	tip	low	rig.tracker.commit()
test/fixture	plr-sema/tests/test_tip_effect_drift.py	595	py	attribute	has_tip	tip	low	after_commit = rig.tracker.has_tip
test/fixture	plr-sema/tests/test_tip_effect_drift.py	595	py	attribute	tracker	tip	low	after_commit = rig.tracker.has_tip
test/fixture	plr-sema/tests/test_tip_effect_drift.py	604	py	name	TipTracker	pylabrobot.legacy.tip_tracker.TipTracker (or tree: TipSpot.tip)	high	def exhibited_outcomes(cls: type[TipTracker], method: str, witnesses: list[tuple[str, Callable[[], dict], bool]], *, holder_full: bool, has_tip: bool) -> set[bo
test/fixture	plr-sema/tests/test_tip_effect_drift.py	609	py	attribute	tracker	tip	low	getattr(rig.tracker, method)(**make_kwargs())
test/fixture	plr-sema/tests/test_tip_effect_drift.py	610	py	attribute	has_tip	tip	low	out.add(rig.tracker.has_tip)
test/fixture	plr-sema/tests/test_tip_effect_drift.py	610	py	attribute	tracker	tip	low	out.add(rig.tracker.has_tip)
test/fixture	plr-sema/tests/test_tip_effect_drift.py	614	py	name	TipTracker	pylabrobot.legacy.tip_tracker.TipTracker (or tree: TipSpot.tip)	high	def rollback_witness(cls: type[TipTracker], *, holder_full: bool) -> tuple[bool, bool]:
test/fixture	plr-sema/tests/test_tip_effect_drift.py	617	py	attribute	tracker	tip	low	"rig.tracker.add_tip(_tip(""uncommitted""), commit=False)"
test/fixture	plr-sema/tests/test_tip_effect_drift.py	618	py	attribute	has_tip	tip	low	mid = rig.tracker.has_tip
test/fixture	plr-sema/tests/test_tip_effect_drift.py	618	py	attribute	tracker	tip	low	mid = rig.tracker.has_tip
test/fixture	plr-sema/tests/test_tip_effect_drift.py	619	py	attribute	tracker	tip	low	rig.tracker.rollback()
test/fixture	plr-sema/tests/test_tip_effect_drift.py	620	py	attribute	has_tip	tip	low	return mid, rig.tracker.has_tip
test/fixture	plr-sema/tests/test_tip_effect_drift.py	620	py	attribute	tracker	tip	low	return mid, rig.tracker.has_tip
test/fixture	plr-sema/tests/test_tip_effect_drift.py	623	py	name	TipTracker	pylabrobot.legacy.tip_tracker.TipTracker (or tree: TipSpot.tip)	high	def fresh_has_tip(cls: type[TipTracker], *, holder_full: bool) -> bool:
test/fixture	plr-sema/tests/test_tip_effect_drift.py	624	py	attribute	has_tip	tip	low	return new_rig(cls, holder_full=holder_full).tracker.has_tip
test/fixture	plr-sema/tests/test_tip_effect_drift.py	624	py	attribute	tracker	tip	low	return new_rig(cls, holder_full=holder_full).tracker.has_tip
test/fixture	plr-sema/tests/test_tip_effect_drift.py	627	py	name	TipTracker	pylabrobot.legacy.tip_tracker.TipTracker (or tree: TipSpot.tip)	high	class _NoopHoldTracker(TipTracker):
test/fixture	plr-sema/tests/test_tip_effect_drift.py	634	py	name	TipTracker	pylabrobot.legacy.tip_tracker.TipTracker (or tree: TipSpot.tip)	high	class _NoopRollbackTracker(TipTracker):
test/fixture	plr-sema/tests/test_tip_effect_drift.py	639	py	name	TipTracker	pylabrobot.legacy.tip_tracker.TipTracker (or tree: TipSpot.tip)	high	class _PreloadedTracker(TipTracker):
test/fixture	plr-sema/tests/test_tip_effect_drift.py	657	py	name	TipTracker	pylabrobot.legacy.tip_tracker.TipTracker (or tree: TipSpot.tip)	high	"assert TipTracker.__module__ == ""pylabrobot.legacy.tip_tracker"""
test/fixture	plr-sema/tests/test_tip_effect_drift.py	685	py	name	TipTracker	pylabrobot.legacy.tip_tracker.TipTracker (or tree: TipSpot.tip)	high	"assert run_effect_oracle(TipTracker, lh_state[""effects""], holder_full=holder_full) == []"
test/fixture	plr-sema/tests/test_tip_effect_drift.py	691	py	name	TipTracker	pylabrobot.legacy.tip_tracker.TipTracker (or tree: TipSpot.tip)	high	"assert run_effect_oracle(TipTracker, rs[""effects""], holder_full=False) == [], name"
test/fixture	plr-sema/tests/test_tip_effect_drift.py	697	py	name	TipTracker	pylabrobot.legacy.tip_tracker.TipTracker (or tree: TipSpot.tip)	high	bad = run_effect_oracle(TipTracker, flipped, holder_full=holder_full)
test/fixture	plr-sema/tests/test_tip_effect_drift.py	717	py	name	TipTracker	pylabrobot.legacy.tip_tracker.TipTracker (or tree: TipSpot.tip)	high	TipTracker, method, UNRESOLVED_WITNESSES[method], holder_full=holder_full, has_tip=has_tip
test/fixture	plr-sema/tests/test_tip_effect_drift.py	725	py	name	TipTracker	pylabrobot.legacy.tip_tracker.TipTracker (or tree: TipSpot.tip)	high	outcomes = exhibited_outcomes(TipTracker, method, witnesses, holder_full=False, has_tip=False)
test/fixture	plr-sema/tests/test_tip_effect_drift.py	733	py	name	TipTracker	pylabrobot.legacy.tip_tracker.TipTracker (or tree: TipSpot.tip)	high	"assert exhibited_outcomes(TipTracker, ""clear"", [(""no args"", lambda: {}, False)], holder_full=False, has_tip=True) == {False}"
test/fixture	plr-sema/tests/test_tip_effect_drift.py	734	py	name	TipTracker	pylabrobot.legacy.tip_tracker.TipTracker (or tree: TipSpot.tip)	high	"assert exhibited_outcomes(TipTracker, ""clear"", [(""no args"", lambda: {}, False)], holder_full=True, has_tip=True) == {False}"
test/fixture	plr-sema/tests/test_tip_effect_drift.py	740	py	name	TipTracker	pylabrobot.legacy.tip_tracker.TipTracker (or tree: TipSpot.tip)	high	assert fresh_has_tip(TipTracker, holder_full=holder_full) is False
test/fixture	plr-sema/tests/test_tip_effect_drift.py	748	py	name	TipTracker	pylabrobot.legacy.tip_tracker.TipTracker (or tree: TipSpot.tip)	high	assert rollback_witness(TipTracker, holder_full=holder_full) == (True, False)
test/fixture	plr-sema/tests/test_tip_effects_plr1.py	1	py	string	TipTracker	pylabrobot.legacy.tip_tracker.TipTracker (or tree: TipSpot.tip)	medium	"""""""Spec 260929 §18 (`260929_plr-sema-plr1-tip-effect-increment.md`), backlog"
test/fixture	plr-sema/tests/test_tip_effects_plr1.py	3	.py	text_py(comment/unparsed)	TipTracker	pylabrobot.legacy.tip_tracker.TipTracker (or tree: TipSpot.tip)	low	`TipTracker` -- R-A (backing-field alias), R-B (argument-classified hel
test/fixture	plr-sema/tests/test_tip_effects_plr1.py	187	py	string	TipTracker	pylabrobot.legacy.tip_tracker.TipTracker (or tree: TipSpot.tip)	medium	"tt = plr_classes[""TipTracker""]"
test/fixture	plr-sema/tests/test_tip_effects_plr1.py	241	py	string	TipTracker	pylabrobot.legacy.tip_tracker.TipTracker (or tree: TipSpot.tip)	medium	"src = ast.unparse(plr_classes[""TipTracker""]) + ""\n    def sneaky(self, t):\n        self._before = t\n"""
test/fixture	plr-sema/tests/test_tip_effects_plr1.py	242	py	string	TipTracker	pylabrobot.legacy.tip_tracker.TipTracker (or tree: TipSpot.tip)	medium	"mutated = _class(src, ""TipTracker"")"
test/fixture	plr-sema/tests/test_tip_effects_plr1.py	301	py	string	TipTracker	pylabrobot.legacy.tip_tracker.TipTracker (or tree: TipSpot.tip)	medium	"result = analyze_tip_effects(plr_classes[""TipTracker""], (""_pending_tip"", ""_tip""), plr_classes)"
test/fixture	plr-sema/tests/test_tip_effects_plr1.py	522	py	string	TipTracker	pylabrobot.legacy.tip_tracker.TipTracker (or tree: TipSpot.tip)	medium	"tt = plr_classes[""TipTracker""]"
test/fixture	plr-sema/tests/test_tip_effects_plr1.py	1387	py	string	TipTracker	pylabrobot.legacy.tip_tracker.TipTracker (or tree: TipSpot.tip)	medium	"assert _sited(op1, ""TipTracker.add_tip"", Verdict.SAFE), ""the bridged HasTipError guard"""
test/fixture	plr-sema/tests/test_tip_effects_plr1.py	1409	py	string	TipTracker	pylabrobot.legacy.tip_tracker.TipTracker (or tree: TipSpot.tip)	medium	"assert [f for f in fails if f.plr_site.qualname == ""TipTracker.get_tip""], fails"
test/fixture	plr-sema/tests/test_tip_effects_plr1.py	1415	.py	text_py(comment/unparsed)	TipTracker	pylabrobot.legacy.tip_tracker.TipTracker (or tree: TipSpot.tip)	low	cannot otherwise be compared against §18.4.8 (the spurious `TipTracker`
test/fixture	plr-sema/tests/test_tip_typestate.py	1	py	string	TipTracker	pylabrobot.legacy.tip_tracker.TipTracker (or tree: TipSpot.tip)	medium	"""""""Spec 260902 §10 (`260902_plr-sema-tip-typestate-increment.md`), backlog"
test/fixture	plr-sema/tests/test_tip_typestate.py	20	.py	text_py(comment/unparsed)	TipTracker	pylabrobot.legacy.tip_tracker.TipTracker (or tree: TipSpot.tip)	low	findings (the own :535 guard, and the bridged `TipTracker.add_tip:92`
test/fixture	plr-sema/tests/test_tip_typestate.py	53	py	string	TipTracker	pylabrobot.legacy.tip_tracker.TipTracker (or tree: TipSpot.tip)	medium	"file=""external/pylabrobot/pylabrobot/legacy/tip_tracker.py"", lineno=118, qualname=""TipTracker.get_tip"""
test/fixture	plr-sema/tests/test_tip_typestate.py	143	.py	text_py(comment/unparsed)	TipTracker	pylabrobot.legacy.tip_tracker.TipTracker (or tree: TipSpot.tip)	low	# WILL_FAIL from the bridged TipTracker.add_tip guard -- disclosed, not
test/fixture	plr-sema/tests/test_tip_typestate.py	399	py	string	TipTracker	pylabrobot.legacy.tip_tracker.TipTracker (or tree: TipSpot.tip)	medium	"assert lh[""tracker_class""] == ""TipTracker"""
test/fixture	plr-sema/tests/test_tip_typestate.py	433	py	string	TipTracker	pylabrobot.legacy.tip_tracker.TipTracker (or tree: TipSpot.tip)	medium	"""TipTracker"","
test/fixture	plr-sema/tests/test_tip_typestate.py	573	py	string	TipTracker	pylabrobot.legacy.tip_tracker.TipTracker (or tree: TipSpot.tip)	medium	"""""""(a): `setup()` then `aspirate(use_channels=[0])` -- exactly one"
test/fixture	plr-sema/tests/test_tip_typestate.py	575	.py	text_py(comment/unparsed)	TipTracker	pylabrobot.legacy.tip_tracker.TipTracker (or tree: TipSpot.tip)	low	`TipTracker.get_tip` `NoTipError` guard. `setup`'s own guard (`if
test/fixture	plr-sema/tests/test_tip_typestate.py	668	py	string	TipTracker	pylabrobot.legacy.tip_tracker.TipTracker (or tree: TipSpot.tip)	medium	"""""""The union of every guard/channel_guard `condition` across the WHOLE"
test/fixture	plr-sema/tests/test_tip_typestate.py	671	.py	text_py(comment/unparsed)	TipTracker	pylabrobot.legacy.tip_tracker.TipTracker (or tree: TipSpot.tip)	low	condition is sited in a DIFFERENT class, e.g. `TipTracker`, than the
test/fixture	plr-sema/tests/test_tip_typestate.py	699	py	string	TipTracker	pylabrobot.legacy.tip_tracker.TipTracker (or tree: TipSpot.tip)	medium	"""exactly one WILL_FAIL sited at pick_up_tips:535 -- AC-12.10's literal pin """
test/fixture	plr-sema/tests/test_tip_typestate.py	700	.py	text_py(comment/unparsed)	TipTracker	pylabrobot.legacy.tip_tracker.TipTracker (or tree: TipSpot.tip)	low	"""(a second, ADDITIVE WILL_FAIL at the bridged TipTracker.add_tip:92 site is """
test/fixture	plr-sema/tests/test_tip_typestate.py	860	py	string	TipTracker	pylabrobot.legacy.tip_tracker.TipTracker (or tree: TipSpot.tip)	medium	"""""""(ii): `setup()`, `pick_up_tips(use_channels=[0])`, `transfer(...)`,"
test/fixture	plr-sema/tests/test_tip_typestate.py	862	.py	text_py(comment/unparsed)	TipTracker	pylabrobot.legacy.tip_tracker.TipTracker (or tree: TipSpot.tip)	low	(sited at `TipTracker.get_tip:65`) evaluates via P9's `bound_channels`
test/fixture	plr-sema/tests/test_tip_typestate.py	878	py	string	TipTracker	pylabrobot.legacy.tip_tracker.TipTracker (or tree: TipSpot.tip)	medium	"""transfer must carry exactly one SAFE finding for the bridged NoTipError guard, """
test/fixture	plr-sema/tests/test_tip_typestate.py	879	.py	text_py(comment/unparsed)	TipTracker	pylabrobot.legacy.tip_tracker.TipTracker (or tree: TipSpot.tip)	low	"""sited at TipTracker.get_tip:65 -- the P9 bound_channels evaluation"""
test/fixture	plr-sema/tests/test_tip_typestate.py	896	py	string	TipTracker	pylabrobot.legacy.tip_tracker.TipTracker (or tree: TipSpot.tip)	medium	"""the aspirate immediately after transfer must yield channel_state_unknown at """
test/fixture	plr-sema/tests/test_tip_typestate.py	897	.py	text_py(comment/unparsed)	TipTracker	pylabrobot.legacy.tip_tracker.TipTracker (or tree: TipSpot.tip)	low	"""TipTracker.get_tip:65 -- an implementation that extended E2 would inst"
test/fixture	plr-sema/tests/test_unknown_ledger.py	51	py	string	TipTracker	pylabrobot.legacy.tip_tracker.TipTracker (or tree: TipSpot.tip)	medium	"plr_site=_site(535, ""TipTracker.remove_tip""), reason="""", detail="""")"
test/fixture	plr-sema/tests/test_unknown_ledger.py	121	py	string	TipTracker	pylabrobot.legacy.tip_tracker.TipTracker (or tree: TipSpot.tip)	medium	"plr_site=_site(535, ""TipTracker.remove_tip""), reason="""", detail="""")"
test/fixture	plr-sema/tests/test_volumestate_v5.py	1	py	string	TipTracker	pylabrobot.legacy.tip_tracker.TipTracker (or tree: TipSpot.tip)	medium	"""""""Unit-level pins for the §14.5 V5 tip-cell lifecycle and its 260929 amendment."
test/fixture	plr-sema/tests/test_volumestate_v5.py	8	.py	text_py(comment/unparsed)	TipTracker	pylabrobot.legacy.tip_tracker.TipTracker (or tree: TipSpot.tip)	low	Why a unit-level file. At PLR 1.0 the rewritten `TipTracker` leaves
ambiguous	praxis/backend/commons/plate_staging.py	160	py	attribute	has_tip	tip	low	if not all(tip.has_tip for tip in liquid_handler.head96.values()):
ambiguous	praxis/backend/commons/plate_staging.py	177	py	attribute	has_tip	tip	low	if not all(tip.has_tip for tip in liquid_handler.head96.values()):
docstring	praxis/backend/core/deck_config.py	29	py	string	Cor_96_wellplate_360ul_Fb	cor_96_wellplate_360uL_Fb	medium	"""""""A resource placement specification within a deck layout."
ambiguous	praxis/backend/core/deck_config.py	33	.py	text_py(comment/unparsed)	Cor_96_wellplate_360ul_Fb	cor_96_wellplate_360uL_Fb	low	(e.g., 'pylabrobot.resources.corning.plates.Cor_96_wellplate_360ul_Fb').
ambiguous	praxis/backend/core/decorators/parameter_processor.py	67	py	attribute	empty	unassign_tip	low	) or (param_obj.default is not inspect.Parameter.empty)
ambiguous	praxis/backend/core/decorators/parameter_processor.py	95	py	attribute	empty	unassign_tip	low	if param_obj.default is not inspect.Parameter.empty
ambiguous	praxis/backend/core/decorators/parameter_processor.py	110	py	attribute	empty	unassign_tip	low	if param_obj.default is not inspect.Parameter.empty
code/data	praxis/backend/core/simulation/chatterbox_runner.py	33	py	import	Cor_96_wellplate_360ul_Fb	cor_96_wellplate_360uL_Fb	high	from pylabrobot.resources import (
code/data	praxis/backend/core/simulation/chatterbox_runner.py	33	py	import	PLT_CAR_L5AC_A00	hamilton_plate_carrier_L5_ac	high	from pylabrobot.resources import (
code/data	praxis/backend/core/simulation/chatterbox_runner.py	33	py	import	TIP_CAR_480_A00	hamilton_tip_carrier_L5	high	from pylabrobot.resources import (
ambiguous	praxis/backend/core/simulation/chatterbox_runner.py	34	.py	text_py(comment/unparsed)	PLT_CAR_L5AC_A00	hamilton_plate_carrier_L5_ac	low	PLT_CAR_L5AC_A00,
ambiguous	praxis/backend/core/simulation/chatterbox_runner.py	35	.py	text_py(comment/unparsed)	TIP_CAR_480_A00	hamilton_tip_carrier_L5	low	TIP_CAR_480_A00,
ambiguous	praxis/backend/core/simulation/chatterbox_runner.py	37	.py	text_py(comment/unparsed)	Cor_96_wellplate_360ul_Fb	cor_96_wellplate_360uL_Fb	low	Cor_96_wellplate_360ul_Fb,
code/data	praxis/backend/core/simulation/chatterbox_runner.py	42	py	import	hamilton_1_trough_200ml_Vb	hamilton_1_trough_200mL_Vb	high	from pylabrobot.resources.hamilton.troughs import hamilton_1_trough_200ml_Vb
code/data	praxis/backend/core/simulation/chatterbox_runner.py	260	py	name	Cor_96_wellplate_360ul_Fb	cor_96_wellplate_360uL_Fb	high	"""Plate"": lambda name: Cor_96_wellplate_360ul_Fb(name=name),"
code/data	praxis/backend/core/simulation/chatterbox_runner.py	262	py	name	hamilton_1_trough_200ml_Vb	hamilton_1_trough_200mL_Vb	high	"""Trough"": lambda name: hamilton_1_trough_200ml_Vb(name=name),"
code/data	praxis/backend/core/simulation/chatterbox_runner.py	344	py	name	Cor_96_wellplate_360ul_Fb	cor_96_wellplate_360uL_Fb	high	"plate = Cor_96_wellplate_360ul_Fb(name=""plate"")"
docstring	praxis/backend/core/simulation/chatterbox_runner.py	359	py	string	PLT_CAR_L5AC_A00	hamilton_plate_carrier_L5_ac	medium	"""""""Hamilton-style: resources in carriers on deck rails."
code/data	praxis/backend/core/simulation/chatterbox_runner.py	359	py	string_kwarg	rails	track	medium	Hamilton-style: resources in carriers on deck rails.
ambiguous	praxis/backend/core/simulation/chatterbox_runner.py	362	.py	text_py(comment/unparsed)	PLT_CAR_L5AC_A00	hamilton_plate_carrier_L5_ac	low	"carrier = PLT_CAR_L5AC_A00(name=""plate_carrier"")"
code/data	praxis/backend/core/simulation/chatterbox_runner.py	381	py	name	TIP_CAR_480_A00	hamilton_tip_carrier_L5	high	"tip_car = TIP_CAR_480_A00(name=""tip_carrier"")"
code/data	praxis/backend/core/simulation/chatterbox_runner.py	384	py	kwarg	rails	track	high	deck.assign_child_resource(tip_car, rails=1)
code/data	praxis/backend/core/simulation/chatterbox_runner.py	388	py	name	PLT_CAR_L5AC_A00	hamilton_plate_carrier_L5_ac	high	"plt_car = PLT_CAR_L5AC_A00(name=""plate_carrier"")"
code/data	praxis/backend/core/simulation/chatterbox_runner.py	389	py	kwarg	rails	track	high	deck.assign_child_resource(plt_car, rails=9)
code/data	praxis/backend/core/simulation/chatterbox_runner.py	404	py	kwarg	rails	track	high	deck.assign_child_resource(resource, rails=21)
ambiguous	praxis/backend/core/simulation/chatterbox_runner.py	407	.py	text_py(comment/unparsed)	PLT_CAR_L5AC_A00	hamilton_plate_carrier_L5_ac	low	# Place in plate carrier (5 slots available on PLT_CAR_L5AC_A00)
code/data	praxis/backend/core/simulation/chatterbox_runner.py	413	py	kwarg	rails	track	high	deck.assign_child_resource(resource, rails=25)
code/data	praxis/backend/core/simulation/chatterbox_runner.py	663	py	name	Cor_96_wellplate_360ul_Fb	cor_96_wellplate_360uL_Fb	high	"if isinstance(val, type(Cor_96_wellplate_360ul_Fb(name=""_check""))):"
docstring	praxis/backend/core/state_transform.py	1	py	string	TipTracker	pylabrobot.legacy.tip_tracker.TipTracker (or tree: TipSpot.tip)	medium	"""""""State transformation utilities for converting PyLabRobot state to frontend format."
ambiguous	praxis/backend/core/state_transform.py	9	.py	text_py(comment/unparsed)	TipTracker	pylabrobot.legacy.tip_tracker.TipTracker (or tree: TipSpot.tip)	low	# TipTracker format (TipSpot, LiquidHandler channels):
ambiguous	praxis/backend/services/introspection.py	59	py	attribute	empty	unassign_tip	low	if param.annotation is not inspect.Parameter.empty:
ambiguous	praxis/backend/services/introspection.py	66	py	attribute	empty	unassign_tip	low	if param.default is not inspect.Parameter.empty:
docstring	praxis/backend/services/resource_type_definition.py	84	py	string	Cor_96_wellplate_360ul_Fb	cor_96_wellplate_360uL_Fb	medium	"""""""Service for discovering and syncing resource type definitions."
ambiguous	praxis/backend/services/resource_type_definition.py	89	.py	text_py(comment/unparsed)	Cor_96_wellplate_360ul_Fb	cor_96_wellplate_360uL_Fb	low	2. Factory functions that create resource instances (Cor_96_wellplate_360ul_Fb, etc.)
docstring	praxis/backend/services/resource_type_definition.py	106	py	string	Cor_96_wellplate_360ul_Fb	cor_96_wellplate_360uL_Fb	medium	"""""""Discover all pylabrobot resource type definitions and synchronize them with the database."
ambiguous	praxis/backend/services/resource_type_definition.py	110	.py	text_py(comment/unparsed)	Cor_96_wellplate_360ul_Fb	cor_96_wellplate_360uL_Fb	low	2. Factory functions that create Resource instances (like Cor_96_wellplate_360ul_Fb)
code/data	praxis/backend/services/resource_type_validation.py	9	py	import	NestedTipRack	StandingTipRack	high	from pylabrobot.resources import (
ambiguous	praxis/backend/services/resource_type_validation.py	16	.py	text_py(comment/unparsed)	NestedTipRack	StandingTipRack	low	NestedTipRack,
code/data	praxis/backend/services/resource_type_validation.py	51	py	name	NestedTipRack	StandingTipRack	high	NestedTipRack,  # Nested tip rack base
ambiguous	praxis/backend/services/resource_type_validation.py	200	py	attribute	empty	unassign_tip	low	if hints != inspect.Signature.empty and inspect.isclass(hints):
docstring	praxis/backend/services/resource_type_validation.py	253	py	string	Cor_96_wellplate_360ul_Fb	cor_96_wellplate_360uL_Fb	medium	"""""""Parse volume from model name like 'Cor_96_wellplate_360ul_Fb' or '2mL'."""""""
docstring	praxis/backend/services/resource_type_validation.py	271	py	string	Cor_96_wellplate_360ul_Fb	cor_96_wellplate_360uL_Fb	medium	"""""""Parse plate type from model name like 'Cor_96_wellplate_360ul_Fb'."""""""
ambiguous	praxis/backend/services/resource_type_validation.py	335	.py	text_py(comment/unparsed)	total_tip_length	size_z (removed in 1.0, not merely deprecated)	low	# PLR 1.0: Tip is a Resource; total_tip_length was removed, size_z is the tip length.
ambiguous	praxis/backend/utils/plr_inspection/docs.py	80	py	attribute	empty	unassign_tip	low	"""default"": (param.default if param.default is not inspect.Parameter.empty else None),"
ambiguous	praxis/backend/utils/plr_inspection/runtime.py	109	py	attribute	empty	unassign_tip	low	if required_only and param.default is not inspect.Parameter.empty:
docstring	praxis/backend/utils/plr_static_analysis/parser.py	209	py	string	Cor_96_wellplate_360ul_Fb	cor_96_wellplate_360uL_Fb	medium	"""""""Discover factory functions that return PLR resource types."
ambiguous	praxis/backend/utils/plr_static_analysis/parser.py	212	.py	text_py(comment/unparsed)	Cor_96_wellplate_360ul_Fb	cor_96_wellplate_360uL_Fb	low	def Cor_96_wellplate_360ul_Fb(name: str) -> Plate: ...
code/data	praxis/backend/utils/plr_static_analysis/visitors/class_discovery.py	315	py	string	NestedTipRack	StandingTipRack	medium	"""NestedTipRack"","
code/data	praxis/backend/utils/plr_static_analysis/visitors/class_discovery.py	330	py	string	NestedTipRack	StandingTipRack	medium	"""NestedTipRack"","
docstring	praxis/backend/utils/plr_static_analysis/visitors/resource_factory.py	1	py	string	Cor_96_wellplate_360ul_Fb	cor_96_wellplate_360uL_Fb	medium	"""""""Resource factory function visitor for PLR static analysis."
ambiguous	praxis/backend/utils/plr_static_analysis/visitors/resource_factory.py	7	.py	text_py(comment/unparsed)	Cor_96_wellplate_360ul_Fb	cor_96_wellplate_360uL_Fb	low	def Cor_96_wellplate_360ul_Fb(name: str, with_lid: bool = False) -> Plate:
ambiguous	praxis/backend/utils/sanitation.py	279	py	attribute	has_tip	tip	low	if not tips[well_number][0].has_tip():
ambiguous	praxis/backend/utils/type_inspection.py	37	py	attribute	empty	unassign_tip	low	if type_hint == inspect.Parameter.empty:
code/data	praxis/common/type_inspection.py	23	py	string	NestedTipRack	StandingTipRack	medium	"""NestedTipRack"","
ambiguous	praxis/common/type_inspection.py	415	py	attribute	empty	unassign_tip	low	if type_hint == inspect.Parameter.empty:
test/fixture	praxis/web-client/e2e/specs/asset-inventory.spec.ts	63	.ts	text	Cor_96_wellplate_360ul_Fb	cor_96_wellplate_360uL_Fb	medium	await assetsPage.search('Cor_96_wellplate_360ul_Fb');
test/fixture	praxis/web-client/e2e/specs/asset-inventory.spec.ts	64	.ts	text	Cor_96_wellplate_360ul_Fb	cor_96_wellplate_360uL_Fb	medium	await expect(assetsPage.page.getByRole('cell', { name: 'Cor_96_wellplate_360ul_Fb' }).first()).toBeVisible();
test/fixture	praxis/web-client/e2e/specs/asset-inventory.spec.ts	72	.ts	text	Cor_96_wellplate_360ul_Fb	cor_96_wellplate_360uL_Fb	medium	await expect(assetsPage.page.getByRole('cell', { name: 'Cor_96_wellplate_360ul_Fb' })).not.toBeVisible();
code/data	praxis/web-client/src/app/core/mocks/mock-deck-data.ts	33	.ts	text	num_rails	num_tracks	medium	num_rails: 30
code/data	praxis/web-client/src/app/core/models/plr.models.ts	23	.ts	text	num_rails	num_tracks	medium	num_rails?: number;
test/fixture	praxis/web-client/src/app/core/utils/plr-validator.spec.ts	7	.ts	text	PLT_CAR_L5AC_A00	hamilton_plate_carrier_L5_ac	medium	{ fqn: 'pylabrobot.resources.hamilton.carriers.PLT_CAR_L5AC_A00' },
test/fixture	praxis/web-client/src/app/core/utils/plr-validator.spec.ts	8	.ts	text	Cor_96_wellplate_360ul_Fb	cor_96_wellplate_360uL_Fb	medium	{ fqn: 'pylabrobot.resources.corning_costar.plates.Cor_96_wellplate_360ul_Fb' },
test/fixture	praxis/web-client/src/app/core/utils/plr-validator.spec.ts	17	.ts	text	PLT_CAR_L5AC_A00	hamilton_plate_carrier_L5_ac	medium	expect(classNames.has('PLT_CAR_L5AC_A00')).toBe(true);
test/fixture	praxis/web-client/src/app/core/utils/plr-validator.spec.ts	18	.ts	text	Cor_96_wellplate_360ul_Fb	cor_96_wellplate_360uL_Fb	medium	expect(classNames.has('Cor_96_wellplate_360ul_Fb')).toBe(true);
test/fixture	praxis/web-client/src/app/core/utils/plr-validator.spec.ts	23	.ts	text	PLT_CAR_L5AC_A00	hamilton_plate_carrier_L5_ac	medium	expect(classNames.has('PLT_CAR_L5AC_A00')).toBe(true);
test/fixture	praxis/web-client/src/app/core/utils/plr-validator.spec.ts	36	.ts	text	PLT_CAR_L5AC_A00	hamilton_plate_carrier_L5_ac	medium	alidatePLRClassName('pylabrobot.resources.hamilton.carriers.PLT_CAR_L5AC_A00', validClasses);
code/data	praxis/web-client/src/app/core/utils/state-transform.ts	16	.ts	text	TipTracker	pylabrobot.legacy.tip_tracker.TipTracker (or tree: TipSpot.tip)	medium	// TipTracker format (LiquidHandler channels)
code/data	praxis/web-client/src/app/features/run-protocol/models/deck-layout.models.ts	60	.ts	text	PLT_CAR_L5AC_A00	hamilton_plate_carrier_L5_ac	medium	"d name (e.g., ""pylabrobot.resources.hamilton.plate_carriers.PLT_CAR_L5AC_A00"") */"
code/data	praxis/web-client/src/app/features/run-protocol/services/carrier-inference.service.ts	13	.ts	text	NestedTipRack	StandingTipRack	medium	'tip': ['TipRack', 'NestedTipRack', 'Tips'],
code/data	praxis/web-client/src/app/features/run-protocol/services/carrier-inference.service.ts	29	.ts	text	NestedTipRack	StandingTipRack	medium	'NestedTipRack': ['tip'],
test/fixture	praxis/web-client/src/app/features/run-protocol/services/deck-catalog.service.spec.ts	266	.ts	text	num_rails	num_tracks	medium	expect(res.num_rails).toBe(30);
code/data	praxis/web-client/src/app/features/run-protocol/services/deck-catalog.service.ts	321	.ts	text	PLT_CAR_L5AC_A00	hamilton_plate_carrier_L5_ac	medium	'pylabrobot.resources.hamilton.plate_carriers.PLT_CAR_L5AC_A00',
code/data	praxis/web-client/src/app/features/run-protocol/services/deck-catalog.service.ts	322	.ts	text	TIP_CAR_480_A00	hamilton_tip_carrier_L5	medium	'pylabrobot.resources.hamilton.tip_carriers.TIP_CAR_480_A00',
code/data	praxis/web-client/src/app/features/run-protocol/services/deck-catalog.service.ts	323	.ts	text	MFX_CAR_L5_base	hamilton_mfx_carrier_L5_base	medium	'pylabrobot.resources.hamilton.mfx_carriers.MFX_CAR_L5_base'
code/data	praxis/web-client/src/app/features/run-protocol/services/deck-catalog.service.ts	361	.ts	text	PLT_CAR_L5AC_A00	hamilton_plate_carrier_L5_ac	medium	'pylabrobot.resources.hamilton.plate_carriers.PLT_CAR_L5AC_A00',
code/data	praxis/web-client/src/app/features/run-protocol/services/deck-catalog.service.ts	362	.ts	text	TIP_CAR_480_A00	hamilton_tip_carrier_L5	medium	'pylabrobot.resources.hamilton.tip_carriers.TIP_CAR_480_A00',
code/data	praxis/web-client/src/app/features/run-protocol/services/deck-catalog.service.ts	363	.ts	text	MFX_CAR_L5_base	hamilton_mfx_carrier_L5_base	medium	'pylabrobot.resources.hamilton.mfx_carriers.MFX_CAR_L5_base'
code/data	praxis/web-client/src/app/features/run-protocol/services/deck-catalog.service.ts	394	.ts	text	PLT_CAR_L5AC_A00	hamilton_plate_carrier_L5_ac	medium	'pylabrobot.resources.hamilton.plate_carriers.PLT_CAR_L5AC_A00',
code/data	praxis/web-client/src/app/features/run-protocol/services/deck-catalog.service.ts	395	.ts	text	TIP_CAR_480_A00	hamilton_tip_carrier_L5	medium	'pylabrobot.resources.hamilton.tip_carriers.TIP_CAR_480_A00'
code/data	praxis/web-client/src/app/features/run-protocol/services/deck-catalog.service.ts	624	.ts	text	num_rails	num_tracks	medium	deck.num_rails = spec.numRails;
code/data	praxis/web-client/src/app/features/run-protocol/services/deck-catalog.service.ts	835	.ts	text	PLT_CAR_L5AC_A00	hamilton_plate_carrier_L5_ac	medium	fqn: 'pylabrobot.resources.hamilton.plate_carriers.PLT_CAR_L5AC_A00',
code/data	praxis/web-client/src/app/features/run-protocol/services/deck-catalog.service.ts	844	.ts	text	TIP_CAR_480_A00	hamilton_tip_carrier_L5	medium	fqn: 'pylabrobot.resources.hamilton.tip_carriers.TIP_CAR_480_A00',
code/data	praxis/web-client/src/app/features/run-protocol/services/deck-catalog.service.ts	849	.ts	text	NestedTipRack	StandingTipRack	medium	compatibleResourceTypes: ['TipRack', 'NestedTipRack'],
code/data	praxis/web-client/src/app/features/run-protocol/services/deck-catalog.service.ts	853	.ts	text	MFX_CAR_L5_base	hamilton_mfx_carrier_L5_base	medium	fqn: 'pylabrobot.resources.hamilton.mfx_carriers.MFX_CAR_L5_base',
test/fixture	praxis/web-client/src/app/features/run-protocol/services/deck-generator.service.spec.ts	88	.ts	text	num_rails	num_tracks	medium	expect(data.resource.num_rails).toBe(30);
test/fixture	praxis/web-client/src/app/features/run-protocol/services/deck-generator.service.spec.ts	116	.ts	text	num_rails	num_tracks	medium	expect(data.resource.num_rails).toBeUndefined(); // Should NOT have rails
code/data	praxis/web-client/src/app/features/run-protocol/services/deck-generator.service.ts	206	.ts	text	num_rails	num_tracks	medium	num_rails: spec.numRails,
code/data	praxis/web-client/src/app/features/run-protocol/services/deck-generator.service.ts	277	.ts	text	num_rails	num_tracks	medium	num_rails: 30,
test/fixture	praxis/web-client/src/app/features/run-protocol/services/wizard-state.service.spec.ts	246	.ts	text	PLT_CAR_L5AC_A00	hamilton_plate_carrier_L5_ac	medium	fqn: 'pylabrobot.resources.hamilton.plate_carriers.PLT_CAR_L5AC_A00',
test/fixture	praxis/web-client/src/app/features/run-protocol/services/wizard-state.service.spec.ts	382	.ts	text	PLT_CAR_L5AC_A00	hamilton_plate_carrier_L5_ac	medium	expect(deck.children[0].type).toContain('PLT_CAR_L5AC_A00');
code/data	praxis/web-client/src/app/features/run-protocol/services/wizard-state.service.ts	159	.ts	text	num_rails	num_tracks	medium	num_rails: spec?.numRails ?? 30,
code/data	praxis/web-client/src/app/shared/components/deck-view/deck-view.component.ts	27	.ts	text	num_rails	num_tracks	medium	@if (resource()?.num_rails) {
code/data	praxis/web-client/src/app/shared/components/deck-view/deck-view.component.ts	816	.ts	text	num_rails	num_tracks	medium	if (!res?.num_rails) return [];
code/data	praxis/web-client/src/app/shared/components/deck-view/deck-view.component.ts	825	.ts	text	num_rails	num_tracks	medium	return railPositions.slice(0, res.num_rails).map((xPos, i) => ({
code/data	praxis/web-client/src/assets/browser-data/plr-definitions.ts	88	.ts	text	Cor_96_wellplate_360ul_Fb	cor_96_wellplate_360uL_Fb	medium	{ accession_id: 'plr-plate-001', name: 'Cor_96_wellplate_360ul_Fb', fqn: 'pylabrobot.resources.corning_costar.plates.Cor_96_w
code/data	praxis/web-client/src/assets/browser-data/plr-definitions.ts	88	.ts	text	Cor_96_wellplate_360ul_Fb	cor_96_wellplate_360uL_Fb	medium	360ul_Fb', fqn: 'pylabrobot.resources.corning_costar.plates.Cor_96_wellplate_360ul_Fb', plr_category: 'Plate', vendor: 'Corning', description: 'C
code/data	praxis/web-client/src/assets/browser-data/plr-definitions.ts	142	.ts	text	PLT_CAR_L5AC_A00	hamilton_plate_carrier_L5_ac	medium	{ accession_id: 'plr-car-001', name: 'PLT_CAR_L5AC_A00', fqn: 'pylabrobot.resources.hamilton.carriers.PLT_CAR_L5AC
code/data	praxis/web-client/src/assets/browser-data/plr-definitions.ts	142	.ts	text	PLT_CAR_L5AC_A00	hamilton_plate_carrier_L5_ac	medium	CAR_L5AC_A00', fqn: 'pylabrobot.resources.hamilton.carriers.PLT_CAR_L5AC_A00', plr_category: 'Carrier', vendor: 'Hamilton', description:
code/data	praxis/web-client/src/assets/browser-data/plr-definitions.ts	143	.ts	text	TIP_CAR_480_A00	hamilton_tip_carrier_L5	medium	{ accession_id: 'plr-car-002', name: 'TIP_CAR_480_A00', fqn: 'pylabrobot.resources.hamilton.carriers.TIP_CAR_480_
code/data	praxis/web-client/src/assets/browser-data/plr-definitions.ts	143	.ts	text	TIP_CAR_480_A00	hamilton_tip_carrier_L5	medium	_CAR_480_A00', fqn: 'pylabrobot.resources.hamilton.carriers.TIP_CAR_480_A00', plr_category: 'Carrier', vendor: 'Hamilton', description:
code/data	praxis/web-client/src/assets/browser-data/plr-resource-definitions.json	57	.json	text	with_teaching_rack	with_teaching_needle_rack	medium	"""with_teaching_rack"": true,"
code/data	praxis/web-client/src/assets/browser-data/resources.ts	80	.ts	text	PLT_CAR_L5AC_A00	hamilton_plate_carrier_L5_ac	medium	name: 'Hamilton PLT_CAR_L5AC_A00',
code/data	praxis/web-client/src/assets/browser-data/resources.ts	81	.ts	text	PLT_CAR_L5AC_A00	hamilton_plate_carrier_L5_ac	medium	fqn: 'pylabrobot.resources.hamilton.PLT_CAR_L5AC_A00',
code/data	praxis/web-client/src/assets/browser-data/resources.ts	91	.ts	text	TIP_CAR_480BC_A00	hamilton_tip_carrier_L5	medium	name: 'Hamilton TIP_CAR_480BC_A00',
code/data	praxis/web-client/src/assets/browser-data/resources.ts	92	.ts	text	TIP_CAR_480BC_A00	hamilton_tip_carrier_L5	medium	fqn: 'pylabrobot.resources.hamilton.TIP_CAR_480BC_A00',
code/data	praxis/web-client/src/assets/demo-data/plr-resource-definitions.json	277	.json	text	NestedTipRack	StandingTipRack	medium	"""name"": ""NestedTipRack"","
code/data	praxis/web-client/src/assets/demo-data/plr-resource-definitions.json	278	.json	text	NestedTipRack	StandingTipRack	medium	"""fqn"": ""pylabrobot.resources.tip_rack.NestedTipRack"","
code/data	praxis/web-client/src/assets/demo-data/plr-resource-definitions.json	299	.json	text	num_rails	num_tracks	medium	"""num_rails"": 30,"
code/data	praxis/web-client/src/assets/demo-data/plr-resource-definitions.json	380	.json	text	MFX_CAR_L5_base	hamilton_mfx_carrier_L5_base	medium	"the DWP module to the MFXCarrier:\n    >>> mfx_carrier_1 = MFX_CAR_L5_base(name=\""mfx_carrier_1\"")\n    >>> mfx_carrier_1[1] = mfx_dwp"
ambiguous	scripts/generate_browser_db.py	931	.py	text_py(comment/unparsed)	PLT_CAR_L5AC_A00	hamilton_plate_carrier_L5_ac	low	PlateHolder.__init__ now requires it. Default to 4.74 (from PLT_CAR_L5AC_A00).
ambiguous	scripts/generate_plr_definitions.py	102	py	attribute	empty	unassign_tip	low	if default is not inspect.Parameter.empty and default is not None:
ambiguous	scripts/plr10/phase2_inventory.py	62	.py	text_py(comment/unparsed)	num_rails	num_tracks	low	"""num_rails"": (""kwarg_or_attr"", ""num_tracks""),"
ambiguous	scripts/plr10/phase2_inventory.py	63	.py	text_py(comment/unparsed)	with_teaching_rack	with_teaching_needle_rack	low	"""with_teaching_rack"": (""kwarg"", ""with_teaching_needle_rack""),"
ambiguous	scripts/plr10/phase2_inventory.py	64	.py	text_py(comment/unparsed)	rails_to_location	track_to_location	low	"""rails_to_location"": (""attr"", ""track_to_location""),"
code/data	scripts/plr10/phase2_inventory.py	65	py	string	rails_for_x_coordinate	track_for_x_coordinate	medium	"""rails_for_x_coordinate"": (""name"", ""track_for_x_coordinate""),"
code/data	scripts/plr10/phase2_inventory.py	66	py	string	TipTracker	pylabrobot.legacy.tip_tracker.TipTracker (or tree: TipSpot.tip)	medium	"""TipTracker"": (""name"", ""pylabrobot.legacy.tip_tracker.TipTracker (or tree: TipSpot.tip)""),"
code/data	scripts/plr10/phase2_inventory.py	66	py	string	TipTracker	pylabrobot.legacy.tip_tracker.TipTracker (or tree: TipSpot.tip)	medium	"""TipTracker"": (""name"", ""pylabrobot.legacy.tip_tracker.TipTracker (or tree: TipSpot.tip)""),"
code/data	scripts/plr10/phase2_inventory.py	67	py	string	TrackerCallback	pylabrobot.legacy.tip_tracker.TrackerCallback	medium	"""TrackerCallback"": (""name"", ""pylabrobot.legacy.tip_tracker.TrackerCallback""),"
code/data	scripts/plr10/phase2_inventory.py	67	py	string	TrackerCallback	pylabrobot.legacy.tip_tracker.TrackerCallback	medium	"""TrackerCallback"": (""name"", ""pylabrobot.legacy.tip_tracker.TrackerCallback""),"
ambiguous	scripts/plr10/phase2_inventory.py	68	.py	text_py(comment/unparsed)	total_tip_length	size_z (removed in 1.0, not merely deprecated)	low	"""total_tip_length"": (""attr"", ""size_z (removed in 1.0, not merely deprecated)"""
ambiguous	scripts/plr10/phase2_inventory.py	69	.py	text_py(comment/unparsed)	set_well_liquids	set_well_volumes	low	"""set_well_liquids"": (""attr"", ""set_well_volumes""),"
ambiguous	scripts/plr10/phase2_inventory.py	70	.py	text_py(comment/unparsed)	disable_tip_trackers	disable_tip_tracking	low	"""disable_tip_trackers"": (""attr"", ""disable_tip_tracking""),"
ambiguous	scripts/plr10/phase2_inventory.py	71	.py	text_py(comment/unparsed)	enable_tip_trackers	enable_tip_tracking	low	"""enable_tip_trackers"": (""attr"", ""enable_tip_tracking""),"
ambiguous	scripts/plr10/phase2_inventory.py	73	.py	text_py(comment/unparsed)	num_rails	num_tracks	low	"TEXT_EXTRA = (""total_tip_length"", ""rails_to_location"", ""num_rails"", ""with_teaching_rack"","
ambiguous	scripts/plr10/phase2_inventory.py	73	.py	text_py(comment/unparsed)	rails_to_location	track_to_location	low	"TEXT_EXTRA = (""total_tip_length"", ""rails_to_location"", ""num_rails"", ""with_teaching_rack"","
ambiguous	scripts/plr10/phase2_inventory.py	73	.py	text_py(comment/unparsed)	total_tip_length	size_z (removed in 1.0, not merely deprecated)	low	"TEXT_EXTRA = (""total_tip_length"", ""rails_to_location"", ""num_rails"", ""with_teaching_rack"","
ambiguous	scripts/plr10/phase2_inventory.py	73	.py	text_py(comment/unparsed)	with_teaching_rack	with_teaching_needle_rack	low	"A = (""total_tip_length"", ""rails_to_location"", ""num_rails"", ""with_teaching_rack"","
ambiguous	scripts/plr10/phase2_inventory.py	74	.py	text_py(comment/unparsed)	disable_tip_trackers	disable_tip_tracking	low	"""set_well_liquids"", ""disable_tip_trackers"", ""enable_tip_trackers"")"
ambiguous	scripts/plr10/phase2_inventory.py	74	.py	text_py(comment/unparsed)	enable_tip_trackers	enable_tip_tracking	low	"""set_well_liquids"", ""disable_tip_trackers"", ""enable_tip_trackers"")"
ambiguous	scripts/plr10/phase2_inventory.py	74	.py	text_py(comment/unparsed)	set_well_liquids	set_well_volumes	low	"""set_well_liquids"", ""disable_tip_trackers"", ""enable_tip_trackers"")"
ambiguous	scripts/plr10/phase2_inventory.py	330	.py	text_py(comment/unparsed)	rails	track	low	""" for i, n in enumerate(sorted(textnames))] + [""const r = { rails: 3 };""])"
code/data	scripts/repl_smoke.py	495	py	string_kwarg	rails	track	medium	"RESULT: dict = {""host_root"": HOST_ROOT}"
ambiguous	scripts/repl_smoke.py	638	.py	text_py(comment/unparsed)	rails	track	low	_deck.assign_child_resource(_rack, rails=3)
survey_data	scripts/survey_plr_deprecations.py	2	py	string	Cor_96_wellplate_360ul_Fb	cor_96_wellplate_360uL_Fb	medium	"""""""Survey every deprecation marker in vendored PyLabRobot: which"
survey_data	scripts/survey_plr_deprecations.py	2	py	string	hamilton_1_trough_200ml_Vb	hamilton_1_trough_200mL_Vb	medium	"""""""Survey every deprecation marker in vendored PyLabRobot: which"
survey_data	scripts/survey_plr_deprecations.py	7	.py	text_py(comment/unparsed)	Cor_96_wellplate_360ul_Fb	cor_96_wellplate_360uL_Fb	low	(`Cor_96_wellplate_360ul_Fb`, `hamilton_1_trough_200ml_Vb`) -- discovered
survey_data	scripts/survey_plr_deprecations.py	7	.py	text_py(comment/unparsed)	hamilton_1_trough_200ml_Vb	hamilton_1_trough_200mL_Vb	low	(`Cor_96_wellplate_360ul_Fb`, `hamilton_1_trough_200ml_Vb`) -- discovered
test/fixture	tests/backend/core/test_consumable_assignment.py	76	py	string	Cor_96_wellplate_360ul_Fb	cor_96_wellplate_360uL_Fb	medium	"res_id, ""pylabrobot.resources.corning.Cor_96_wellplate_360ul_Fb"", ""Plate 1"","
test/fixture	tests/backend/core/test_consumable_assignment.py	104	py	string	Cor_96_wellplate_360ul_Fb	cor_96_wellplate_360uL_Fb	medium	"uuid7(), ""pylabrobot.resources.corning.Cor_96_wellplate_360ul_Fb"", ""Plate 1"","
test/fixture	tests/backend/core/test_deck_config.py	20	py	string	Cor_96_wellplate_360ul_Fb	cor_96_wellplate_360uL_Fb	medium	"""resource_fqn"": ""pylabrobot.resources.corning.Cor_96_wellplate_360ul_Fb"","
test/fixture	tests/models/test_domain/test_deck.py	108	.py	text_py(comment/unparsed)	rails	track	low	"""rails"": 54,"
test/fixture	tests/protocols/test_chatterbox_execution.py	72	py	attribute	empty	unassign_tip	low	if param.annotation is not inspect.Parameter.empty:
test/fixture	tests/utils/test_type_inspection.py	45	py	attribute	empty	unassign_tip	low	assert not is_pylabrobot_resource(inspect.Parameter.empty)
test/fixture	tests/utils/test_type_inspection.py	153	py	attribute	empty	unassign_tip	low	"assert fqn_from_hint(inspect.Parameter.empty) == ""Any"""
test/fixture	tests/utils/test_type_inspection.py	229	py	attribute	empty	unassign_tip	low	"assert serialize_type_hint(inspect.Parameter.empty) == ""Any"""
ambiguous	training/floor_gen/exec_verify.py	55	.py	text_py(comment/unparsed)	Cor_96_wellplate_360ul_Fb	cor_96_wellplate_360uL_Fb	low	#: / Cor_96_wellplate_360ul_Fb).
ambiguous	training/ingest/gap.py	291	py	attribute	empty	unassign_tip	low	"""empty"": self.empty,"
ambiguous	training/ingest/gap.py	522	py	attribute	empty	unassign_tip	low	"""empty_cells"": sum(1 for c in cell_gaps if c.empty),"
survey_data	training/ingest/out/audit_findings.jsonl	61	.jsonl	text	disable_tip_trackers	disable_tip_tracking	medium	"ng"": false, ""evidence"": [{""match_mode"": ""exact"", ""member"": ""disable_tip_trackers"", ""member_is_in_surface"": false, ""receiver"": ""TipRack"", ""re"
survey_data	training/ingest/out/audit_findings.jsonl	61	.jsonl	text	disable_tip_trackers	disable_tip_tracking	medium	"#rack-state"", ""token_kind"": ""dotted"", ""token_raw"": ""TipRack.disable_tip_trackers""}], ""finding_id"": ""74aa6d64296f10b0"", ""kind"": ""unknown_meth"
survey_data	training/ingest/out/audit_findings.jsonl	61	.jsonl	text	disable_tip_trackers	disable_tip_tracking	medium	"moved"": """", ""reading_table_is_wrong"": """", ""subject"": ""other.disable_tip_trackers"", ""verdict"": """", ""verdict_hint"": """"}"
ambiguous	training/overlay_gen/exec_verify.py	57	.py	text_py(comment/unparsed)	Cor_96_wellplate_360ul_Fb	cor_96_wellplate_360uL_Fb	low	#: / Cor_96_wellplate_360ul_Fb).
test/fixture	training/tests/test_deck_lidded_tip_racks.py	200	py	kwarg	rails	track	high	setup.deck.assign_child_resource(stack, rails=rails)
test/fixture	training/tests/test_verify_postconditions.py	79	py	import_module	pylabrobot.resources.tip_tracker	pylabrobot.resources.tip_tracking / pylabrobot.legacy.tip_tracker	high	from pylabrobot.resources.tip_tracker import does_tip_tracking
ambiguous	training/verify/checks.py	514	py	attribute	tracker	tip	low	"has_tip = bool(getattr(spot.tracker, ""has_tip"", None))"
survey_data	training/verify/data/plr_deprecations.json	1067	.json	text	AGenBio_4_troughplate_75000_Vb	AGenBio_4_troughplate_75000uL_Vb	medium	"""qualname"": ""AGenBio_4_troughplate_75000_Vb"","
survey_data	training/verify/data/plr_deprecations.json	1073	.json	text	AGenBio_4_troughplate_75000_Vb	AGenBio_4_troughplate_75000uL_Vb	medium	"""message"": ""AGenBio_4_troughplate_75000_Vb is deprecated. Use AGenBio_4_troughplate_75000uL_Vb instead"
survey_data	training/verify/data/plr_deprecations.json	1073	.json	text	AGenBio_4_troughplate_75000uL_Vb	agenbio_4_troughplate_75mL_Vb	medium	"essage"": ""AGenBio_4_troughplate_75000_Vb is deprecated. Use AGenBio_4_troughplate_75000uL_Vb instead."","
survey_data	training/verify/data/plr_deprecations.json	1078	.json	text	AGenBio_1_wellplate_Fl	AGenBio_1_troughplate_190000uL_Fl	medium	"""qualname"": ""AGenBio_1_wellplate_Fl"","
survey_data	training/verify/data/plr_deprecations.json	1084	.json	text	AGenBio_1_troughplate_190000uL_Fl	agenbio_1_troughplate_190mL_Fl	medium	"""message"": ""AGenBio_1_wellplate_Fl is deprecated. Use AGenBio_1_troughplate_190000uL_Fl instead."","
survey_data	training/verify/data/plr_deprecations.json	1084	.json	text	AGenBio_1_wellplate_Fl	AGenBio_1_troughplate_190000uL_Fl	medium	"""message"": ""AGenBio_1_wellplate_Fl is deprecated. Use AGenBio_1_troughplate_190000uL_Fl instea"
survey_data	training/verify/data/plr_deprecations.json	1089	.json	text	AGenBio_1_troughplate_100000uL_Fl	agenbio_1_troughplate_100mL_Fl	medium	"""qualname"": ""AGenBio_1_troughplate_100000uL_Fl"","
survey_data	training/verify/data/plr_deprecations.json	1095	.json	text	AGenBio_1_troughplate_100000uL_Fl	agenbio_1_troughplate_100mL_Fl	medium	"""message"": ""AGenBio_1_troughplate_100000uL_Fl() is deprecated and will be removed in v1b1. Use agenbio_1_"
survey_data	training/verify/data/plr_deprecations.json	1100	.json	text	AGenBio_1_troughplate_190000uL_Fl	agenbio_1_troughplate_190mL_Fl	medium	"""qualname"": ""AGenBio_1_troughplate_190000uL_Fl"","
survey_data	training/verify/data/plr_deprecations.json	1106	.json	text	AGenBio_1_troughplate_190000uL_Fl	agenbio_1_troughplate_190mL_Fl	medium	"""message"": ""AGenBio_1_troughplate_190000uL_Fl() is deprecated and will be removed in v1b1. Use agenbio_1_"
survey_data	training/verify/data/plr_deprecations.json	1111	.json	text	AGenBio_4_troughplate_75000uL_Vb	agenbio_4_troughplate_75mL_Vb	medium	"""qualname"": ""AGenBio_4_troughplate_75000uL_Vb"","
survey_data	training/verify/data/plr_deprecations.json	1117	.json	text	AGenBio_4_troughplate_75000uL_Vb	agenbio_4_troughplate_75mL_Vb	medium	"""message"": ""AGenBio_4_troughplate_75000uL_Vb() is deprecated and will be removed in v1b1. Use agenbio_4_"
survey_data	training/verify/data/plr_deprecations.json	1122	.json	text	AGenBio_96_wellplate_Ub_2200ul	agenbio_96_wellplate_Ub_2200uL	medium	"""qualname"": ""AGenBio_96_wellplate_Ub_2200ul"","
survey_data	training/verify/data/plr_deprecations.json	1128	.json	text	AGenBio_96_wellplate_Ub_2200ul	agenbio_96_wellplate_Ub_2200uL	medium	"""message"": ""AGenBio_96_wellplate_Ub_2200ul() is deprecated and will be removed in v1b1. Use agenbio_96"
survey_data	training/verify/data/plr_deprecations.json	1133	.json	text	agilent_96_wellplate_150uL_Ub	agilent_96_wellplate_150uL_Vb	medium	"""qualname"": ""agilent_96_wellplate_150uL_Ub"","
survey_data	training/verify/data/plr_deprecations.json	1139	.json	text	agilent_96_wellplate_150uL_Ub	agilent_96_wellplate_150uL_Vb	medium	"""message"": ""agilent_96_wellplate_150uL_Ub is deprecated. Use agilent_96_wellplate_150uL_Vb instead."","
survey_data	training/verify/data/plr_deprecations.json	1144	.json	text	Agilent_2_reservoir_144mL_Vb	agilent_2_reservoir_144mL_Vb	medium	"""qualname"": ""Agilent_2_reservoir_144mL_Vb"","
survey_data	training/verify/data/plr_deprecations.json	1150	.json	text	Agilent_2_reservoir_144mL_Vb	agilent_2_reservoir_144mL_Vb	medium	"""message"": ""Agilent_2_reservoir_144mL_Vb() is deprecated and will be removed in v1b1. Use agilent_2_"
survey_data	training/verify/data/plr_deprecations.json	1155	.json	text	Alpaqua_96_magnum_flx	alpaqua_96_plateadapter_magnum_flx	medium	"""qualname"": ""Alpaqua_96_magnum_flx"","
survey_data	training/verify/data/plr_deprecations.json	1161	.json	text	Alpaqua_96_magnum_flx	alpaqua_96_plateadapter_magnum_flx	medium	"""message"": ""Alpaqua_96_magnum_flx is deprecated. Use 'alpaqua_96_plateadapter_magnum_flx' ins"
survey_data	training/verify/data/plr_deprecations.json	1166	.json	text	Azenta4titudeFrameStar_96_wellplate_200ul_Vb	azenta_96_wellplate_200uL_Vb_4titudeframestar	medium	"""qualname"": ""Azenta4titudeFrameStar_96_wellplate_200ul_Vb"","
survey_data	training/verify/data/plr_deprecations.json	1172	.json	text	Azenta4titudeFrameStar_96_wellplate_200ul_Vb	azenta_96_wellplate_200uL_Vb_4titudeframestar	medium	"""message"": ""Azenta4titudeFrameStar_96_wellplate_200ul_Vb() is deprecated and will be removed in v1b1. Use azenta_96_"
survey_data	training/verify/data/plr_deprecations.json	1177	.json	text	BioRad_384_wellplate_50uL_Vb	biorad_384_wellplate_50uL_Vb	medium	"""qualname"": ""BioRad_384_wellplate_50uL_Vb"","
survey_data	training/verify/data/plr_deprecations.json	1183	.json	text	BioRad_384_wellplate_50uL_Vb	biorad_384_wellplate_50uL_Vb	medium	"""message"": ""BioRad_384_wellplate_50uL_Vb() is deprecated and will be removed in v1b1. Use biorad_384"
survey_data	training/verify/data/plr_deprecations.json	1188	.json	text	BTX_96_wellplate_125ul_Fb_2mm	btx_96_wellplate_125uL_Fb_2mm	medium	"""qualname"": ""BTX_96_wellplate_125ul_Fb_2mm"","
survey_data	training/verify/data/plr_deprecations.json	1194	.json	text	BTX_96_wellplate_125ul_Fb_2mm	btx_96_wellplate_125uL_Fb_2mm	medium	"""message"": ""BTX_96_wellplate_125ul_Fb_2mm() is deprecated and will be removed in v1b1. Use btx_96_wel"
survey_data	training/verify/data/plr_deprecations.json	1199	.json	text	CellTreat_12_troughplate_15000ul_Vb	celltreat_12_troughplate_15mL_Vb	medium	"""qualname"": ""CellTreat_12_troughplate_15000ul_Vb"","
survey_data	training/verify/data/plr_deprecations.json	1205	.json	text	CellTreat_12_troughplate_15000ul_Vb	celltreat_12_troughplate_15mL_Vb	medium	"""message"": ""CellTreat_12_troughplate_15000ul_Vb() is deprecated and will be removed in v1b1. Use celltreat_"
survey_data	training/verify/data/plr_deprecations.json	1210	.json	text	CellTreat_24_wellplate_3300ul_Fb	celltreat_24_wellplate_3300uL_Fb	medium	"""qualname"": ""CellTreat_24_wellplate_3300ul_Fb"","
survey_data	training/verify/data/plr_deprecations.json	1216	.json	text	CellTreat_24_wellplate_3300ul_Fb	celltreat_24_wellplate_3300uL_Fb	medium	"""message"": ""CellTreat_24_wellplate_3300ul_Fb() is deprecated and will be removed in v1b1. Use celltreat_"
survey_data	training/verify/data/plr_deprecations.json	1221	.json	text	CellTreat_6_wellplate_16300ul_Fb	celltreat_6_wellplate_16300uL_Fb	medium	"""qualname"": ""CellTreat_6_wellplate_16300ul_Fb"","
survey_data	training/verify/data/plr_deprecations.json	1227	.json	text	CellTreat_6_wellplate_16300ul_Fb	celltreat_6_wellplate_16300uL_Fb	medium	"""message"": ""CellTreat_6_wellplate_16300ul_Fb() is deprecated and will be removed in v1b1. Use celltreat_"
survey_data	training/verify/data/plr_deprecations.json	1232	.json	text	CellTreat_96_wellplate_350ul_Fb	celltreat_96_wellplate_350uL_Fb	medium	"""qualname"": ""CellTreat_96_wellplate_350ul_Fb"","
survey_data	training/verify/data/plr_deprecations.json	1238	.json	text	CellTreat_96_wellplate_350ul_Fb	celltreat_96_wellplate_350uL_Fb	medium	"""message"": ""CellTreat_96_wellplate_350ul_Fb() is deprecated and will be removed in v1b1. Use celltreat_"
survey_data	training/verify/data/plr_deprecations.json	1243	.json	text	CellTreat_96_wellplate_350ul_Ub	celltreat_96_wellplate_350uL_Ub	medium	"""qualname"": ""CellTreat_96_wellplate_350ul_Ub"","
survey_data	training/verify/data/plr_deprecations.json	1249	.json	text	CellTreat_96_wellplate_350ul_Ub	celltreat_96_wellplate_350uL_Ub	medium	"""message"": ""CellTreat_96_wellplate_350ul_Ub() is deprecated and will be removed in v1b1. Use celltreat_"
survey_data	training/verify/data/plr_deprecations.json	1254	.json	text	CellTreat_6_wellplate_16300ul_Fb_Lid	celltreat_6_wellplate_16300uL_Fb_lid	medium	"""qualname"": ""CellTreat_6_wellplate_16300ul_Fb_Lid"","
survey_data	training/verify/data/plr_deprecations.json	1260	.json	text	CellTreat_6_wellplate_16300ul_Fb_Lid	celltreat_6_wellplate_16300uL_Fb_lid	medium	"""message"": ""CellTreat_6_wellplate_16300ul_Fb_Lid() is deprecated and will be removed in v1b1. Use celltreat_"
survey_data	training/verify/data/plr_deprecations.json	1265	.json	text	CellTreat_24_wellplate_3300ul_Fb_Lid	celltreat_24_wellplate_3300uL_Fb_lid	medium	"""qualname"": ""CellTreat_24_wellplate_3300ul_Fb_Lid"","
survey_data	training/verify/data/plr_deprecations.json	1271	.json	text	CellTreat_24_wellplate_3300ul_Fb_Lid	celltreat_24_wellplate_3300uL_Fb_lid	medium	"""message"": ""CellTreat_24_wellplate_3300ul_Fb_Lid() is deprecated and will be removed in v1b1. Use celltreat_"
survey_data	training/verify/data/plr_deprecations.json	1276	.json	text	CellTreat_96_wellplate_350ul_Ub_Lid	celltreat_96_wellplate_350uL_Ub_lid	medium	"""qualname"": ""CellTreat_96_wellplate_350ul_Ub_Lid"","
survey_data	training/verify/data/plr_deprecations.json	1282	.json	text	CellTreat_96_wellplate_350ul_Ub_Lid	celltreat_96_wellplate_350uL_Ub_lid	medium	"""message"": ""CellTreat_96_wellplate_350ul_Ub_Lid() is deprecated and will be removed in v1b1. Use celltreat_"
survey_data	training/verify/data/plr_deprecations.json	1287	.json	text	celltreat_15000ul_centrifuge_tube_Vb	celltreat_tube_15mL_Vb	medium	"""qualname"": ""celltreat_15000ul_centrifuge_tube_Vb"","
survey_data	training/verify/data/plr_deprecations.json	1293	.json	text	celltreat_15000ul_centrifuge_tube_Vb	celltreat_tube_15mL_Vb	medium	"""message"": ""celltreat_15000ul_centrifuge_tube_Vb() is deprecated and will be removed in v1b1. Use celltreat_"
survey_data	training/verify/data/plr_deprecations.json	1298	.json	text	CellVis_24_wellplate_3600uL_Fb_Lid	cellvis_24_wellplate_3600uL_Fb_lid	medium	"""qualname"": ""CellVis_24_wellplate_3600uL_Fb_Lid"","
survey_data	training/verify/data/plr_deprecations.json	1304	.json	text	CellVis_24_wellplate_3600uL_Fb_Lid	cellvis_24_wellplate_3600uL_Fb_lid	medium	"""message"": ""CellVis_24_wellplate_3600uL_Fb_Lid() is deprecated and will be removed in v1b1. Use cellvis_24"
survey_data	training/verify/data/plr_deprecations.json	1309	.json	text	CellVis_24_wellplate_3600uL_Fb	cellvis_24_wellplate_3600uL_Fb	medium	"""qualname"": ""CellVis_24_wellplate_3600uL_Fb"","
survey_data	training/verify/data/plr_deprecations.json	1315	.json	text	CellVis_24_wellplate_3600uL_Fb	cellvis_24_wellplate_3600uL_Fb	medium	"""message"": ""CellVis_24_wellplate_3600uL_Fb() is deprecated and will be removed in v1b1. Use cellvis_24"
survey_data	training/verify/data/plr_deprecations.json	1320	.json	text	CellVis_96_wellplate_350uL_Fb_Lid	cellvis_96_wellplate_350uL_Fb_lid	medium	"""qualname"": ""CellVis_96_wellplate_350uL_Fb_Lid"","
survey_data	training/verify/data/plr_deprecations.json	1326	.json	text	CellVis_96_wellplate_350uL_Fb_Lid	cellvis_96_wellplate_350uL_Fb_lid	medium	"""message"": ""CellVis_96_wellplate_350uL_Fb_Lid() is deprecated and will be removed in v1b1. Use cellvis_96"
survey_data	training/verify/data/plr_deprecations.json	1331	.json	text	CellVis_96_wellplate_350uL_Fb	cellvis_96_wellplate_350uL_Fb	medium	"""qualname"": ""CellVis_96_wellplate_350uL_Fb"","
survey_data	training/verify/data/plr_deprecations.json	1337	.json	text	CellVis_96_wellplate_350uL_Fb	cellvis_96_wellplate_350uL_Fb	medium	"""message"": ""CellVis_96_wellplate_350uL_Fb() is deprecated and will be removed in v1b1. Use cellvis_96"
survey_data	training/verify/data/plr_deprecations.json	1342	.json	text	Cor_Axy_24_wellplate_10mL_Vb	cor_axy_24_wellplate_10mL_Vb	medium	"""qualname"": ""Cor_Axy_24_wellplate_10mL_Vb"","
survey_data	training/verify/data/plr_deprecations.json	1348	.json	text	Cor_Axy_24_wellplate_10mL_Vb	cor_axy_24_wellplate_10mL_Vb	medium	"""message"": ""Cor_Axy_24_wellplate_10mL_Vb() is deprecated and will be removed in v1b1. Use cor_axy_24"
survey_data	training/verify/data/plr_deprecations.json	1353	.json	text	Cor_Axy_96_wellplate_500uL_Ub	cor_axy_96_wellplate_500uL_Ub	medium	"""qualname"": ""Cor_Axy_96_wellplate_500uL_Ub"","
survey_data	training/verify/data/plr_deprecations.json	1359	.json	text	Cor_Axy_96_wellplate_500uL_Ub	cor_axy_96_wellplate_500uL_Ub	medium	"""message"": ""Cor_Axy_96_wellplate_500uL_Ub() is deprecated and will be removed in v1b1. Use cor_axy_96"
survey_data	training/verify/data/plr_deprecations.json	1364	.json	text	Cor_Cos_12_wellplate_6900ul_Fb	cor_cos_12_wellplate_6900uL_Fb	medium	"""qualname"": ""Cor_Cos_12_wellplate_6900ul_Fb"","
survey_data	training/verify/data/plr_deprecations.json	1370	.json	text	Cor_Cos_12_wellplate_6900ul_Fb	cor_cos_12_wellplate_6900uL_Fb	medium	"""message"": ""Cor_Cos_12_wellplate_6900ul_Fb() is deprecated and will be removed in v1b1. Use cor_cos_12"
survey_data	training/verify/data/plr_deprecations.json	1375	.json	text	Cor_Cos_24_wellplate_3470ul_Fb	cor_cos_24_wellplate_3470uL_Fb	medium	"""qualname"": ""Cor_Cos_24_wellplate_3470ul_Fb"","
survey_data	training/verify/data/plr_deprecations.json	1381	.json	text	Cor_Cos_24_wellplate_3470ul_Fb	cor_cos_24_wellplate_3470uL_Fb	medium	"""message"": ""Cor_Cos_24_wellplate_3470ul_Fb() is deprecated and will be removed in v1b1. Use cor_cos_24"
survey_data	training/verify/data/plr_deprecations.json	1386	.json	text	Cor_Cos_48_wellplate_1620ul_Fb	cor_cos_48_wellplate_1620uL_Fb	medium	"""qualname"": ""Cor_Cos_48_wellplate_1620ul_Fb"","
survey_data	training/verify/data/plr_deprecations.json	1392	.json	text	Cor_Cos_48_wellplate_1620ul_Fb	cor_cos_48_wellplate_1620uL_Fb	medium	"""message"": ""Cor_Cos_48_wellplate_1620ul_Fb() is deprecated and will be removed in v1b1. Use cor_cos_48"
survey_data	training/verify/data/plr_deprecations.json	1397	.json	text	Cor_Cos_6_wellplate_16800ul_Fb	cor_cos_6_wellplate_16800uL_Fb	medium	"""qualname"": ""Cor_Cos_6_wellplate_16800ul_Fb"","
survey_data	training/verify/data/plr_deprecations.json	1403	.json	text	Cor_Cos_6_wellplate_16800ul_Fb	cor_cos_6_wellplate_16800uL_Fb	medium	"""message"": ""Cor_Cos_6_wellplate_16800ul_Fb() is deprecated and will be removed in v1b1. Use cor_cos_6_"
survey_data	training/verify/data/plr_deprecations.json	1408	.json	text	Cor_Cos_6_wellplate_16800ul_Fb_Lid	cor_cos_6_wellplate_16800uL_Fb_lid	medium	"""qualname"": ""Cor_Cos_6_wellplate_16800ul_Fb_Lid"","
survey_data	training/verify/data/plr_deprecations.json	1414	.json	text	Cor_Cos_6_wellplate_16800ul_Fb_Lid	cor_cos_6_wellplate_16800uL_Fb_lid	medium	"""message"": ""Cor_Cos_6_wellplate_16800ul_Fb_Lid() is deprecated and will be removed in v1b1. Use cor_cos_6_"
survey_data	training/verify/data/plr_deprecations.json	1419	.json	text	Cor_Falcon_96_wellplate_250ul_Rb	cor_falcon_96_wellplate_250uL_Rb	medium	"""qualname"": ""Cor_Falcon_96_wellplate_250ul_Rb"","
survey_data	training/verify/data/plr_deprecations.json	1425	.json	text	Cor_Falcon_96_wellplate_250ul_Rb	cor_falcon_96_wellplate_250uL_Rb	medium	"""message"": ""Cor_Falcon_96_wellplate_250ul_Rb() is deprecated and will be removed in v1b1. Use cor_falcon"
survey_data	training/verify/data/plr_deprecations.json	1430	.json	text	Cor_Falcon_96_wellplate_275ul_Fb	cor_falcon_96_wellplate_275uL_Fb	medium	"""qualname"": ""Cor_Falcon_96_wellplate_275ul_Fb"","
survey_data	training/verify/data/plr_deprecations.json	1436	.json	text	Cor_Falcon_96_wellplate_275ul_Fb	cor_falcon_96_wellplate_275uL_Fb	medium	"""message"": ""Cor_Falcon_96_wellplate_275ul_Fb() is deprecated and will be removed in v1b1. Use cor_falcon"
survey_data	training/verify/data/plr_deprecations.json	1441	.json	text	Cor_Falcon_96_wellplate_340ul_Fb_Black	cor_falcon_96_wellplate_340uL_Fb_black	medium	"""qualname"": ""Cor_Falcon_96_wellplate_340ul_Fb_Black"","
survey_data	training/verify/data/plr_deprecations.json	1447	.json	text	Cor_Falcon_96_wellplate_340ul_Fb_Black	cor_falcon_96_wellplate_340uL_Fb_black	medium	"""message"": ""Cor_Falcon_96_wellplate_340ul_Fb_Black() is deprecated and will be removed in v1b1. Use cor_falcon"
survey_data	training/verify/data/plr_deprecations.json	1452	.json	text	Cor_Falcon_tube_14mL_Rb	cor_falcon_tube_14mL_Rb	medium	"""qualname"": ""Cor_Falcon_tube_14mL_Rb"","
survey_data	training/verify/data/plr_deprecations.json	1458	.json	text	Cor_Falcon_tube_14mL_Rb	cor_falcon_tube_14mL_Rb	medium	"""message"": ""Cor_Falcon_tube_14mL_Rb() is deprecated and will be removed in v1b1. Use cor_falcon"
survey_data	training/verify/data/plr_deprecations.json	1463	.json	text	Cor_Falcon_tube_15mL_Vb	cor_falcon_tube_15mL_Vb	medium	"""qualname"": ""Cor_Falcon_tube_15mL_Vb"","
survey_data	training/verify/data/plr_deprecations.json	1469	.json	text	Cor_Falcon_tube_15mL_Vb	cor_falcon_tube_15mL_Vb	medium	"""message"": ""Cor_Falcon_tube_15mL_Vb() is deprecated and will be removed in v1b1. Use cor_falcon"
survey_data	training/verify/data/plr_deprecations.json	1474	.json	text	Cor_Falcon_tube_50mL_Vb	cor_falcon_tube_50mL_Vb	medium	"""qualname"": ""Cor_Falcon_tube_50mL_Vb"","
survey_data	training/verify/data/plr_deprecations.json	1480	.json	text	Cor_Falcon_tube_50mL_Vb	cor_falcon_tube_50mL_Vb	medium	"""message"": ""Cor_Falcon_tube_50mL_Vb() is deprecated and will be removed in v1b1. Use cor_falcon"
survey_data	training/verify/data/plr_deprecations.json	1485	.json	text	Cor_96_wellplate_2mL_Vb	cor_96_wellplate_2mL_Vb	medium	"""qualname"": ""Cor_96_wellplate_2mL_Vb"","
survey_data	training/verify/data/plr_deprecations.json	1491	.json	text	Cor_96_wellplate_2mL_Vb	cor_96_wellplate_2mL_Vb	medium	"""message"": ""Cor_96_wellplate_2mL_Vb() is deprecated and will be removed in v1b1. Use cor_96_wel"
survey_data	training/verify/data/plr_deprecations.json	1496	.json	text	Cor_96_wellplate_360ul_Fb	cor_96_wellplate_360uL_Fb	medium	"""qualname"": ""Cor_96_wellplate_360ul_Fb"","
survey_data	training/verify/data/plr_deprecations.json	1502	.json	text	Cor_96_wellplate_360ul_Fb	cor_96_wellplate_360uL_Fb	medium	"""message"": ""Cor_96_wellplate_360ul_Fb() is deprecated and will be removed in v1b1. Use cor_96_wel"
survey_data	training/verify/data/plr_deprecations.json	1507	.json	text	Cor_96_wellplate_360ul_Fb_Lid	cor_96_wellplate_360uL_Fb_lid	medium	"""qualname"": ""Cor_96_wellplate_360ul_Fb_Lid"","
survey_data	training/verify/data/plr_deprecations.json	1513	.json	text	Cor_96_wellplate_360ul_Fb_Lid	cor_96_wellplate_360uL_Fb_lid	medium	"""message"": ""Cor_96_wellplate_360ul_Fb_Lid() is deprecated and will be removed in v1b1. Use cor_96_wel"
survey_data	training/verify/data/plr_deprecations.json	1518	.json	text	Eppendorf_DNA_LoBind_1_5ml_Vb	eppendorf_tube_1500uL_Vb	medium	"""qualname"": ""Eppendorf_DNA_LoBind_1_5ml_Vb"","
survey_data	training/verify/data/plr_deprecations.json	1524	.json	text	Eppendorf_DNA_LoBind_1_5ml_Vb	eppendorf_tube_1500uL_Vb	medium	"""message"": ""Eppendorf_DNA_LoBind_1_5ml_Vb is deprecated and will be removed in 2026-04. Use eppendorf"
survey_data	training/verify/data/plr_deprecations.json	1529	.json	text	Eppendorf_Protein_LoBind_1_5ml_Vb	eppendorf_tube_1500uL_Vb	medium	"""qualname"": ""Eppendorf_Protein_LoBind_1_5ml_Vb"","
survey_data	training/verify/data/plr_deprecations.json	1535	.json	text	Eppendorf_Protein_LoBind_1_5ml_Vb	eppendorf_tube_1500uL_Vb	medium	"""message"": ""Eppendorf_Protein_LoBind_1_5ml_Vb is deprecated and will be removed in 2026-04. Use eppendorf"
survey_data	training/verify/data/plr_deprecations.json	1551	.json	text	prep_core_gripper_mount	prep_core_gripper_holder	medium	"""qualname"": ""prep_core_gripper_mount"","
survey_data	training/verify/data/plr_deprecations.json	1557	.json	text	prep_core_gripper_mount	prep_core_gripper_holder	medium	"""message"": ""prep_core_gripper_mount is deprecated. Use 'prep_core_gripper_holder' instead."","
survey_data	training/verify/data/plr_deprecations.json	1562	.json	text	rails_for_x_coordinate	track_for_x_coordinate	medium	"""qualname"": ""rails_for_x_coordinate"","
survey_data	training/verify/data/plr_deprecations.json	1568	.json	text	rails_for_x_coordinate	track_for_x_coordinate	medium	"""message"": ""`rails_for_x_coordinate` is deprecated, use `track_for_x_coordinate`: a track is th"
survey_data	training/verify/data/plr_deprecations.json	1579	.json	text	num_rails	num_tracks	medium	"""message"": ""`num_rails` is deprecated, use `num_tracks`: a track is the part of th"
survey_data	training/verify/data/plr_deprecations.json	1584	.json	text	rails_to_location	track_to_location	medium	"""qualname"": ""HamiltonDeck.rails_to_location"","
survey_data	training/verify/data/plr_deprecations.json	1590	.json	text	rails_to_location	track_to_location	medium	"""message"": ""`rails_to_location` is deprecated, use `track_to_location`: a track is the par"
survey_data	training/verify/data/plr_deprecations.json	1595	.json	text	num_rails	num_tracks	medium	"""qualname"": ""HamiltonDeck.num_rails"","
survey_data	training/verify/data/plr_deprecations.json	1601	.json	text	num_rails	num_tracks	medium	"""message"": ""`num_rails` is deprecated, use `num_tracks`: a track is the part of th"
survey_data	training/verify/data/plr_deprecations.json	1617	.json	text	MFX_CAR_L5_base	hamilton_mfx_carrier_L5_base	medium	"""qualname"": ""MFX_CAR_L5_base"","
survey_data	training/verify/data/plr_deprecations.json	1623	.json	text	MFX_CAR_L5_base	hamilton_mfx_carrier_L5_base	medium	"""message"": ""MFX_CAR_L5_base is deprecated. Use 'hamilton_mfx_carrier_L5_base' instead."""
survey_data	training/verify/data/plr_deprecations.json	1628	.json	text	MFX_TIP_module	hamilton_mfx_tiprackholder_standard	medium	"""qualname"": ""MFX_TIP_module"","
survey_data	training/verify/data/plr_deprecations.json	1634	.json	text	MFX_TIP_module	hamilton_mfx_tiprackholder_standard	medium	"""message"": ""MFX_TIP_module is deprecated and will be removed in the future. Use 'hamil"
survey_data	training/verify/data/plr_deprecations.json	1639	.json	text	Hamilton_MFX_plateholder_DWP_metal_tapped	hamilton_mfx_plateholder_DWP_metal_tapped	medium	"""qualname"": ""Hamilton_MFX_plateholder_DWP_metal_tapped"","
survey_data	training/verify/data/plr_deprecations.json	1645	.json	text	Hamilton_MFX_plateholder_DWP_metal_tapped	hamilton_mfx_plateholder_DWP_metal_tapped	medium	"""message"": ""Hamilton_MFX_plateholder_DWP_metal_tapped is deprecated. Use 'hamilton_mfx_plateholder_DWP_metal_tapp"
survey_data	training/verify/data/plr_deprecations.json	1650	.json	text	MFX_DWP_rackbased_module	hamilton_mfx_plateholder_DWP_flat	medium	"""qualname"": ""MFX_DWP_rackbased_module"","
survey_data	training/verify/data/plr_deprecations.json	1656	.json	text	MFX_DWP_rackbased_module	hamilton_mfx_plateholder_DWP_flat	medium	"""message"": ""MFX_DWP_rackbased_module is deprecated. Use 'hamilton_mfx_plateholder_DWP_flat' inst"
survey_data	training/verify/data/plr_deprecations.json	1661	.json	text	PLT_CAR_L5AC_A00	hamilton_plate_carrier_L5_ac	medium	"""qualname"": ""PLT_CAR_L5AC_A00"","
survey_data	training/verify/data/plr_deprecations.json	1667	.json	text	PLT_CAR_L5AC_A00	hamilton_plate_carrier_L5_ac	medium	"""message"": ""PLT_CAR_L5AC_A00 is deprecated. Use 'hamilton_plate_carrier_L5_ac' instead."""
survey_data	training/verify/data/plr_deprecations.json	1678	.json	text	with_teaching_rack	with_teaching_needle_rack	medium	"""message"": ""`with_teaching_rack` is deprecated, use `with_teaching_needle_rack`: what stand"
survey_data	training/verify/data/plr_deprecations.json	1683	.json	text	TIP_CAR_NTR_A00	hamilton_tip_carrier_L5_ntr_a00	medium	"""qualname"": ""TIP_CAR_NTR_A00"","
survey_data	training/verify/data/plr_deprecations.json	1689	.json	text	TIP_CAR_NTR_A00	hamilton_tip_carrier_L5_ntr_a00	medium	"""message"": ""TIP_CAR_NTR_A00 is deprecated. Use 'hamilton_tip_carrier_L5_ntr_a00' instea"
survey_data	training/verify/data/plr_deprecations.json	1694	.json	text	TIP_CAR_480	hamilton_tip_carrier_L5	medium	"""qualname"": ""TIP_CAR_480"","
survey_data	training/verify/data/plr_deprecations.json	1700	.json	text	TIP_CAR_480	hamilton_tip_carrier_L5	medium	"""message"": ""TIP_CAR_480 is deprecated. Use 'hamilton_tip_carrier_L5' instead."","
survey_data	training/verify/data/plr_deprecations.json	1705	.json	text	TIP_CAR_480BC_A00	hamilton_tip_carrier_L5	medium	"""qualname"": ""TIP_CAR_480BC_A00"","
survey_data	training/verify/data/plr_deprecations.json	1711	.json	text	TIP_CAR_480BC_A00	hamilton_tip_carrier_L5	medium	"""message"": ""TIP_CAR_480BC_A00 is deprecated. Use 'hamilton_tip_carrier_L5' instead."","
survey_data	training/verify/data/plr_deprecations.json	1716	.json	text	TIP_CAR_480_A00	hamilton_tip_carrier_L5	medium	"""qualname"": ""TIP_CAR_480_A00"","
survey_data	training/verify/data/plr_deprecations.json	1722	.json	text	TIP_CAR_480_A00	hamilton_tip_carrier_L5	medium	"""message"": ""TIP_CAR_480_A00 is deprecated. Use 'hamilton_tip_carrier_L5' instead."","
survey_data	training/verify/data/plr_deprecations.json	1727	.json	text	standard_volume_tip_no_filter	hamilton_tip_300uL	medium	"""qualname"": ""standard_volume_tip_no_filter"","
survey_data	training/verify/data/plr_deprecations.json	1733	.json	text	standard_volume_tip_no_filter	hamilton_tip_300uL	medium	"""message"": ""standard_volume_tip_no_filter is deprecated, use hamilton_tip_300uL instead"","
survey_data	training/verify/data/plr_deprecations.json	1738	.json	text	standard_volume_tip_with_filter	hamilton_tip_300uL_filter	medium	"""qualname"": ""standard_volume_tip_with_filter"","
survey_data	training/verify/data/plr_deprecations.json	1744	.json	text	standard_volume_tip_with_filter	hamilton_tip_300uL_filter	medium	"""message"": ""standard_volume_tip_with_filter is deprecated, use hamilton_tip_300uL_filter instead"","
survey_data	training/verify/data/plr_deprecations.json	1749	.json	text	slim_standard_volume_tip_with_filter	hamilton_tip_300uL_filter_slim	medium	"""qualname"": ""slim_standard_volume_tip_with_filter"","
survey_data	training/verify/data/plr_deprecations.json	1755	.json	text	slim_standard_volume_tip_with_filter	hamilton_tip_300uL_filter_slim	medium	"""message"": ""slim_standard_volume_tip_with_filter is deprecated, use hamilton_tip_300uL_filter_slim instead"","
survey_data	training/verify/data/plr_deprecations.json	1760	.json	text	ultrawide_standard_volume_tip_with_filter	hamilton_tip_300uL_filter_ultrawide	medium	"""qualname"": ""ultrawide_standard_volume_tip_with_filter"","
survey_data	training/verify/data/plr_deprecations.json	1766	.json	text	ultrawide_standard_volume_tip_with_filter	hamilton_tip_300uL_filter_ultrawide	medium	"""message"": ""ultrawide_standard_volume_tip_with_filter is deprecated, use hamilton_tip_300uL_filter_ultrawide inst"
survey_data	training/verify/data/plr_deprecations.json	1771	.json	text	low_volume_tip_no_filter	hamilton_tip_10uL	medium	"""qualname"": ""low_volume_tip_no_filter"","
survey_data	training/verify/data/plr_deprecations.json	1777	.json	text	low_volume_tip_no_filter	hamilton_tip_10uL	medium	"""message"": ""low_volume_tip_no_filter is deprecated, use hamilton_tip_10uL instead"","
survey_data	training/verify/data/plr_deprecations.json	1782	.json	text	low_volume_tip_with_filter	hamilton_tip_10uL_filter	medium	"""qualname"": ""low_volume_tip_with_filter"","
survey_data	training/verify/data/plr_deprecations.json	1788	.json	text	low_volume_tip_with_filter	hamilton_tip_10uL_filter	medium	"""message"": ""low_volume_tip_with_filter is deprecated, use hamilton_tip_10uL_filter instead"","
survey_data	training/verify/data/plr_deprecations.json	1793	.json	text	high_volume_tip_no_filter	hamilton_tip_1000uL	medium	"""qualname"": ""high_volume_tip_no_filter"","
survey_data	training/verify/data/plr_deprecations.json	1799	.json	text	high_volume_tip_no_filter	hamilton_tip_1000uL	medium	"""message"": ""high_volume_tip_no_filter is deprecated, use hamilton_tip_1000uL instead"","
survey_data	training/verify/data/plr_deprecations.json	1804	.json	text	high_volume_tip_with_filter	hamilton_tip_1000uL_filter	medium	"""qualname"": ""high_volume_tip_with_filter"","
survey_data	training/verify/data/plr_deprecations.json	1810	.json	text	high_volume_tip_with_filter	hamilton_tip_1000uL_filter	medium	"""message"": ""high_volume_tip_with_filter is deprecated, use hamilton_tip_1000uL_filter instead"","
survey_data	training/verify/data/plr_deprecations.json	1815	.json	text	wide_high_volume_tip_with_filter	hamilton_tip_1000uL_filter_wide	medium	"""qualname"": ""wide_high_volume_tip_with_filter"","
survey_data	training/verify/data/plr_deprecations.json	1821	.json	text	wide_high_volume_tip_with_filter	hamilton_tip_1000uL_filter_wide	medium	"""message"": ""wide_high_volume_tip_with_filter is deprecated, use hamilton_tip_1000uL_filter_wide instead"""
survey_data	training/verify/data/plr_deprecations.json	1826	.json	text	ultrawide_high_volume_tip_with_filter	hamilton_tip_1000uL_filter_ultrawide	medium	"""qualname"": ""ultrawide_high_volume_tip_with_filter"","
survey_data	training/verify/data/plr_deprecations.json	1832	.json	text	ultrawide_high_volume_tip_with_filter	hamilton_tip_1000uL_filter_ultrawide	medium	"""message"": ""ultrawide_high_volume_tip_with_filter is deprecated, use hamilton_tip_1000uL_filter_ultrawide ins"
survey_data	training/verify/data/plr_deprecations.json	1837	.json	text	four_ml_tip_with_filter	hamilton_tip_4000uL_filter	medium	"""qualname"": ""four_ml_tip_with_filter"","
survey_data	training/verify/data/plr_deprecations.json	1843	.json	text	four_ml_tip_with_filter	hamilton_tip_4000uL_filter	medium	"""message"": ""four_ml_tip_with_filter is deprecated, use hamilton_tip_4000uL_filter instead"","
survey_data	training/verify/data/plr_deprecations.json	1848	.json	text	five_ml_tip_with_filter	hamilton_tip_5000uL_filter	medium	"""qualname"": ""five_ml_tip_with_filter"","
survey_data	training/verify/data/plr_deprecations.json	1854	.json	text	five_ml_tip_with_filter	hamilton_tip_5000uL_filter	medium	"""message"": ""five_ml_tip_with_filter is deprecated, use hamilton_tip_5000uL_filter instead"","
survey_data	training/verify/data/plr_deprecations.json	1859	.json	text	five_ml_tip	hamilton_tip_5000uL	medium	"""qualname"": ""five_ml_tip"","
survey_data	training/verify/data/plr_deprecations.json	1865	.json	text	five_ml_tip	hamilton_tip_5000uL	medium	"""message"": ""five_ml_tip is deprecated, use hamilton_tip_5000uL instead"","
survey_data	training/verify/data/plr_deprecations.json	1870	.json	text	fifty_ul_tip_with_filter	hamilton_tip_50uL_filter	medium	"""qualname"": ""fifty_ul_tip_with_filter"","
survey_data	training/verify/data/plr_deprecations.json	1876	.json	text	fifty_ul_tip_with_filter	hamilton_tip_50uL_filter	medium	"""message"": ""fifty_ul_tip_with_filter is deprecated, use hamilton_tip_50uL_filter instead"","
survey_data	training/verify/data/plr_deprecations.json	1881	.json	text	fifty_ul_tip_no_filter	hamilton_tip_50uL	medium	"""qualname"": ""fifty_ul_tip_no_filter"","
survey_data	training/verify/data/plr_deprecations.json	1887	.json	text	fifty_ul_tip_no_filter	hamilton_tip_50uL	medium	"""message"": ""fifty_ul_tip_no_filter is deprecated, use hamilton_tip_50uL instead"","
survey_data	training/verify/data/plr_deprecations.json	1892	.json	text	hamilton_tiprack_standard	hamilton_96_tiprack_standard	medium	"""qualname"": ""hamilton_tiprack_standard"","
survey_data	training/verify/data/plr_deprecations.json	1898	.json	text	hamilton_tiprack_standard	hamilton_96_tiprack_standard	medium	"""message"": ""hamilton_tiprack_standard is deprecated. Use 'hamilton_96_tiprack_standard' instead."""
survey_data	training/verify/data/plr_deprecations.json	1903	.json	text	Hamilton_1_trough_200ml_Vb	hamilton_1_trough_200mL_Vb	medium	"""qualname"": ""Hamilton_1_trough_200ml_Vb"","
survey_data	training/verify/data/plr_deprecations.json	1909	.json	text	Hamilton_1_trough_200ml_Vb	hamilton_1_trough_200mL_Vb	medium	"""message"": ""Hamilton_1_trough_200ml_Vb() is deprecated and will be removed after 2026-07. Use hami"
survey_data	training/verify/data/plr_deprecations.json	1914	.json	text	hamilton_1_trough_200ml_Vb	hamilton_1_trough_200mL_Vb	medium	"""qualname"": ""hamilton_1_trough_200ml_Vb"","
survey_data	training/verify/data/plr_deprecations.json	1920	.json	text	hamilton_1_trough_200ml_Vb	hamilton_1_trough_200mL_Vb	medium	"""message"": ""hamilton_1_trough_200ml_Vb() is deprecated and will be removed after 2026-07. Use hami"
survey_data	training/verify/data/plr_deprecations.json	1925	.json	text	hamilton_1_trough_60ml_Vb	hamilton_1_trough_60mL_Vb	medium	"""qualname"": ""hamilton_1_trough_60ml_Vb"","
survey_data	training/verify/data/plr_deprecations.json	1931	.json	text	hamilton_1_trough_60ml_Vb	hamilton_1_trough_60mL_Vb	medium	"""message"": ""hamilton_1_trough_60ml_Vb() is deprecated and will be removed after 2026-07. Use hami"
survey_data	training/verify/data/plr_deprecations.json	1936	.json	text	Tube_CAR_32_A00	hamilton_tube_carrier_32_a00_insert_eppendorf_1_5mL	medium	"""qualname"": ""Tube_CAR_32_A00"","
survey_data	training/verify/data/plr_deprecations.json	1942	.json	text	Tube_CAR_32_A00	hamilton_tube_carrier_32_a00_insert_eppendorf_1_5mL	medium	"""message"": ""The true dimensions of a Tube_CAR_32_A00 (SMP_CAR_32_A00) are not known. The hamilton definitions ar"
survey_data	training/verify/data/plr_deprecations.json	1947	.json	text	set_well_liquids	set_well_volumes	medium	"""qualname"": ""Plate.set_well_liquids"","
survey_data	training/verify/data/plr_deprecations.json	1953	.json	text	set_well_liquids	set_well_volumes	medium	"""message"": ""set_well_liquids is deprecated and will be removed in a future version. Use"
survey_data	training/verify/data/plr_deprecations.json	1969	.json	text	disable_tip_trackers	disable_tip_tracking	medium	"""qualname"": ""TipRack.disable_tip_trackers"","
survey_data	training/verify/data/plr_deprecations.json	1975	.json	text	disable_tip_trackers	disable_tip_tracking	medium	"""message"": ""TipRack.disable_tip_trackers is deprecated. Use 'disable_tip_tracking' instead."","
survey_data	training/verify/data/plr_deprecations.json	1980	.json	text	enable_tip_trackers	enable_tip_tracking	medium	"""qualname"": ""TipRack.enable_tip_trackers"","
survey_data	training/verify/data/plr_deprecations.json	1986	.json	text	enable_tip_trackers	enable_tip_tracking	medium	"""message"": ""TipRack.enable_tip_trackers is deprecated. Use 'enable_tip_tracking' instead."","
survey_data	training/verify/data/plr_deprecations.json	1991	.json	text	NestedTipRack	StandingTipRack	medium	"""qualname"": ""NestedTipRack.__init__"","
survey_data	training/verify/data/plr_deprecations.json	1992	.json	text	NestedTipRack	StandingTipRack	medium	"""class_name"": ""NestedTipRack"","
survey_data	training/verify/data/plr_deprecations.json	1997	.json	text	NestedTipRack	StandingTipRack	medium	"""message"": ""NestedTipRack is deprecated, use StandingTipRack with a stacking_z_height"
survey_data	training/verify/data/plr_preconditions.json	164961	.json	text	TipTracker	pylabrobot.legacy.tip_tracker.TipTracker (or tree: TipSpot.tip)	medium	"""qualname"": ""TipTracker.__init__"","
survey_data	training/verify/data/plr_preconditions.json	164962	.json	text	TipTracker	pylabrobot.legacy.tip_tracker.TipTracker (or tree: TipSpot.tip)	medium	"""class_name"": ""TipTracker"","
survey_data	training/verify/data/plr_preconditions.json	164985	.json	text	TipTracker	pylabrobot.legacy.tip_tracker.TipTracker (or tree: TipSpot.tip)	medium	"""qualname"": ""TipTracker._holder"","
survey_data	training/verify/data/plr_preconditions.json	164986	.json	text	TipTracker	pylabrobot.legacy.tip_tracker.TipTracker (or tree: TipSpot.tip)	medium	"""class_name"": ""TipTracker"","
survey_data	training/verify/data/plr_preconditions.json	165003	.json	text	TipTracker	pylabrobot.legacy.tip_tracker.TipTracker (or tree: TipSpot.tip)	medium	"""qualname"": ""TipTracker._pending_tip"","
survey_data	training/verify/data/plr_preconditions.json	165004	.json	text	TipTracker	pylabrobot.legacy.tip_tracker.TipTracker (or tree: TipSpot.tip)	medium	"""class_name"": ""TipTracker"","
survey_data	training/verify/data/plr_preconditions.json	165019	.json	text	TipTracker	pylabrobot.legacy.tip_tracker.TipTracker (or tree: TipSpot.tip)	medium	"""qualname"": ""TipTracker._tip"","
survey_data	training/verify/data/plr_preconditions.json	165020	.json	text	TipTracker	pylabrobot.legacy.tip_tracker.TipTracker (or tree: TipSpot.tip)	medium	"""class_name"": ""TipTracker"","
survey_data	training/verify/data/plr_preconditions.json	165035	.json	text	TipTracker	pylabrobot.legacy.tip_tracker.TipTracker (or tree: TipSpot.tip)	medium	"""qualname"": ""TipTracker._tip"","
survey_data	training/verify/data/plr_preconditions.json	165036	.json	text	TipTracker	pylabrobot.legacy.tip_tracker.TipTracker (or tree: TipSpot.tip)	medium	"""class_name"": ""TipTracker"","
survey_data	training/verify/data/plr_preconditions.json	165052	.json	text	TipTracker	pylabrobot.legacy.tip_tracker.TipTracker (or tree: TipSpot.tip)	medium	"""qualname"": ""TipTracker._hold"","
survey_data	training/verify/data/plr_preconditions.json	165053	.json	text	TipTracker	pylabrobot.legacy.tip_tracker.TipTracker (or tree: TipSpot.tip)	medium	"""class_name"": ""TipTracker"","
survey_data	training/verify/data/plr_preconditions.json	165071	.json	text	TipTracker	pylabrobot.legacy.tip_tracker.TipTracker (or tree: TipSpot.tip)	medium	"""qualname"": ""TipTracker._put"","
survey_data	training/verify/data/plr_preconditions.json	165072	.json	text	TipTracker	pylabrobot.legacy.tip_tracker.TipTracker (or tree: TipSpot.tip)	medium	"""class_name"": ""TipTracker"","
survey_data	training/verify/data/plr_preconditions.json	165111	.json	text	TipTracker	pylabrobot.legacy.tip_tracker.TipTracker (or tree: TipSpot.tip)	medium	"""qualname"": ""TipTracker.is_disabled"","
survey_data	training/verify/data/plr_preconditions.json	165112	.json	text	TipTracker	pylabrobot.legacy.tip_tracker.TipTracker (or tree: TipSpot.tip)	medium	"""class_name"": ""TipTracker"","
survey_data	training/verify/data/plr_preconditions.json	165127	.json	text	TipTracker	pylabrobot.legacy.tip_tracker.TipTracker (or tree: TipSpot.tip)	medium	"""qualname"": ""TipTracker.has_tip"","
survey_data	training/verify/data/plr_preconditions.json	165128	.json	text	TipTracker	pylabrobot.legacy.tip_tracker.TipTracker (or tree: TipSpot.tip)	medium	"""class_name"": ""TipTracker"","
survey_data	training/verify/data/plr_preconditions.json	165143	.json	text	TipTracker	pylabrobot.legacy.tip_tracker.TipTracker (or tree: TipSpot.tip)	medium	"""qualname"": ""TipTracker.get_tip"","
survey_data	training/verify/data/plr_preconditions.json	165144	.json	text	TipTracker	pylabrobot.legacy.tip_tracker.TipTracker (or tree: TipSpot.tip)	medium	"""class_name"": ""TipTracker"","
survey_data	training/verify/data/plr_preconditions.json	165172	.json	text	TipTracker	pylabrobot.legacy.tip_tracker.TipTracker (or tree: TipSpot.tip)	medium	"""qualname"": ""TipTracker.disable"","
survey_data	training/verify/data/plr_preconditions.json	165173	.json	text	TipTracker	pylabrobot.legacy.tip_tracker.TipTracker (or tree: TipSpot.tip)	medium	"""class_name"": ""TipTracker"","
survey_data	training/verify/data/plr_preconditions.json	165196	.json	text	TipTracker	pylabrobot.legacy.tip_tracker.TipTracker (or tree: TipSpot.tip)	medium	"""qualname"": ""TipTracker.enable"","
survey_data	training/verify/data/plr_preconditions.json	165197	.json	text	TipTracker	pylabrobot.legacy.tip_tracker.TipTracker (or tree: TipSpot.tip)	medium	"""class_name"": ""TipTracker"","
survey_data	training/verify/data/plr_preconditions.json	165220	.json	text	TipTracker	pylabrobot.legacy.tip_tracker.TipTracker (or tree: TipSpot.tip)	medium	"""qualname"": ""TipTracker.add_tip"","
survey_data	training/verify/data/plr_preconditions.json	165221	.json	text	TipTracker	pylabrobot.legacy.tip_tracker.TipTracker (or tree: TipSpot.tip)	medium	"""class_name"": ""TipTracker"","
survey_data	training/verify/data/plr_preconditions.json	165265	.json	text	TipTracker	pylabrobot.legacy.tip_tracker.TipTracker (or tree: TipSpot.tip)	medium	"""qualname"": ""TipTracker.remove_tip"","
survey_data	training/verify/data/plr_preconditions.json	165266	.json	text	TipTracker	pylabrobot.legacy.tip_tracker.TipTracker (or tree: TipSpot.tip)	medium	"""class_name"": ""TipTracker"","
survey_data	training/verify/data/plr_preconditions.json	165308	.json	text	TipTracker	pylabrobot.legacy.tip_tracker.TipTracker (or tree: TipSpot.tip)	medium	"""qualname"": ""TipTracker.commit"","
survey_data	training/verify/data/plr_preconditions.json	165309	.json	text	TipTracker	pylabrobot.legacy.tip_tracker.TipTracker (or tree: TipSpot.tip)	medium	"""class_name"": ""TipTracker"","
survey_data	training/verify/data/plr_preconditions.json	165334	.json	text	TipTracker	pylabrobot.legacy.tip_tracker.TipTracker (or tree: TipSpot.tip)	medium	"""qualname"": ""TipTracker.rollback"","
survey_data	training/verify/data/plr_preconditions.json	165335	.json	text	TipTracker	pylabrobot.legacy.tip_tracker.TipTracker (or tree: TipSpot.tip)	medium	"""class_name"": ""TipTracker"","
survey_data	training/verify/data/plr_preconditions.json	165363	.json	text	TipTracker	pylabrobot.legacy.tip_tracker.TipTracker (or tree: TipSpot.tip)	medium	"""qualname"": ""TipTracker.clear"","
survey_data	training/verify/data/plr_preconditions.json	165364	.json	text	TipTracker	pylabrobot.legacy.tip_tracker.TipTracker (or tree: TipSpot.tip)	medium	"""class_name"": ""TipTracker"","
survey_data	training/verify/data/plr_preconditions.json	165381	.json	text	TipTracker	pylabrobot.legacy.tip_tracker.TipTracker (or tree: TipSpot.tip)	medium	"""qualname"": ""TipTracker.serialize"","
survey_data	training/verify/data/plr_preconditions.json	165382	.json	text	TipTracker	pylabrobot.legacy.tip_tracker.TipTracker (or tree: TipSpot.tip)	medium	"""class_name"": ""TipTracker"","
survey_data	training/verify/data/plr_preconditions.json	165413	.json	text	TipTracker	pylabrobot.legacy.tip_tracker.TipTracker (or tree: TipSpot.tip)	medium	"""qualname"": ""TipTracker.load_state"","
survey_data	training/verify/data/plr_preconditions.json	165414	.json	text	TipTracker	pylabrobot.legacy.tip_tracker.TipTracker (or tree: TipSpot.tip)	medium	"""class_name"": ""TipTracker"","
survey_data	training/verify/data/plr_preconditions.json	165463	.json	text	TipTracker	pylabrobot.legacy.tip_tracker.TipTracker (or tree: TipSpot.tip)	medium	"""qualname"": ""TipTracker.get_tip_origin"","
survey_data	training/verify/data/plr_preconditions.json	165464	.json	text	TipTracker	pylabrobot.legacy.tip_tracker.TipTracker (or tree: TipSpot.tip)	medium	"""class_name"": ""TipTracker"","
survey_data	training/verify/data/plr_preconditions.json	165479	.json	text	TipTracker	pylabrobot.legacy.tip_tracker.TipTracker (or tree: TipSpot.tip)	medium	"""qualname"": ""TipTracker.__repr__"","
survey_data	training/verify/data/plr_preconditions.json	165480	.json	text	TipTracker	pylabrobot.legacy.tip_tracker.TipTracker (or tree: TipSpot.tip)	medium	"""class_name"": ""TipTracker"","
survey_data	training/verify/data/plr_preconditions.json	165495	.json	text	TipTracker	pylabrobot.legacy.tip_tracker.TipTracker (or tree: TipSpot.tip)	medium	"""qualname"": ""TipTracker.register_callback"","
survey_data	training/verify/data/plr_preconditions.json	165496	.json	text	TipTracker	pylabrobot.legacy.tip_tracker.TipTracker (or tree: TipSpot.tip)	medium	"""class_name"": ""TipTracker"","
survey_data	training/verify/data/plr_preconditions.json	167275	.json	text	AGenBio_4_troughplate_75000_Vb	AGenBio_4_troughplate_75000uL_Vb	medium	"""qualname"": ""AGenBio_4_troughplate_75000_Vb"","
survey_data	training/verify/data/plr_preconditions.json	167300	.json	text	AGenBio_1_wellplate_Fl	AGenBio_1_troughplate_190000uL_Fl	medium	"""qualname"": ""AGenBio_1_wellplate_Fl"","
survey_data	training/verify/data/plr_preconditions.json	167359	.json	text	AGenBio_1_troughplate_100000uL_Fl	agenbio_1_troughplate_100mL_Fl	medium	"""qualname"": ""AGenBio_1_troughplate_100000uL_Fl"","
survey_data	training/verify/data/plr_preconditions.json	167384	.json	text	AGenBio_1_troughplate_190000uL_Fl	agenbio_1_troughplate_190mL_Fl	medium	"""qualname"": ""AGenBio_1_troughplate_190000uL_Fl"","
survey_data	training/verify/data/plr_preconditions.json	167409	.json	text	AGenBio_4_troughplate_75000uL_Vb	agenbio_4_troughplate_75mL_Vb	medium	"""qualname"": ""AGenBio_4_troughplate_75000uL_Vb"","
survey_data	training/verify/data/plr_preconditions.json	167434	.json	text	AGenBio_96_wellplate_Ub_2200ul	agenbio_96_wellplate_Ub_2200uL	medium	"""qualname"": ""AGenBio_96_wellplate_Ub_2200ul"","
survey_data	training/verify/data/plr_preconditions.json	167533	.json	text	agilent_96_wellplate_150uL_Ub	agilent_96_wellplate_150uL_Vb	medium	"""qualname"": ""agilent_96_wellplate_150uL_Ub"","
survey_data	training/verify/data/plr_preconditions.json	167573	.json	text	Agilent_2_reservoir_144mL_Vb	agilent_2_reservoir_144mL_Vb	medium	"""qualname"": ""Agilent_2_reservoir_144mL_Vb"","
survey_data	training/verify/data/plr_preconditions.json	167613	.json	text	Alpaqua_96_magnum_flx	alpaqua_96_plateadapter_magnum_flx	medium	"""qualname"": ""Alpaqua_96_magnum_flx"","
survey_data	training/verify/data/plr_preconditions.json	167698	.json	text	Azenta4titudeFrameStar_96_wellplate_200ul_Vb	azenta_96_wellplate_200uL_Vb_4titudeframestar	medium	"""qualname"": ""Azenta4titudeFrameStar_96_wellplate_200ul_Vb"","
survey_data	training/verify/data/plr_preconditions.json	167787	.json	text	BioRad_384_wellplate_50uL_Vb	biorad_384_wellplate_50uL_Vb	medium	"""qualname"": ""BioRad_384_wellplate_50uL_Vb"","
survey_data	training/verify/data/plr_preconditions.json	167891	.json	text	BTX_96_wellplate_125ul_Fb_2mm	btx_96_wellplate_125uL_Fb_2mm	medium	"""qualname"": ""BTX_96_wellplate_125ul_Fb_2mm"","
survey_data	training/verify/data/plr_preconditions.json	168895	.json	text	CellTreat_12_troughplate_15000ul_Vb	celltreat_12_troughplate_15mL_Vb	medium	"""qualname"": ""CellTreat_12_troughplate_15000ul_Vb"","
survey_data	training/verify/data/plr_preconditions.json	168919	.json	text	CellTreat_24_wellplate_3300ul_Fb	celltreat_24_wellplate_3300uL_Fb	medium	"""qualname"": ""CellTreat_24_wellplate_3300ul_Fb"","
survey_data	training/verify/data/plr_preconditions.json	168944	.json	text	CellTreat_6_wellplate_16300ul_Fb	celltreat_6_wellplate_16300uL_Fb	medium	"""qualname"": ""CellTreat_6_wellplate_16300ul_Fb"","
survey_data	training/verify/data/plr_preconditions.json	168969	.json	text	CellTreat_96_wellplate_350ul_Fb	celltreat_96_wellplate_350uL_Fb	medium	"""qualname"": ""CellTreat_96_wellplate_350ul_Fb"","
survey_data	training/verify/data/plr_preconditions.json	168993	.json	text	CellTreat_96_wellplate_350ul_Ub	celltreat_96_wellplate_350uL_Ub	medium	"""qualname"": ""CellTreat_96_wellplate_350ul_Ub"","
survey_data	training/verify/data/plr_preconditions.json	169018	.json	text	CellTreat_6_wellplate_16300ul_Fb_Lid	celltreat_6_wellplate_16300uL_Fb_lid	medium	"""qualname"": ""CellTreat_6_wellplate_16300ul_Fb_Lid"","
survey_data	training/verify/data/plr_preconditions.json	169042	.json	text	CellTreat_24_wellplate_3300ul_Fb_Lid	celltreat_24_wellplate_3300uL_Fb_lid	medium	"""qualname"": ""CellTreat_24_wellplate_3300ul_Fb_Lid"","
survey_data	training/verify/data/plr_preconditions.json	169066	.json	text	CellTreat_96_wellplate_350ul_Ub_Lid	celltreat_96_wellplate_350uL_Ub_lid	medium	"""qualname"": ""CellTreat_96_wellplate_350ul_Ub_Lid"","
survey_data	training/verify/data/plr_preconditions.json	169106	.json	text	celltreat_15000ul_centrifuge_tube_Vb	celltreat_tube_15mL_Vb	medium	"""qualname"": ""celltreat_15000ul_centrifuge_tube_Vb"","
survey_data	training/verify/data/plr_preconditions.json	169200	.json	text	CellVis_24_wellplate_3600uL_Fb_Lid	cellvis_24_wellplate_3600uL_Fb_lid	medium	"""qualname"": ""CellVis_24_wellplate_3600uL_Fb_Lid"","
survey_data	training/verify/data/plr_preconditions.json	169224	.json	text	CellVis_24_wellplate_3600uL_Fb	cellvis_24_wellplate_3600uL_Fb	medium	"""qualname"": ""CellVis_24_wellplate_3600uL_Fb"","
survey_data	training/verify/data/plr_preconditions.json	169249	.json	text	CellVis_96_wellplate_350uL_Fb_Lid	cellvis_96_wellplate_350uL_Fb_lid	medium	"""qualname"": ""CellVis_96_wellplate_350uL_Fb_Lid"","
survey_data	training/verify/data/plr_preconditions.json	169273	.json	text	CellVis_96_wellplate_350uL_Fb	cellvis_96_wellplate_350uL_Fb	medium	"""qualname"": ""CellVis_96_wellplate_350uL_Fb"","
survey_data	training/verify/data/plr_preconditions.json	170465	.json	text	Cor_Axy_24_wellplate_10mL_Vb	cor_axy_24_wellplate_10mL_Vb	medium	"""qualname"": ""Cor_Axy_24_wellplate_10mL_Vb"","
survey_data	training/verify/data/plr_preconditions.json	170490	.json	text	Cor_Axy_96_wellplate_500uL_Ub	cor_axy_96_wellplate_500uL_Ub	medium	"""qualname"": ""Cor_Axy_96_wellplate_500uL_Ub"","
survey_data	training/verify/data/plr_preconditions.json	170599	.json	text	Cor_Cos_12_wellplate_6900ul_Fb	cor_cos_12_wellplate_6900uL_Fb	medium	"""qualname"": ""Cor_Cos_12_wellplate_6900ul_Fb"","
survey_data	training/verify/data/plr_preconditions.json	170624	.json	text	Cor_Cos_24_wellplate_3470ul_Fb	cor_cos_24_wellplate_3470uL_Fb	medium	"""qualname"": ""Cor_Cos_24_wellplate_3470ul_Fb"","
survey_data	training/verify/data/plr_preconditions.json	170649	.json	text	Cor_Cos_48_wellplate_1620ul_Fb	cor_cos_48_wellplate_1620uL_Fb	medium	"""qualname"": ""Cor_Cos_48_wellplate_1620ul_Fb"","
survey_data	training/verify/data/plr_preconditions.json	170674	.json	text	Cor_Cos_6_wellplate_16800ul_Fb	cor_cos_6_wellplate_16800uL_Fb	medium	"""qualname"": ""Cor_Cos_6_wellplate_16800ul_Fb"","
survey_data	training/verify/data/plr_preconditions.json	170699	.json	text	Cor_Cos_6_wellplate_16800ul_Fb_Lid	cor_cos_6_wellplate_16800uL_Fb_lid	medium	"""qualname"": ""Cor_Cos_6_wellplate_16800ul_Fb_Lid"","
survey_data	training/verify/data/plr_preconditions.json	170774	.json	text	Cor_Falcon_96_wellplate_250ul_Rb	cor_falcon_96_wellplate_250uL_Rb	medium	"""qualname"": ""Cor_Falcon_96_wellplate_250ul_Rb"","
survey_data	training/verify/data/plr_preconditions.json	170799	.json	text	Cor_Falcon_96_wellplate_275ul_Fb	cor_falcon_96_wellplate_275uL_Fb	medium	"""qualname"": ""Cor_Falcon_96_wellplate_275ul_Fb"","
survey_data	training/verify/data/plr_preconditions.json	170824	.json	text	Cor_Falcon_96_wellplate_340ul_Fb_Black	cor_falcon_96_wellplate_340uL_Fb_black	medium	"""qualname"": ""Cor_Falcon_96_wellplate_340ul_Fb_Black"","
survey_data	training/verify/data/plr_preconditions.json	170897	.json	text	Cor_Falcon_tube_14mL_Rb	cor_falcon_tube_14mL_Rb	medium	"""qualname"": ""Cor_Falcon_tube_14mL_Rb"","
survey_data	training/verify/data/plr_preconditions.json	170921	.json	text	Cor_Falcon_tube_15mL_Vb	cor_falcon_tube_15mL_Vb	medium	"""qualname"": ""Cor_Falcon_tube_15mL_Vb"","
survey_data	training/verify/data/plr_preconditions.json	170945	.json	text	Cor_Falcon_tube_50mL_Vb	cor_falcon_tube_50mL_Vb	medium	"""qualname"": ""Cor_Falcon_tube_50mL_Vb"","
survey_data	training/verify/data/plr_preconditions.json	171078	.json	text	Cor_96_wellplate_2mL_Vb	cor_96_wellplate_2mL_Vb	medium	"""qualname"": ""Cor_96_wellplate_2mL_Vb"","
survey_data	training/verify/data/plr_preconditions.json	171103	.json	text	Cor_96_wellplate_360ul_Fb	cor_96_wellplate_360uL_Fb	medium	"""qualname"": ""Cor_96_wellplate_360ul_Fb"","
survey_data	training/verify/data/plr_preconditions.json	171128	.json	text	Cor_96_wellplate_360ul_Fb_Lid	cor_96_wellplate_360uL_Fb_lid	medium	"""qualname"": ""Cor_96_wellplate_360ul_Fb_Lid"","
survey_data	training/verify/data/plr_preconditions.json	171944	.json	text	Eppendorf_DNA_LoBind_1_5ml_Vb	eppendorf_tube_1500uL_Vb	medium	"""qualname"": ""Eppendorf_DNA_LoBind_1_5ml_Vb"","
survey_data	training/verify/data/plr_preconditions.json	171969	.json	text	Eppendorf_Protein_LoBind_1_5ml_Vb	eppendorf_tube_1500uL_Vb	medium	"""qualname"": ""Eppendorf_Protein_LoBind_1_5ml_Vb"","
survey_data	training/verify/data/plr_preconditions.json	172476	.json	text	prep_core_gripper_mount	prep_core_gripper_holder	medium	"""qualname"": ""prep_core_gripper_mount"","
survey_data	training/verify/data/plr_preconditions.json	172627	.json	text	rails_for_x_coordinate	track_for_x_coordinate	medium	"""qualname"": ""rails_for_x_coordinate"","
survey_data	training/verify/data/plr_preconditions.json	172658	.json	text	num_rails	num_tracks	medium	"""num_rails"""
survey_data	training/verify/data/plr_preconditions.json	172663	.json	text	num_rails	num_tracks	medium	"""condition"": ""num_rails is not None"","
survey_data	training/verify/data/plr_preconditions.json	172666	.json	text	num_rails	num_tracks	medium	"""if num_rails is not None"","
survey_data	training/verify/data/plr_preconditions.json	172674	.json	text	num_rails	num_tracks	medium	"""condition"": ""num_rails is None"","
survey_data	training/verify/data/plr_preconditions.json	172677	.json	text	num_rails	num_tracks	medium	"""if num_rails is None"""
survey_data	training/verify/data/plr_preconditions.json	172710	.json	text	num_rails	num_tracks	medium	"""num_rails"","
survey_data	training/verify/data/plr_preconditions.json	172716	.json	text	rails_to_location	track_to_location	medium	"o_location is HamiltonDeck.track_to_location and type(self).rails_to_location is HamiltonDeck.rails_to_location"","
survey_data	training/verify/data/plr_preconditions.json	172716	.json	text	rails_to_location	track_to_location	medium	"o_location and type(self).rails_to_location is HamiltonDeck.rails_to_location"","
survey_data	training/verify/data/plr_preconditions.json	172719	.json	text	rails_to_location	track_to_location	medium	"o_location is HamiltonDeck.track_to_location and type(self).rails_to_location is HamiltonDeck.rails_to_location"""
survey_data	training/verify/data/plr_preconditions.json	172719	.json	text	rails_to_location	track_to_location	medium	"o_location and type(self).rails_to_location is HamiltonDeck.rails_to_location"""
survey_data	training/verify/data/plr_preconditions.json	172794	.json	text	rails_to_location	track_to_location	medium	"""rails_to_location"""
survey_data	training/verify/data/plr_preconditions.json	172802	.json	text	rails_to_location	track_to_location	medium	"""qualname"": ""HamiltonDeck.rails_to_location"","
survey_data	training/verify/data/plr_preconditions.json	172827	.json	text	num_rails	num_tracks	medium	"""qualname"": ""HamiltonDeck.num_rails"","
survey_data	training/verify/data/plr_preconditions.json	173486	.json	text	MFX_CAR_L5_base	hamilton_mfx_carrier_L5_base	medium	"""qualname"": ""MFX_CAR_L5_base"","
survey_data	training/verify/data/plr_preconditions.json	173527	.json	text	MFX_TIP_module	hamilton_mfx_tiprackholder_standard	medium	"""qualname"": ""MFX_TIP_module"","
survey_data	training/verify/data/plr_preconditions.json	173615	.json	text	Hamilton_MFX_plateholder_DWP_metal_tapped	hamilton_mfx_plateholder_DWP_metal_tapped	medium	"""qualname"": ""Hamilton_MFX_plateholder_DWP_metal_tapped"","
survey_data	training/verify/data/plr_preconditions.json	173639	.json	text	MFX_DWP_rackbased_module	hamilton_mfx_plateholder_DWP_flat	medium	"""qualname"": ""MFX_DWP_rackbased_module"","
survey_data	training/verify/data/plr_preconditions.json	173684	.json	text	num_rails	num_tracks	medium	"""num_rails"","
survey_data	training/verify/data/plr_preconditions.json	173905	.json	text	num_rails	num_tracks	medium	"""num_rails"","
survey_data	training/verify/data/plr_preconditions.json	174710	.json	text	PLT_CAR_L5AC_A00	hamilton_plate_carrier_L5_ac	medium	"""qualname"": ""PLT_CAR_L5AC_A00"","
survey_data	training/verify/data/plr_preconditions.json	175238	.json	text	num_rails	num_tracks	medium	"""num_rails"","
survey_data	training/verify/data/plr_preconditions.json	175239	.json	text	with_teaching_rack	with_teaching_needle_rack	medium	"""with_teaching_rack"""
survey_data	training/verify/data/plr_preconditions.json	175289	.json	text	with_teaching_rack	with_teaching_needle_rack	medium	"""if with_teaching_rack is not None"""
survey_data	training/verify/data/plr_preconditions.json	175491	.json	text	with_teaching_rack	with_teaching_needle_rack	medium	"""with_teaching_rack"""
survey_data	training/verify/data/plr_preconditions.json	175513	.json	text	with_teaching_rack	with_teaching_needle_rack	medium	"""with_teaching_rack"""
survey_data	training/verify/data/plr_preconditions.json	175535	.json	text	with_teaching_rack	with_teaching_needle_rack	medium	"""with_teaching_rack"""
survey_data	training/verify/data/plr_preconditions.json	175769	.json	text	TIP_CAR_NTR_A00	hamilton_tip_carrier_L5_ntr_a00	medium	"""qualname"": ""TIP_CAR_NTR_A00"","
survey_data	training/verify/data/plr_preconditions.json	175793	.json	text	TIP_CAR_480	hamilton_tip_carrier_L5	medium	"""qualname"": ""TIP_CAR_480"","
survey_data	training/verify/data/plr_preconditions.json	175817	.json	text	TIP_CAR_480BC_A00	hamilton_tip_carrier_L5	medium	"""qualname"": ""TIP_CAR_480BC_A00"","
survey_data	training/verify/data/plr_preconditions.json	175841	.json	text	TIP_CAR_480_A00	hamilton_tip_carrier_L5	medium	"""qualname"": ""TIP_CAR_480_A00"","
survey_data	training/verify/data/plr_preconditions.json	175984	.json	text	standard_volume_tip_no_filter	hamilton_tip_300uL	medium	"""qualname"": ""standard_volume_tip_no_filter"","
survey_data	training/verify/data/plr_preconditions.json	176008	.json	text	standard_volume_tip_with_filter	hamilton_tip_300uL_filter	medium	"""qualname"": ""standard_volume_tip_with_filter"","
survey_data	training/verify/data/plr_preconditions.json	176032	.json	text	slim_standard_volume_tip_with_filter	hamilton_tip_300uL_filter_slim	medium	"""qualname"": ""slim_standard_volume_tip_with_filter"","
survey_data	training/verify/data/plr_preconditions.json	176056	.json	text	ultrawide_standard_volume_tip_with_filter	hamilton_tip_300uL_filter_ultrawide	medium	"""qualname"": ""ultrawide_standard_volume_tip_with_filter"","
survey_data	training/verify/data/plr_preconditions.json	176080	.json	text	low_volume_tip_no_filter	hamilton_tip_10uL	medium	"""qualname"": ""low_volume_tip_no_filter"","
survey_data	training/verify/data/plr_preconditions.json	176104	.json	text	low_volume_tip_with_filter	hamilton_tip_10uL_filter	medium	"""qualname"": ""low_volume_tip_with_filter"","
survey_data	training/verify/data/plr_preconditions.json	176128	.json	text	high_volume_tip_no_filter	hamilton_tip_1000uL	medium	"""qualname"": ""high_volume_tip_no_filter"","
survey_data	training/verify/data/plr_preconditions.json	176152	.json	text	high_volume_tip_with_filter	hamilton_tip_1000uL_filter	medium	"""qualname"": ""high_volume_tip_with_filter"","
survey_data	training/verify/data/plr_preconditions.json	176176	.json	text	wide_high_volume_tip_with_filter	hamilton_tip_1000uL_filter_wide	medium	"""qualname"": ""wide_high_volume_tip_with_filter"","
survey_data	training/verify/data/plr_preconditions.json	176200	.json	text	ultrawide_high_volume_tip_with_filter	hamilton_tip_1000uL_filter_ultrawide	medium	"""qualname"": ""ultrawide_high_volume_tip_with_filter"","
survey_data	training/verify/data/plr_preconditions.json	176224	.json	text	four_ml_tip_with_filter	hamilton_tip_4000uL_filter	medium	"""qualname"": ""four_ml_tip_with_filter"","
survey_data	training/verify/data/plr_preconditions.json	176248	.json	text	five_ml_tip_with_filter	hamilton_tip_5000uL_filter	medium	"""qualname"": ""five_ml_tip_with_filter"","
survey_data	training/verify/data/plr_preconditions.json	176272	.json	text	five_ml_tip	hamilton_tip_5000uL	medium	"""qualname"": ""five_ml_tip"","
survey_data	training/verify/data/plr_preconditions.json	176296	.json	text	fifty_ul_tip_with_filter	hamilton_tip_50uL_filter	medium	"""qualname"": ""fifty_ul_tip_with_filter"","
survey_data	training/verify/data/plr_preconditions.json	176320	.json	text	fifty_ul_tip_no_filter	hamilton_tip_50uL	medium	"""qualname"": ""fifty_ul_tip_no_filter"","
survey_data	training/verify/data/plr_preconditions.json	177031	.json	text	hamilton_tiprack_standard	hamilton_96_tiprack_standard	medium	"""qualname"": ""hamilton_tiprack_standard"","
survey_data	training/verify/data/plr_preconditions.json	177362	.json	text	Hamilton_1_trough_200ml_Vb	hamilton_1_trough_200mL_Vb	medium	"""qualname"": ""Hamilton_1_trough_200ml_Vb"","
survey_data	training/verify/data/plr_preconditions.json	177386	.json	text	hamilton_1_trough_200ml_Vb	hamilton_1_trough_200mL_Vb	medium	"""qualname"": ""hamilton_1_trough_200ml_Vb"","
survey_data	training/verify/data/plr_preconditions.json	177410	.json	text	hamilton_1_trough_60ml_Vb	hamilton_1_trough_60mL_Vb	medium	"""qualname"": ""hamilton_1_trough_60ml_Vb"","
survey_data	training/verify/data/plr_preconditions.json	177450	.json	text	Tube_CAR_32_A00	hamilton_tube_carrier_32_a00_insert_eppendorf_1_5mL	medium	"""qualname"": ""Tube_CAR_32_A00"","
survey_data	training/verify/data/plr_preconditions.json	177603	.json	text	num_rails	num_tracks	medium	"""for key in ['size_x', 'size_y', 'size_z', 'num_rails']"""
survey_data	training/verify/data/plr_preconditions.json	181774	.json	text	set_well_liquids	set_well_volumes	medium	"""qualname"": ""Plate.set_well_liquids"","
survey_data	training/verify/data/plr_preconditions.json	187320	.json	text	num_rails	num_tracks	medium	"""num_rails"","
survey_data	training/verify/data/plr_preconditions.json	187383	.json	text	num_rails	num_tracks	medium	"""condition"": ""rails is not None and (not 1 <= rails <= self.num_rails)"","
survey_data	training/verify/data/plr_preconditions.json	187386	.json	text	num_rails	num_tracks	medium	"""if rails is not None and (not 1 <= rails <= self.num_rails)"""
survey_data	training/verify/data/plr_preconditions.json	192175	.json	text	disable_tip_trackers	disable_tip_tracking	medium	"""qualname"": ""TipRack.disable_tip_trackers"","
survey_data	training/verify/data/plr_preconditions.json	192199	.json	text	enable_tip_trackers	enable_tip_tracking	medium	"""qualname"": ""TipRack.enable_tip_trackers"","
survey_data	training/verify/data/plr_preconditions.json	192413	.json	text	NestedTipRack	StandingTipRack	medium	"""qualname"": ""NestedTipRack.__init__"","
survey_data	training/verify/data/plr_preconditions.json	192414	.json	text	NestedTipRack	StandingTipRack	medium	"""class_name"": ""NestedTipRack"","
survey_data	training/verify/data/plr_preconditions.json	192452	.json	text	NestedTipRack	StandingTipRack	medium	"""qualname"": ""NestedTipRack.assign_child_resource"","
survey_data	training/verify/data/plr_preconditions.json	192453	.json	text	NestedTipRack	StandingTipRack	medium	"""class_name"": ""NestedTipRack"","
survey_data	training/verify/data/plr_preconditions.json	192470	.json	text	NestedTipRack	StandingTipRack	medium	"""else of: if isinstance(resource, NestedTipRack)"""
survey_data	training/verify/data/plr_preconditions.json	192594	.json	text	TipTracker	pylabrobot.legacy.tip_tracker.TipTracker (or tree: TipSpot.tip)	medium	"""if name in ('TipTracker', 'TrackerCallback')"""
survey_data	training/verify/data/plr_preconditions.json	192594	.json	text	TrackerCallback	pylabrobot.legacy.tip_tracker.TrackerCallback	medium	"""if name in ('TipTracker', 'TrackerCallback')"""
survey_data	training/verify/data/plr_preconditions.upstream_nonlegacy.json	28409	.json	text	rails_to_location	track_to_location	medium	"""cast(HamiltonDeck, self.machine.deck).rails_to_location"""
survey_data	training/verify/data/plr_preconditions.upstream_nonlegacy.json	28555	.json	text	rails_to_location	track_to_location	medium	"""deck.rails_to_location"","
survey_data	training/verify/data/plr_preconditions.upstream_nonlegacy.json	52093	.json	text	AGenBio_4_troughplate_75000_Vb	AGenBio_4_troughplate_75000uL_Vb	medium	"""qualname"": ""AGenBio_4_troughplate_75000_Vb"","
survey_data	training/verify/data/plr_preconditions.upstream_nonlegacy.json	52112	.json	text	AGenBio_1_wellplate_Fl	AGenBio_1_troughplate_190000uL_Fl	medium	"""qualname"": ""AGenBio_1_wellplate_Fl"","
survey_data	training/verify/data/plr_preconditions.upstream_nonlegacy.json	52161	.json	text	AGenBio_1_troughplate_100000uL_Fl	agenbio_1_troughplate_100mL_Fl	medium	"""qualname"": ""AGenBio_1_troughplate_100000uL_Fl"","
survey_data	training/verify/data/plr_preconditions.upstream_nonlegacy.json	52180	.json	text	AGenBio_1_troughplate_190000uL_Fl	agenbio_1_troughplate_190mL_Fl	medium	"""qualname"": ""AGenBio_1_troughplate_190000uL_Fl"","
survey_data	training/verify/data/plr_preconditions.upstream_nonlegacy.json	52199	.json	text	AGenBio_4_troughplate_75000uL_Vb	agenbio_4_troughplate_75mL_Vb	medium	"""qualname"": ""AGenBio_4_troughplate_75000uL_Vb"","
survey_data	training/verify/data/plr_preconditions.upstream_nonlegacy.json	52218	.json	text	AGenBio_96_wellplate_Ub_2200ul	agenbio_96_wellplate_Ub_2200uL	medium	"""qualname"": ""AGenBio_96_wellplate_Ub_2200ul"","
survey_data	training/verify/data/plr_preconditions.upstream_nonlegacy.json	52305	.json	text	agilent_96_wellplate_150uL_Ub	agilent_96_wellplate_150uL_Vb	medium	"""qualname"": ""agilent_96_wellplate_150uL_Ub"","
survey_data	training/verify/data/plr_preconditions.upstream_nonlegacy.json	52337	.json	text	Agilent_2_reservoir_144mL_Vb	agilent_2_reservoir_144mL_Vb	medium	"""qualname"": ""Agilent_2_reservoir_144mL_Vb"","
survey_data	training/verify/data/plr_preconditions.upstream_nonlegacy.json	52369	.json	text	Alpaqua_96_magnum_flx	alpaqua_96_plateadapter_magnum_flx	medium	"""qualname"": ""Alpaqua_96_magnum_flx"","
survey_data	training/verify/data/plr_preconditions.upstream_nonlegacy.json	52442	.json	text	Azenta4titudeFrameStar_96_wellplate_200ul_Vb	azenta_96_wellplate_200uL_Vb_4titudeframestar	medium	"""qualname"": ""Azenta4titudeFrameStar_96_wellplate_200ul_Vb"","
survey_data	training/verify/data/plr_preconditions.upstream_nonlegacy.json	52503	.json	text	BioER_96_wellplate_Vb_2200uL	bioer_96_wellplate_2200uL_Vb	medium	"""qualname"": ""BioER_96_wellplate_Vb_2200uL"","
survey_data	training/verify/data/plr_preconditions.upstream_nonlegacy.json	52535	.json	text	BioRad_384_wellplate_50uL_Vb	biorad_384_wellplate_50uL_Vb	medium	"""qualname"": ""BioRad_384_wellplate_50uL_Vb"","
survey_data	training/verify/data/plr_preconditions.upstream_nonlegacy.json	52623	.json	text	BTX_96_wellplate_125ul_Fb_2mm	btx_96_wellplate_125uL_Fb_2mm	medium	"""qualname"": ""BTX_96_wellplate_125ul_Fb_2mm"","
survey_data	training/verify/data/plr_preconditions.upstream_nonlegacy.json	53412	.json	text	CellTreat_12_troughplate_15000ul_Vb	celltreat_12_troughplate_15mL_Vb	medium	"""qualname"": ""CellTreat_12_troughplate_15000ul_Vb"","
survey_data	training/verify/data/plr_preconditions.upstream_nonlegacy.json	53430	.json	text	CellTreat_24_wellplate_3300ul_Fb	celltreat_24_wellplate_3300uL_Fb	medium	"""qualname"": ""CellTreat_24_wellplate_3300ul_Fb"","
survey_data	training/verify/data/plr_preconditions.upstream_nonlegacy.json	53449	.json	text	CellTreat_6_wellplate_16300ul_Fb	celltreat_6_wellplate_16300uL_Fb	medium	"""qualname"": ""CellTreat_6_wellplate_16300ul_Fb"","
survey_data	training/verify/data/plr_preconditions.upstream_nonlegacy.json	53468	.json	text	CellTreat_96_wellplate_350ul_Fb	celltreat_96_wellplate_350uL_Fb	medium	"""qualname"": ""CellTreat_96_wellplate_350ul_Fb"","
survey_data	training/verify/data/plr_preconditions.upstream_nonlegacy.json	53486	.json	text	CellTreat_96_wellplate_350ul_Ub	celltreat_96_wellplate_350uL_Ub	medium	"""qualname"": ""CellTreat_96_wellplate_350ul_Ub"","
survey_data	training/verify/data/plr_preconditions.upstream_nonlegacy.json	53505	.json	text	CellTreat_6_wellplate_16300ul_Fb_Lid	celltreat_6_wellplate_16300uL_Fb_lid	medium	"""qualname"": ""CellTreat_6_wellplate_16300ul_Fb_Lid"","
survey_data	training/verify/data/plr_preconditions.upstream_nonlegacy.json	53523	.json	text	CellTreat_24_wellplate_3300ul_Fb_Lid	celltreat_24_wellplate_3300uL_Fb_lid	medium	"""qualname"": ""CellTreat_24_wellplate_3300ul_Fb_Lid"","
survey_data	training/verify/data/plr_preconditions.upstream_nonlegacy.json	53541	.json	text	CellTreat_96_wellplate_350ul_Ub_Lid	celltreat_96_wellplate_350uL_Ub_lid	medium	"""qualname"": ""CellTreat_96_wellplate_350ul_Ub_Lid"","
survey_data	training/verify/data/plr_preconditions.upstream_nonlegacy.json	53573	.json	text	celltreat_15000ul_centrifuge_tube_Vb	celltreat_tube_15mL_Vb	medium	"""qualname"": ""celltreat_15000ul_centrifuge_tube_Vb"","
survey_data	training/verify/data/plr_preconditions.upstream_nonlegacy.json	53653	.json	text	CellVis_24_wellplate_3600uL_Fb_Lid	cellvis_24_wellplate_3600uL_Fb_lid	medium	"""qualname"": ""CellVis_24_wellplate_3600uL_Fb_Lid"","
survey_data	training/verify/data/plr_preconditions.upstream_nonlegacy.json	53671	.json	text	CellVis_24_wellplate_3600uL_Fb	cellvis_24_wellplate_3600uL_Fb	medium	"""qualname"": ""CellVis_24_wellplate_3600uL_Fb"","
survey_data	training/verify/data/plr_preconditions.upstream_nonlegacy.json	53690	.json	text	CellVis_96_wellplate_350uL_Fb_Lid	cellvis_96_wellplate_350uL_Fb_lid	medium	"""qualname"": ""CellVis_96_wellplate_350uL_Fb_Lid"","
survey_data	training/verify/data/plr_preconditions.upstream_nonlegacy.json	53708	.json	text	CellVis_96_wellplate_350uL_Fb	cellvis_96_wellplate_350uL_Fb	medium	"""qualname"": ""CellVis_96_wellplate_350uL_Fb"","
survey_data	training/verify/data/plr_preconditions.upstream_nonlegacy.json	54678	.json	text	Cor_Axy_24_wellplate_10mL_Vb	cor_axy_24_wellplate_10mL_Vb	medium	"""qualname"": ""Cor_Axy_24_wellplate_10mL_Vb"","
survey_data	training/verify/data/plr_preconditions.upstream_nonlegacy.json	54697	.json	text	Cor_Axy_96_wellplate_500uL_Ub	cor_axy_96_wellplate_500uL_Ub	medium	"""qualname"": ""Cor_Axy_96_wellplate_500uL_Ub"","
survey_data	training/verify/data/plr_preconditions.upstream_nonlegacy.json	54790	.json	text	Cor_Cos_12_wellplate_6900ul_Fb	cor_cos_12_wellplate_6900uL_Fb	medium	"""qualname"": ""Cor_Cos_12_wellplate_6900ul_Fb"","
survey_data	training/verify/data/plr_preconditions.upstream_nonlegacy.json	54809	.json	text	Cor_Cos_24_wellplate_3470ul_Fb	cor_cos_24_wellplate_3470uL_Fb	medium	"""qualname"": ""Cor_Cos_24_wellplate_3470ul_Fb"","
survey_data	training/verify/data/plr_preconditions.upstream_nonlegacy.json	54828	.json	text	Cor_Cos_48_wellplate_1620ul_Fb	cor_cos_48_wellplate_1620uL_Fb	medium	"""qualname"": ""Cor_Cos_48_wellplate_1620ul_Fb"","
survey_data	training/verify/data/plr_preconditions.upstream_nonlegacy.json	54847	.json	text	Cor_Cos_6_wellplate_16800ul_Fb	cor_cos_6_wellplate_16800uL_Fb	medium	"""qualname"": ""Cor_Cos_6_wellplate_16800ul_Fb"","
survey_data	training/verify/data/plr_preconditions.upstream_nonlegacy.json	54866	.json	text	Cor_Cos_6_wellplate_16800ul_Fb_Lid	cor_cos_6_wellplate_16800uL_Fb_lid	medium	"""qualname"": ""Cor_Cos_6_wellplate_16800ul_Fb_Lid"","
survey_data	training/verify/data/plr_preconditions.upstream_nonlegacy.json	54929	.json	text	Cor_Falcon_96_wellplate_250ul_Rb	cor_falcon_96_wellplate_250uL_Rb	medium	"""qualname"": ""Cor_Falcon_96_wellplate_250ul_Rb"","
survey_data	training/verify/data/plr_preconditions.upstream_nonlegacy.json	54948	.json	text	Cor_Falcon_96_wellplate_275ul_Fb	cor_falcon_96_wellplate_275uL_Fb	medium	"""qualname"": ""Cor_Falcon_96_wellplate_275ul_Fb"","
survey_data	training/verify/data/plr_preconditions.upstream_nonlegacy.json	54967	.json	text	Cor_Falcon_96_wellplate_340ul_Fb_Black	cor_falcon_96_wellplate_340uL_Fb_black	medium	"""qualname"": ""Cor_Falcon_96_wellplate_340ul_Fb_Black"","
survey_data	training/verify/data/plr_preconditions.upstream_nonlegacy.json	55028	.json	text	Cor_Falcon_tube_14mL_Rb	cor_falcon_tube_14mL_Rb	medium	"""qualname"": ""Cor_Falcon_tube_14mL_Rb"","
survey_data	training/verify/data/plr_preconditions.upstream_nonlegacy.json	55046	.json	text	Cor_Falcon_tube_15mL_Vb	cor_falcon_tube_15mL_Vb	medium	"""qualname"": ""Cor_Falcon_tube_15mL_Vb"","
survey_data	training/verify/data/plr_preconditions.upstream_nonlegacy.json	55064	.json	text	Cor_Falcon_tube_50mL_Vb	cor_falcon_tube_50mL_Vb	medium	"""qualname"": ""Cor_Falcon_tube_50mL_Vb"","
survey_data	training/verify/data/plr_preconditions.upstream_nonlegacy.json	55181	.json	text	Cor_96_wellplate_2mL_Vb	cor_96_wellplate_2mL_Vb	medium	"""qualname"": ""Cor_96_wellplate_2mL_Vb"","
survey_data	training/verify/data/plr_preconditions.upstream_nonlegacy.json	55200	.json	text	Cor_96_wellplate_360ul_Fb	cor_96_wellplate_360uL_Fb	medium	"""qualname"": ""Cor_96_wellplate_360ul_Fb"","
survey_data	training/verify/data/plr_preconditions.upstream_nonlegacy.json	55219	.json	text	Cor_96_wellplate_360ul_Fb_Lid	cor_96_wellplate_360uL_Fb_lid	medium	"""qualname"": ""Cor_96_wellplate_360ul_Fb_Lid"","
survey_data	training/verify/data/plr_preconditions.upstream_nonlegacy.json	55651	.json	text	Eppendorf_DNA_LoBind_1_5ml_Vb	eppendorf_tube_1500uL_Vb	medium	"""qualname"": ""Eppendorf_DNA_LoBind_1_5ml_Vb"","
survey_data	training/verify/data/plr_preconditions.upstream_nonlegacy.json	55670	.json	text	Eppendorf_Protein_LoBind_1_5ml_Vb	eppendorf_tube_1500uL_Vb	medium	"""qualname"": ""Eppendorf_Protein_LoBind_1_5ml_Vb"","
survey_data	training/verify/data/plr_preconditions.upstream_nonlegacy.json	56180	.json	text	rails_for_x_coordinate	track_for_x_coordinate	medium	"""qualname"": ""rails_for_x_coordinate"","
survey_data	training/verify/data/plr_preconditions.upstream_nonlegacy.json	56201	.json	text	num_rails	num_tracks	medium	"""num_rails"","
survey_data	training/verify/data/plr_preconditions.upstream_nonlegacy.json	56219	.json	text	rails_to_location	track_to_location	medium	"""qualname"": ""HamiltonDeck.rails_to_location"","
survey_data	training/verify/data/plr_preconditions.upstream_nonlegacy.json	56245	.json	text	rails_for_x_coordinate	track_for_x_coordinate	medium	"""rails_for_x_coordinate"""
survey_data	training/verify/data/plr_preconditions.upstream_nonlegacy.json	56313	.json	text	rails_to_location	track_to_location	medium	"""rails_to_location"""
survey_data	training/verify/data/plr_preconditions.upstream_nonlegacy.json	56375	.json	text	num_rails	num_tracks	medium	"condition"": ""rails is not None and (not -4 <= rails <= self.num_rails)"","
survey_data	training/verify/data/plr_preconditions.upstream_nonlegacy.json	56378	.json	text	num_rails	num_tracks	medium	"""if rails is not None and (not -4 <= rails <= self.num_rails)"""
survey_data	training/verify/data/plr_preconditions.upstream_nonlegacy.json	56411	.json	text	num_rails	num_tracks	medium	"esource.get_absolute_size_x() > self.rails_to_location(self.num_rails + 1).x and rails is not None"","
survey_data	training/verify/data/plr_preconditions.upstream_nonlegacy.json	56411	.json	text	rails_to_location	track_to_location	medium	"resource_location.x + resource.get_absolute_size_x() > self.rails_to_location(self.num_rails + 1).x and rails is not None"","
survey_data	training/verify/data/plr_preconditions.upstream_nonlegacy.json	56414	.json	text	num_rails	num_tracks	medium	"esource.get_absolute_size_x() > self.rails_to_location(self.num_rails + 1).x and rails is not None"","
survey_data	training/verify/data/plr_preconditions.upstream_nonlegacy.json	56414	.json	text	rails_to_location	track_to_location	medium	"resource_location.x + resource.get_absolute_size_x() > self.rails_to_location(self.num_rails + 1).x and rails is not None"","
survey_data	training/verify/data/plr_preconditions.upstream_nonlegacy.json	56439	.json	text	rails_to_location	track_to_location	medium	"""rails_to_location"""
survey_data	training/verify/data/plr_preconditions.upstream_nonlegacy.json	56477	.json	text	rails_for_x_coordinate	track_for_x_coordinate	medium	"""rails_for_x_coordinate"""
survey_data	training/verify/data/plr_preconditions.upstream_nonlegacy.json	56571	.json	text	num_rails	num_tracks	medium	"""num_rails"","
survey_data	training/verify/data/plr_preconditions.upstream_nonlegacy.json	56581	.json	text	with_teaching_rack	with_teaching_needle_rack	medium	"""with_teaching_rack"","
survey_data	training/verify/data/plr_preconditions.upstream_nonlegacy.json	56598	.json	text	with_teaching_rack	with_teaching_needle_rack	medium	"""condition"": ""with_teaching_rack"","
survey_data	training/verify/data/plr_preconditions.upstream_nonlegacy.json	56601	.json	text	with_teaching_rack	with_teaching_needle_rack	medium	"""if with_teaching_rack"","
survey_data	training/verify/data/plr_preconditions.upstream_nonlegacy.json	56611	.json	text	rails_to_location	track_to_location	medium	"""rails_to_location"""
survey_data	training/verify/data/plr_preconditions.upstream_nonlegacy.json	56640	.json	text	rails_to_location	track_to_location	medium	"""qualname"": ""HamiltonSTARDeck.rails_to_location"","
survey_data	training/verify/data/plr_preconditions.upstream_nonlegacy.json	56710	.json	text	with_teaching_rack	with_teaching_needle_rack	medium	"""with_teaching_rack"","
survey_data	training/verify/data/plr_preconditions.upstream_nonlegacy.json	56728	.json	text	with_teaching_rack	with_teaching_needle_rack	medium	"""with_teaching_rack"","
survey_data	training/verify/data/plr_preconditions.upstream_nonlegacy.json	56746	.json	text	with_teaching_rack	with_teaching_needle_rack	medium	"""with_teaching_rack"","
survey_data	training/verify/data/plr_preconditions.upstream_nonlegacy.json	56836	.json	text	MFX_CAR_L5_base	hamilton_mfx_carrier_L5_base	medium	"""qualname"": ""MFX_CAR_L5_base"","
survey_data	training/verify/data/plr_preconditions.upstream_nonlegacy.json	56855	.json	text	MFX_TIP_module	hamilton_mfx_tiprackholder_standard	medium	"""qualname"": ""MFX_TIP_module"","
survey_data	training/verify/data/plr_preconditions.upstream_nonlegacy.json	56911	.json	text	Hamilton_MFX_plateholder_DWP_metal_tapped	hamilton_mfx_plateholder_DWP_metal_tapped	medium	"""qualname"": ""Hamilton_MFX_plateholder_DWP_metal_tapped"","
survey_data	training/verify/data/plr_preconditions.upstream_nonlegacy.json	56929	.json	text	MFX_DWP_rackbased_module	hamilton_mfx_plateholder_DWP_flat	medium	"""qualname"": ""MFX_DWP_rackbased_module"","
survey_data	training/verify/data/plr_preconditions.upstream_nonlegacy.json	56954	.json	text	num_rails	num_tracks	medium	"""num_rails"","
survey_data	training/verify/data/plr_preconditions.upstream_nonlegacy.json	57000	.json	text	rails_to_location	track_to_location	medium	"""qualname"": ""NimbusDeck.rails_to_location"","
survey_data	training/verify/data/plr_preconditions.upstream_nonlegacy.json	57125	.json	text	num_rails	num_tracks	medium	"""num_rails"","
survey_data	training/verify/data/plr_preconditions.upstream_nonlegacy.json	57363	.json	text	PLT_CAR_L5AC_A00	hamilton_plate_carrier_L5_ac	medium	"""qualname"": ""PLT_CAR_L5AC_A00"","
survey_data	training/verify/data/plr_preconditions.upstream_nonlegacy.json	57811	.json	text	TIP_CAR_480	hamilton_tip_carrier_L5	medium	"""qualname"": ""TIP_CAR_480"","
survey_data	training/verify/data/plr_preconditions.upstream_nonlegacy.json	57825	.json	text	TIP_CAR_480BC_A00	hamilton_tip_carrier_L5	medium	"""qualname"": ""TIP_CAR_480BC_A00"","
survey_data	training/verify/data/plr_preconditions.upstream_nonlegacy.json	57839	.json	text	TIP_CAR_480_A00	hamilton_tip_carrier_L5	medium	"""qualname"": ""TIP_CAR_480_A00"","
survey_data	training/verify/data/plr_preconditions.upstream_nonlegacy.json	57909	.json	text	TIP_CAR_NTR_A00	hamilton_tip_carrier_L5_ntr_a00	medium	"""qualname"": ""TIP_CAR_NTR_A00"","
survey_data	training/verify/data/plr_preconditions.upstream_nonlegacy.json	57931	.json	text	total_tip_length	size_z (removed in 1.0, not merely deprecated)	medium	"""total_tip_length"","
survey_data	training/verify/data/plr_preconditions.upstream_nonlegacy.json	57977	.json	text	standard_volume_tip_no_filter	hamilton_tip_300uL	medium	"""qualname"": ""standard_volume_tip_no_filter"","
survey_data	training/verify/data/plr_preconditions.upstream_nonlegacy.json	57995	.json	text	standard_volume_tip_with_filter	hamilton_tip_300uL_filter	medium	"""qualname"": ""standard_volume_tip_with_filter"","
survey_data	training/verify/data/plr_preconditions.upstream_nonlegacy.json	58013	.json	text	slim_standard_volume_tip_with_filter	hamilton_tip_300uL_filter_slim	medium	"""qualname"": ""slim_standard_volume_tip_with_filter"","
survey_data	training/verify/data/plr_preconditions.upstream_nonlegacy.json	58031	.json	text	ultrawide_standard_volume_tip_with_filter	hamilton_tip_300uL_filter_ultrawide	medium	"""qualname"": ""ultrawide_standard_volume_tip_with_filter"","
survey_data	training/verify/data/plr_preconditions.upstream_nonlegacy.json	58049	.json	text	low_volume_tip_no_filter	hamilton_tip_10uL	medium	"""qualname"": ""low_volume_tip_no_filter"","
survey_data	training/verify/data/plr_preconditions.upstream_nonlegacy.json	58067	.json	text	low_volume_tip_with_filter	hamilton_tip_10uL_filter	medium	"""qualname"": ""low_volume_tip_with_filter"","
survey_data	training/verify/data/plr_preconditions.upstream_nonlegacy.json	58085	.json	text	high_volume_tip_no_filter	hamilton_tip_1000uL	medium	"""qualname"": ""high_volume_tip_no_filter"","
survey_data	training/verify/data/plr_preconditions.upstream_nonlegacy.json	58103	.json	text	high_volume_tip_with_filter	hamilton_tip_1000uL_filter	medium	"""qualname"": ""high_volume_tip_with_filter"","
survey_data	training/verify/data/plr_preconditions.upstream_nonlegacy.json	58121	.json	text	wide_high_volume_tip_with_filter	hamilton_tip_1000uL_filter_wide	medium	"""qualname"": ""wide_high_volume_tip_with_filter"","
survey_data	training/verify/data/plr_preconditions.upstream_nonlegacy.json	58139	.json	text	ultrawide_high_volume_tip_with_filter	hamilton_tip_1000uL_filter_ultrawide	medium	"""qualname"": ""ultrawide_high_volume_tip_with_filter"","
survey_data	training/verify/data/plr_preconditions.upstream_nonlegacy.json	58157	.json	text	four_ml_tip_with_filter	hamilton_tip_4000uL_filter	medium	"""qualname"": ""four_ml_tip_with_filter"","
survey_data	training/verify/data/plr_preconditions.upstream_nonlegacy.json	58175	.json	text	five_ml_tip_with_filter	hamilton_tip_5000uL_filter	medium	"""qualname"": ""five_ml_tip_with_filter"","
survey_data	training/verify/data/plr_preconditions.upstream_nonlegacy.json	58193	.json	text	five_ml_tip	hamilton_tip_5000uL	medium	"""qualname"": ""five_ml_tip"","
survey_data	training/verify/data/plr_preconditions.upstream_nonlegacy.json	58211	.json	text	fifty_ul_tip_with_filter	hamilton_tip_50uL_filter	medium	"""qualname"": ""fifty_ul_tip_with_filter"","
survey_data	training/verify/data/plr_preconditions.upstream_nonlegacy.json	58229	.json	text	fifty_ul_tip_no_filter	hamilton_tip_50uL	medium	"""qualname"": ""fifty_ul_tip_no_filter"","
survey_data	training/verify/data/plr_preconditions.upstream_nonlegacy.json	58987	.json	text	Hamilton_1_trough_200ml_Vb	hamilton_1_trough_200mL_Vb	medium	"""qualname"": ""Hamilton_1_trough_200ml_Vb"","
survey_data	training/verify/data/plr_preconditions.upstream_nonlegacy.json	59005	.json	text	hamilton_1_trough_200ml_Vb	hamilton_1_trough_200mL_Vb	medium	"""qualname"": ""hamilton_1_trough_200ml_Vb"","
survey_data	training/verify/data/plr_preconditions.upstream_nonlegacy.json	59023	.json	text	hamilton_1_trough_60ml_Vb	hamilton_1_trough_60mL_Vb	medium	"""qualname"": ""hamilton_1_trough_60ml_Vb"","
survey_data	training/verify/data/plr_preconditions.upstream_nonlegacy.json	59055	.json	text	Tube_CAR_32_A00	hamilton_tube_carrier_32_a00_insert_eppendorf_1_5mL	medium	"""qualname"": ""Tube_CAR_32_A00"","
survey_data	training/verify/data/plr_preconditions.upstream_nonlegacy.json	59149	.json	text	rails_to_location	track_to_location	medium	"""qualname"": ""VantageDeck.rails_to_location"","
survey_data	training/verify/data/plr_preconditions.upstream_nonlegacy.json	62022	.json	text	set_well_liquids	set_well_volumes	medium	"""qualname"": ""Plate.set_well_liquids"","
survey_data	training/verify/data/plr_preconditions.upstream_nonlegacy.json	65714	.json	text	num_rails	num_tracks	medium	"""num_rails"","
survey_data	training/verify/data/plr_preconditions.upstream_nonlegacy.json	65765	.json	text	num_rails	num_tracks	medium	"""condition"": ""rails is not None and (not 1 <= rails <= self.num_rails)"","
survey_data	training/verify/data/plr_preconditions.upstream_nonlegacy.json	65768	.json	text	num_rails	num_tracks	medium	"""if rails is not None and (not 1 <= rails <= self.num_rails)"""
survey_data	training/verify/data/plr_preconditions.upstream_nonlegacy.json	66643	.json	text	total_tip_length	size_z (removed in 1.0, not merely deprecated)	medium	"""total_tip_length"","
survey_data	training/verify/data/plr_preconditions.upstream_nonlegacy.json	69290	.json	text	disable_tip_trackers	disable_tip_tracking	medium	"""qualname"": ""TipRack.disable_tip_trackers"","
survey_data	training/verify/data/plr_preconditions.upstream_nonlegacy.json	69308	.json	text	enable_tip_trackers	enable_tip_tracking	medium	"""qualname"": ""TipRack.enable_tip_trackers"","
survey_data	training/verify/data/plr_preconditions.upstream_nonlegacy.json	69376	.json	text	NestedTipRack	StandingTipRack	medium	"""qualname"": ""NestedTipRack.__init__"","
survey_data	training/verify/data/plr_preconditions.upstream_nonlegacy.json	69377	.json	text	NestedTipRack	StandingTipRack	medium	"""class_name"": ""NestedTipRack"","
survey_data	training/verify/data/plr_preconditions.upstream_nonlegacy.json	69402	.json	text	NestedTipRack	StandingTipRack	medium	"""qualname"": ""NestedTipRack.__repr__"","
survey_data	training/verify/data/plr_preconditions.upstream_nonlegacy.json	69403	.json	text	NestedTipRack	StandingTipRack	medium	"""class_name"": ""NestedTipRack"","
survey_data	training/verify/data/plr_preconditions.upstream_nonlegacy.json	69416	.json	text	NestedTipRack	StandingTipRack	medium	"""qualname"": ""NestedTipRack.assign_child_resource"","
survey_data	training/verify/data/plr_preconditions.upstream_nonlegacy.json	69417	.json	text	NestedTipRack	StandingTipRack	medium	"""class_name"": ""NestedTipRack"","
survey_data	training/verify/data/plr_preconditions.upstream_nonlegacy.json	69433	.json	text	NestedTipRack	StandingTipRack	medium	"""else of: if isinstance(resource, NestedTipRack)"""
survey_data	training/verify/data/plr_preconditions.upstream_nonlegacy.json	69486	.json	text	TipTracker	pylabrobot.legacy.tip_tracker.TipTracker (or tree: TipSpot.tip)	medium	"""qualname"": ""TipTracker.__init__"","
survey_data	training/verify/data/plr_preconditions.upstream_nonlegacy.json	69487	.json	text	TipTracker	pylabrobot.legacy.tip_tracker.TipTracker (or tree: TipSpot.tip)	medium	"""class_name"": ""TipTracker"","
survey_data	training/verify/data/plr_preconditions.upstream_nonlegacy.json	69501	.json	text	TipTracker	pylabrobot.legacy.tip_tracker.TipTracker (or tree: TipSpot.tip)	medium	"""qualname"": ""TipTracker.is_disabled"","
survey_data	training/verify/data/plr_preconditions.upstream_nonlegacy.json	69502	.json	text	TipTracker	pylabrobot.legacy.tip_tracker.TipTracker (or tree: TipSpot.tip)	medium	"""class_name"": ""TipTracker"","
survey_data	training/verify/data/plr_preconditions.upstream_nonlegacy.json	69515	.json	text	TipTracker	pylabrobot.legacy.tip_tracker.TipTracker (or tree: TipSpot.tip)	medium	"""qualname"": ""TipTracker.has_tip"","
survey_data	training/verify/data/plr_preconditions.upstream_nonlegacy.json	69516	.json	text	TipTracker	pylabrobot.legacy.tip_tracker.TipTracker (or tree: TipSpot.tip)	medium	"""class_name"": ""TipTracker"","
survey_data	training/verify/data/plr_preconditions.upstream_nonlegacy.json	69529	.json	text	TipTracker	pylabrobot.legacy.tip_tracker.TipTracker (or tree: TipSpot.tip)	medium	"""qualname"": ""TipTracker.get_tip"","
survey_data	training/verify/data/plr_preconditions.upstream_nonlegacy.json	69530	.json	text	TipTracker	pylabrobot.legacy.tip_tracker.TipTracker (or tree: TipSpot.tip)	medium	"""class_name"": ""TipTracker"","
survey_data	training/verify/data/plr_preconditions.upstream_nonlegacy.json	69556	.json	text	TipTracker	pylabrobot.legacy.tip_tracker.TipTracker (or tree: TipSpot.tip)	medium	"""qualname"": ""TipTracker.disable"","
survey_data	training/verify/data/plr_preconditions.upstream_nonlegacy.json	69557	.json	text	TipTracker	pylabrobot.legacy.tip_tracker.TipTracker (or tree: TipSpot.tip)	medium	"""class_name"": ""TipTracker"","
survey_data	training/verify/data/plr_preconditions.upstream_nonlegacy.json	69570	.json	text	TipTracker	pylabrobot.legacy.tip_tracker.TipTracker (or tree: TipSpot.tip)	medium	"""qualname"": ""TipTracker.enable"","
survey_data	training/verify/data/plr_preconditions.upstream_nonlegacy.json	69571	.json	text	TipTracker	pylabrobot.legacy.tip_tracker.TipTracker (or tree: TipSpot.tip)	medium	"""class_name"": ""TipTracker"","
survey_data	training/verify/data/plr_preconditions.upstream_nonlegacy.json	69584	.json	text	TipTracker	pylabrobot.legacy.tip_tracker.TipTracker (or tree: TipSpot.tip)	medium	"""qualname"": ""TipTracker.add_tip"","
survey_data	training/verify/data/plr_preconditions.upstream_nonlegacy.json	69585	.json	text	TipTracker	pylabrobot.legacy.tip_tracker.TipTracker (or tree: TipSpot.tip)	medium	"""class_name"": ""TipTracker"","
survey_data	training/verify/data/plr_preconditions.upstream_nonlegacy.json	69626	.json	text	TipTracker	pylabrobot.legacy.tip_tracker.TipTracker (or tree: TipSpot.tip)	medium	"""qualname"": ""TipTracker.remove_tip"","
survey_data	training/verify/data/plr_preconditions.upstream_nonlegacy.json	69627	.json	text	TipTracker	pylabrobot.legacy.tip_tracker.TipTracker (or tree: TipSpot.tip)	medium	"""class_name"": ""TipTracker"","
survey_data	training/verify/data/plr_preconditions.upstream_nonlegacy.json	69666	.json	text	TipTracker	pylabrobot.legacy.tip_tracker.TipTracker (or tree: TipSpot.tip)	medium	"""qualname"": ""TipTracker.commit"","
survey_data	training/verify/data/plr_preconditions.upstream_nonlegacy.json	69667	.json	text	TipTracker	pylabrobot.legacy.tip_tracker.TipTracker (or tree: TipSpot.tip)	medium	"""class_name"": ""TipTracker"","
survey_data	training/verify/data/plr_preconditions.upstream_nonlegacy.json	69684	.json	text	TipTracker	pylabrobot.legacy.tip_tracker.TipTracker (or tree: TipSpot.tip)	medium	"""qualname"": ""TipTracker.rollback"","
survey_data	training/verify/data/plr_preconditions.upstream_nonlegacy.json	69685	.json	text	TipTracker	pylabrobot.legacy.tip_tracker.TipTracker (or tree: TipSpot.tip)	medium	"""class_name"": ""TipTracker"","
survey_data	training/verify/data/plr_preconditions.upstream_nonlegacy.json	69709	.json	text	TipTracker	pylabrobot.legacy.tip_tracker.TipTracker (or tree: TipSpot.tip)	medium	"""qualname"": ""TipTracker.clear"","
survey_data	training/verify/data/plr_preconditions.upstream_nonlegacy.json	69710	.json	text	TipTracker	pylabrobot.legacy.tip_tracker.TipTracker (or tree: TipSpot.tip)	medium	"""class_name"": ""TipTracker"","
survey_data	training/verify/data/plr_preconditions.upstream_nonlegacy.json	69723	.json	text	TipTracker	pylabrobot.legacy.tip_tracker.TipTracker (or tree: TipSpot.tip)	medium	"""qualname"": ""TipTracker.serialize"","
survey_data	training/verify/data/plr_preconditions.upstream_nonlegacy.json	69724	.json	text	TipTracker	pylabrobot.legacy.tip_tracker.TipTracker (or tree: TipSpot.tip)	medium	"""class_name"": ""TipTracker"","
survey_data	training/verify/data/plr_preconditions.upstream_nonlegacy.json	69741	.json	text	TipTracker	pylabrobot.legacy.tip_tracker.TipTracker (or tree: TipSpot.tip)	medium	"""qualname"": ""TipTracker.load_state"","
survey_data	training/verify/data/plr_preconditions.upstream_nonlegacy.json	69742	.json	text	TipTracker	pylabrobot.legacy.tip_tracker.TipTracker (or tree: TipSpot.tip)	medium	"""class_name"": ""TipTracker"","
survey_data	training/verify/data/plr_preconditions.upstream_nonlegacy.json	69758	.json	text	TipTracker	pylabrobot.legacy.tip_tracker.TipTracker (or tree: TipSpot.tip)	medium	"""qualname"": ""TipTracker.get_tip_origin"","
survey_data	training/verify/data/plr_preconditions.upstream_nonlegacy.json	69759	.json	text	TipTracker	pylabrobot.legacy.tip_tracker.TipTracker (or tree: TipSpot.tip)	medium	"""class_name"": ""TipTracker"","
survey_data	training/verify/data/plr_preconditions.upstream_nonlegacy.json	69772	.json	text	TipTracker	pylabrobot.legacy.tip_tracker.TipTracker (or tree: TipSpot.tip)	medium	"""qualname"": ""TipTracker.__repr__"","
survey_data	training/verify/data/plr_preconditions.upstream_nonlegacy.json	69773	.json	text	TipTracker	pylabrobot.legacy.tip_tracker.TipTracker (or tree: TipSpot.tip)	medium	"""class_name"": ""TipTracker"","
survey_data	training/verify/data/plr_preconditions.upstream_nonlegacy.json	69786	.json	text	TipTracker	pylabrobot.legacy.tip_tracker.TipTracker (or tree: TipSpot.tip)	medium	"""qualname"": ""TipTracker.register_callback"","
survey_data	training/verify/data/plr_preconditions.upstream_nonlegacy.json	69787	.json	text	TipTracker	pylabrobot.legacy.tip_tracker.TipTracker (or tree: TipSpot.tip)	medium	"""class_name"": ""TipTracker"","
code/data	training/verify/deck.py	1	py	string_kwarg	rails	track	medium	Deck construction for the P2.2 verify harness.
ambiguous	training/verify/deck.py	13	.py	text_py(comment/unparsed)	rails	track	low	Factory always builds the Hamilton carrier deck (TIP_CAR at rails=1,
ambiguous	training/verify/deck.py	14	.py	text_py(comment/unparsed)	rails	track	low	PLT_CAR at rails=9) and names resources after their param entries; this
ambiguous	training/verify/deck.py	51	.py	text_py(comment/unparsed)	rails	track	low	#: 9-12; tip carrier 1-2; troughs go to rails=21; keep clear of those).
ambiguous	training/verify/deck.py	173	py	attribute	tracker	tip	low	obj.name: float(obj.tracker.get_free_volume())
ambiguous	training/verify/deck.py	181	py	attribute	tracker	tip	low	return float(obj.tracker.get_free_volume())
code/data	training/verify/deck.py	477	py	string_kwarg	rails	track	medium	Build machine + deck via DeckFactory.create_setup, then extend.
ambiguous	training/verify/deck.py	482	.py	text_py(comment/unparsed)	rails	track	low	factory's single hardcoded rails=21 (#4952 -- both left over from
ambiguous	training/verify/deck.py	494	.py	text_py(comment/unparsed)	rails	track	low	#    hardcoded rails=21, which collides the moment a call sequence
code/data	training/verify/deck.py	539	py	kwarg	rails	track	high	deck.assign_child_resource(resource, rails=rails)
ambiguous	training/verify/deck.py	625	py	attribute	tracker	tip	low	well.tracker.set_volume(float(volume_ul))
test/fixture	training/verify/tests/test_build_setup.py	1	py	string_kwarg	rails	track	medium	#4952 (left over from #4950 at 6e34be9b): build_setup()'s deck-level
test/fixture	training/verify/tests/test_build_setup.py	9	.py	text_py(comment/unparsed)	rails	track	low	hardcoded rails=21 (which collided the moment more than one bare
test/fixture	training/verify/tests/test_build_setup.py	57	py	string_kwarg	rails	track	medium	Two bare containers (both Trough-typed) used to both target
test/fixture	training/verify/tests/test_build_setup.py	58	.py	text_py(comment/unparsed)	rails	track	low	rails=21 and the second raised
code/data	training/verify/verifier.py	300	py	import_module	pylabrobot.resources.tip_tracker	pylabrobot.resources.tip_tracking / pylabrobot.legacy.tip_tracker	high	from pylabrobot.resources.tip_tracker import does_tip_tracking
ambiguous	web-repl/overlay/assets/python/praxis/viz/browser.py	41	.py	text_py(comment/unparsed)	num_rails	num_tracks	low	# ``num_rails``. Mirrors PLR 1.0's own deprecated ``HamiltonDeck.num_rail
ambiguous	web-repl/overlay/assets/python/praxis/viz/browser.py	41	.py	text_py(comment/unparsed)	num_rails	num_tracks	low	um_rails``. Mirrors PLR 1.0's own deprecated ``HamiltonDeck.num_rails`` property, which
ambiguous	web-repl/overlay/assets/python/praxis/viz/browser.py	54	.py	text_py(comment/unparsed)	num_rails	num_tracks	low	"""""""Return a copy of a serialized resource tree with ``num_rails`` derived from ``num_tracks``."
ambiguous	web-repl/overlay/assets/python/praxis/viz/browser.py	56	.py	text_py(comment/unparsed)	num_rails	num_tracks	low	red renderer (``overlay/assets/visualizer/lib.js``) reads ``num_rails`` to draw the
ambiguous	web-repl/overlay/assets/python/praxis/viz/browser.py	59	.py	text_py(comment/unparsed)	num_rails	num_tracks	low	vanishes (``HamiltonSTARDeck.num_rails`` is undefined and the draw loop runs zero times).
ambiguous	web-repl/overlay/assets/python/praxis/viz/browser.py	63	.py	text_py(comment/unparsed)	num_rails	num_tracks	low	A node gains ``num_rails = num_tracks + offset`` only when it carries ``num_tracks``
ambiguous	web-repl/overlay/assets/python/praxis/viz/browser.py	64	.py	text_py(comment/unparsed)	num_rails	num_tracks	low	no ``num_rails``; an existing value is never overwritten. ``offset`` is 2
ambiguous	web-repl/overlay/assets/python/praxis/viz/browser.py	73	.py	text_py(comment/unparsed)	num_rails	num_tracks	low	"if ""num_rails"" not in out and isinstance(tracks, int) and not isinstance("
ambiguous	web-repl/overlay/assets/python/praxis/viz/browser.py	74	.py	text_py(comment/unparsed)	num_rails	num_tracks	low	"out[""num_rails""] = tracks + _RAILS_BEYOND_TRACKS.get(out.get(""type""), 0)"
ambiguous	web-repl/overlay/assets/python/praxis/viz/browser.py	206	.py	text_py(comment/unparsed)	num_rails	num_tracks	low	# grid from ``num_rails``. Adapt the data, never the renderer (R2).
ambiguous	web-repl/overlay/assets/python/web_bridge.py	142	py	attribute	empty	unassign_tip	low	if 'size' in sig.parameters and sig.parameters['size'].default is inspect.Parameter.empty:
docstring	web-repl/overlay/assets/python/web_bridge.py	288	py	string	Cor_96_wellplate_360ul_Fb	cor_96_wellplate_360uL_Fb	medium	"""""""Instantiate a PLR resource by FQN import, matching the playground approach."
docstring	web-repl/overlay/assets/python/web_bridge.py	288	py	string	PLT_CAR_L5AC_A00	hamilton_plate_carrier_L5_ac	medium	"""""""Instantiate a PLR resource by FQN import, matching the playground approach."
ambiguous	web-repl/overlay/assets/python/web_bridge.py	290	.py	text_py(comment/unparsed)	Cor_96_wellplate_360ul_Fb	cor_96_wellplate_360uL_Fb	low	PLR resource factories (e.g., Cor_96_wellplate_360ul_Fb, PLT_CAR_L5AC_A00)
ambiguous	web-repl/overlay/assets/python/web_bridge.py	290	.py	text_py(comment/unparsed)	PLT_CAR_L5AC_A00	hamilton_plate_carrier_L5_ac	low	PLR resource factories (e.g., Cor_96_wellplate_360ul_Fb, PLT_CAR_L5AC_A00)
ambiguous	web-repl/overlay/assets/python/web_bridge.py	400	.py	text_py(comment/unparsed)	PLT_CAR_L5AC_A00	hamilton_plate_carrier_L5_ac	low	PlateHolder.__init__ now requires it. Default to 4.74 (from PLT_CAR_L5AC_A00).
code/data	web-repl/overlay/assets/python/web_bridge.py	421	py	kwarg	rails	track	high	"deck.assign_child_resource(carrier, rails=entry[""rails""])"
ambiguous	web-repl/overlay/assets/python/web_bridge.py	524	py	attribute	empty	unassign_tip	low	if dim in params and params[dim].default is inspect.Parameter.empty:
ambiguous	web-repl/overlay/assets/python/web_bridge.py	713	py	attribute	tracker	tip	low	tracker = well.tracker
code/data	web-repl/overlay/assets/visualizer/lib.js	928	.js	text	num_rails	num_tracks	medium	for (let rail = 0; rail < deck.num_rails; rail++) {
code/data	web-repl/overlay/assets/visualizer/lib.js	1362	.js	text	num_rails	num_tracks	medium	const { num_rails } = resourceData;
code/data	web-repl/overlay/assets/visualizer/lib.js	1363	.js	text	num_rails	num_tracks	medium	this.num_rails = num_rails;
code/data	web-repl/overlay/assets/visualizer/lib.js	1363	.js	text	num_rails	num_tracks	medium	this.num_rails = num_rails;
code/data	web-repl/overlay/assets/visualizer/lib.js	1417	.js	text	num_rails	num_tracks	medium	for (let i = 0; i < this.num_rails; i++) {
code/data	web-repl/overlay/assets/visualizer/lib.js	1453	.js	text	num_rails	num_tracks	medium	num_rails: this.num_rails,
code/data	web-repl/overlay/assets/visualizer/lib.js	1453	.js	text	num_rails	num_tracks	medium	num_rails: this.num_rails,
code/data	web-repl/overlay/assets/visualizer/lib.js	1467	.js	text	num_rails	num_tracks	medium	this.num_rails = 54;
code/data	web-repl/overlay/assets/visualizer/lib.js	1470	.js	text	num_rails	num_tracks	medium	this.num_rails = 0;
code/data	web-repl/overlay/assets/visualizer/lib.js	1521	.js	text	num_rails	num_tracks	medium	for (let i = 0; i < this.num_rails; i++) {
code/data	web-repl/overlay/assets/visualizer/lib.js	4977	.js	text	num_rails	num_tracks	medium	"attrs.push({ key: ""num_rails"", value: resource.num_rails });"
code/data	web-repl/overlay/assets/visualizer/lib.js	4977	.js	text	num_rails	num_tracks	medium	"attrs.push({ key: ""num_rails"", value: resource.num_rails });"
ambiguous	web-repl/scripts/gen_viz_fixtures.py	83	.py	text_py(comment/unparsed)	num_rails	num_tracks	low	# num_rails). Without it the gate would assert the rail-less render (35
code/data	web-repl/scripts/gen_viz_fixtures.py	170	py	import	Cor_96_wellplate_360ul_Fb	cor_96_wellplate_360uL_Fb	high	from pylabrobot.resources import (
code/data	web-repl/scripts/gen_viz_fixtures.py	170	py	import	PLT_CAR_L5AC_A00	hamilton_plate_carrier_L5_ac	high	from pylabrobot.resources import (
code/data	web-repl/scripts/gen_viz_fixtures.py	170	py	import	TIP_CAR_480_A00	hamilton_tip_carrier_L5	high	from pylabrobot.resources import (
ambiguous	web-repl/scripts/gen_viz_fixtures.py	171	.py	text_py(comment/unparsed)	PLT_CAR_L5AC_A00	hamilton_plate_carrier_L5_ac	low	PLT_CAR_L5AC_A00,
ambiguous	web-repl/scripts/gen_viz_fixtures.py	172	.py	text_py(comment/unparsed)	TIP_CAR_480_A00	hamilton_tip_carrier_L5	low	TIP_CAR_480_A00,
ambiguous	web-repl/scripts/gen_viz_fixtures.py	173	.py	text_py(comment/unparsed)	Cor_96_wellplate_360ul_Fb	cor_96_wellplate_360uL_Fb	low	Cor_96_wellplate_360ul_Fb,
code/data	web-repl/scripts/gen_viz_fixtures.py	192	py	name	TIP_CAR_480_A00	hamilton_tip_carrier_L5	high	"tip_car = TIP_CAR_480_A00(name=""tip_carrier"")"
code/data	web-repl/scripts/gen_viz_fixtures.py	194	py	kwarg	rails	track	high	deck.assign_child_resource(tip_car, rails=15)
code/data	web-repl/scripts/gen_viz_fixtures.py	196	py	name	PLT_CAR_L5AC_A00	hamilton_plate_carrier_L5_ac	high	"plt_car = PLT_CAR_L5AC_A00(name=""plate_carrier"")"
code/data	web-repl/scripts/gen_viz_fixtures.py	197	py	name	Cor_96_wellplate_360ul_Fb	cor_96_wellplate_360uL_Fb	high	"plt_car[0] = plate = Cor_96_wellplate_360ul_Fb(name=""plate_01"")"
code/data	web-repl/scripts/gen_viz_fixtures.py	198	py	kwarg	rails	track	high	deck.assign_child_resource(plt_car, rails=8)
ambiguous	web-repl/scripts/gen_viz_fixtures.py	235	py	attribute	tracker	tip	low	"plate.get_item(""A1"").tracker.set_volume(100.0)"
ambiguous	web-repl/scripts/gen_viz_fixtures.py	236	py	attribute	tracker	tip	low	"plate.get_item(""B1"").tracker.set_volume(100.0)"
test/fixture	web-repl/shell/coxswain/__tests__/clarify_answer.test.js	30	.js	text	PLT_CAR_L5AC_A00	hamilton_plate_carrier_L5_ac	medium	"{ name: ""PLT_CAR_L5AC_A00"", resource_type: ""plate_carrier"", position: ""rails 7"" },"
test/fixture	web-repl/shell/coxswain/__tests__/clarify_answer.test.js	40	.js	text	PLT_CAR_L5AC_A00	hamilton_plate_carrier_L5_ac	medium	"matches: [""PLT_CAR_L5AC_A00 on rails 7"", ""PLT_CAR_P3AC_A00 on rails 13""],"
test/fixture	web-repl/shell/coxswain/__tests__/clarify_answer.test.js	62	.js	text	PLT_CAR_L5AC_A00	hamilton_plate_carrier_L5_ac	medium	"expect(refs.pickButtons[0].textContent).toContain(""PLT_CAR_L5AC_A00"");"
test/fixture	web-repl/shell/coxswain/__tests__/highlight.test.js	21	.js	text	PLT_CAR_L5AC_A00	hamilton_plate_carrier_L5_ac	medium	"{ name: ""PLT_CAR_L5AC_A00"", position: ""rails 7"" },"
test/fixture	web-repl/shell/coxswain/__tests__/highlight.test.js	36	.js	text	PLT_CAR_L5AC_A00	hamilton_plate_carrier_L5_ac	medium	"""PLT_CAR_L5AC_A00"","
test/fixture	web-repl/tests/fixtures/visualizer/set_root_resource.json	1	.json	text	disable_tip_trackers	disable_tip_tracking	medium	"e_callback(callback)"", ""deserialize(data, allow_marshal)"", ""disable_tip_trackers()"", ""disable_tip_tracking()"", ""empty()"", ""enable_tip_tracke"
test/fixture	web-repl/tests/fixtures/visualizer/set_root_resource.json	1	.json	text	disable_tip_trackers	disable_tip_tracking	medium	"e_callback(callback)"", ""deserialize(data, allow_marshal)"", ""disable_tip_trackers()"", ""disable_tip_tracking()"", ""empty()"", ""enable_tip_tracke"
test/fixture	web-repl/tests/fixtures/visualizer/set_root_resource.json	1	.json	text	enable_tip_trackers	enable_tip_tracking	medium	"able_tip_trackers()"", ""disable_tip_tracking()"", ""empty()"", ""enable_tip_trackers()"", ""enable_tip_tracking()"", ""fill()"", ""find_resource(fn, m"
test/fixture	web-repl/tests/fixtures/visualizer/set_root_resource.json	1	.json	text	enable_tip_trackers	enable_tip_tracking	medium	"able_tip_trackers()"", ""disable_tip_tracking()"", ""empty()"", ""enable_tip_trackers()"", ""enable_tip_tracking()"", ""fill()"", ""find_resource(fn, m"
test/fixture	web-repl/tests/fixtures/visualizer/set_root_resource.json	1	.json	text	num_rails	num_tracks	medium	"h_waste_block"": false, ""with_teaching_needle_rack"": false, ""num_rails"": 32}, ""method_registry"": {""HamiltonSTARDeck"": [""assign_chi"
test/fixture	web-repl/tests/fixtures/visualizer/set_root_resource.json	1	.json	text	rails_to_location	track_to_location	medium	"_state(state)"", ""load_state_from_file(fn)"", ""named(name)"", ""rails_to_location(rails)"", ""register_did_assign_resource_callback(callback)"","
test/fixture	web-repl/tests/fixtures/visualizer/set_root_resource.json	1	.json	text	set_well_liquids	set_well_volumes	medium	"erialize()"", ""serialize_all_state()"", ""serialize_state()"", ""set_well_liquids(liquids)"", ""set_well_volumes(volumes)"", ""summary(occupied_f"
test/fixture	web-repl/tests/test_browser_visualizer.py	330	py	kwarg	rails	track	high	deck.assign_child_resource(rack, rails=3)
test/fixture	web-repl/tests/test_browser_visualizer.py	386	py	kwarg	rails	track	high	deck.assign_child_resource(rack, rails=3)
test/fixture	web-repl/tests/test_browser_visualizer.py	410	.py	text_py(comment/unparsed)	num_rails	num_tracks	low	e vendored lib.js draws a Hamilton deck's rail lines from ``num_rails``
test/fixture	web-repl/tests/test_browser_visualizer.py	413	.py	text_py(comment/unparsed)	num_rails	num_tracks	low	st stay byte-identical to upstream, so the data path adds ``num_rails``.
test/fixture	web-repl/tests/test_browser_visualizer.py	431	.py	text_py(comment/unparsed)	num_rails	num_tracks	low	"""(a) a 1.0-serialized STARLet/STAR deck gains the correct ``num_rails``."
test/fixture	web-repl/tests/test_browser_visualizer.py	445	.py	text_py(comment/unparsed)	num_rails	num_tracks	low	"assert adapted[""num_rails""] == rails"
test/fixture	web-repl/tests/test_browser_visualizer.py	457	py	attribute	num_rails	num_tracks	high	plr_value = deck.num_rails
test/fixture	web-repl/tests/test_browser_visualizer.py	458	.py	text_py(comment/unparsed)	num_rails	num_tracks	low	"assert add_legacy_num_rails(_serialized_tree(deck))[""num_rails""] == plr_value"
test/fixture	web-repl/tests/test_browser_visualizer.py	462	.py	text_py(comment/unparsed)	num_rails	num_tracks	low	"""""""(b) a deck already carrying ``num_rails`` is unchanged."""""""
test/fixture	web-repl/tests/test_browser_visualizer.py	463	.py	text_py(comment/unparsed)	num_rails	num_tracks	low	"""type"": ""HamiltonSTARDeck"", ""name"": ""d"", ""num_tracks"": 30, ""num_rails"": 99}"
test/fixture	web-repl/tests/test_browser_visualizer.py	465	.py	text_py(comment/unparsed)	num_rails	num_tracks	low	"assert add_legacy_num_rails(node)[""num_rails""] == 99"
test/fixture	web-repl/tests/test_browser_visualizer.py	467	.py	text_py(comment/unparsed)	num_rails	num_tracks	low	# Tecan decks serialize num_rails themselves and have no num_tracks.
test/fixture	web-repl/tests/test_browser_visualizer.py	468	.py	text_py(comment/unparsed)	num_rails	num_tracks	low	"tecan = {""type"": ""TecanDeck"", ""name"": ""t"", ""num_rails"": 67}"
test/fixture	web-repl/tests/test_browser_visualizer.py	480	.py	text_py(comment/unparsed)	num_rails	num_tracks	low	"assert not any(""num_rails"" in n for n in _all_nodes(adapted))"
test/fixture	web-repl/tests/test_browser_visualizer.py	487	.py	text_py(comment/unparsed)	num_rails	num_tracks	low	"assert ""num_rails"" not in inner, ""input tree was mutated"""
test/fixture	web-repl/tests/test_browser_visualizer.py	488	.py	text_py(comment/unparsed)	num_rails	num_tracks	low	"assert adapted[""children""][0][""num_rails""] == 32"
test/fixture	web-repl/tests/test_browser_visualizer.py	489	.py	text_py(comment/unparsed)	num_rails	num_tracks	low	"assert ""num_rails"" not in adapted"
test/fixture	web-repl/tests/test_browser_visualizer.py	494	.py	text_py(comment/unparsed)	num_rails	num_tracks	low	"legacy_num_rails({""type"": ""NimbusDeck"", ""num_tracks"": 30})[""num_rails""] == 30"
test/fixture	web-repl/tests/test_browser_visualizer.py	495	.py	text_py(comment/unparsed)	num_rails	num_tracks	low	"_num_rails({""type"": ""HamiltonSTARDeck"", ""num_tracks"": 30})[""num_rails""] == 32"
test/fixture	web-repl/tests/test_browser_visualizer.py	511	.py	text_py(comment/unparsed)	num_rails	num_tracks	low	"assert star[""data""][""resource""][""num_rails""] == 32"
test/fixture	web-repl/tests/test_browser_visualizer.py	515	.py	text_py(comment/unparsed)	num_rails	num_tracks	low	"assert not any(""num_rails"" in n for n in _all_nodes(ot2[""data""][""resource""]))"
test/fixture	web-repl/tests/test_browser_visualizer.py	531	.py	text_py(comment/unparsed)	num_rails	num_tracks	low	"assert assigned[""data""][""resource""][""num_rails""] == 32"
test/fixture	web-repl/tests/test_browser_visualizer.py	532	.py	text_py(comment/unparsed)	num_rails	num_tracks	low	"assert ""num_rails"" not in state[""data""][""resource""], ""only tree events are ad"
test/fixture	web-repl/tests/test_browser_visualizer.py	533	.py	text_py(comment/unparsed)	num_rails	num_tracks	low	"assert ""num_rails"" not in deck_tree, ""the caller's dict was mutated"""
test/fixture	web-repl/tests/test_browser_visualizer.py	547	.py	text_py(comment/unparsed)	num_rails	num_tracks	low	"assert decks[0][""num_rails""] == decks[0][""num_tracks""] + 2"
test/fixture	web-repl/tests/test_web_bridge_fqn_fallback.py	278	py	attribute	has_tip	tip	low	assert callable(spot.has_tip)
test/fixture	web-repl/tests/test_web_bridge_fqn_fallback.py	279	py	attribute	has_tip	tip	low	assert bool(spot.has_tip) is True  # what the old code tested
test/fixture	web-repl/tests/test_web_bridge_fqn_fallback.py	280	py	attribute	has_tip	tip	low	assert spot.has_tip() is False  # what it meant
