area	file	line	lang	match_kind	name	replacement	confidence	byte_protected	snippet
coxswain	coxswain/tests/test_categorize.py	38	py	string	PLT_CAR_L5AC_A00	hamilton_plate_carrier_L5_ac	medium	no	"KernelInstance(name=""PLT_CAR_L5AC_A00"", resource_type=""plate_carrier"", position=""rails 7""),"
coxswain	coxswain/tests/test_categorize.py	55	py	string	PLT_CAR_L5AC_A00	hamilton_plate_carrier_L5_ac	medium	no	"""PLT_CAR_L5AC_A00 on rails 7"","
coxswain	coxswain/tests/test_clarify_matcher.py	56	py	string	PLT_CAR_L5AC_A00	hamilton_plate_carrier_L5_ac	medium	no	"KernelInstance(name=""PLT_CAR_L5AC_A00"", resource_type=""plate_carrier"", position=""rails 7""),"
coxswain	coxswain/tests/test_clarify_matcher.py	163	py	string	PLT_CAR_L5AC_A00	hamilton_plate_carrier_L5_ac	medium	no	"assert bound.params[""source""] == ""PLT_CAR_L5AC_A00"""
coxswain	coxswain/tests/test_fft_gate.py	256	py	string	PLT_CAR_L5AC_A00	hamilton_plate_carrier_L5_ac	medium	no	"KernelInstance(""PLT_CAR_L5AC_A00"", ""Plate"", position=""rails 7""),"
coxswain	coxswain/tests/test_fft_gate.py	264	py	string	PLT_CAR_L5AC_A00	hamilton_plate_carrier_L5_ac	medium	no	"""PLT_CAR_L5AC_A00"","
coxswain	coxswain/tests/test_tool_schema_parity.py	167	py	attribute	empty	unassign_tip	low	no	signature_required = param.default is inspect.Parameter.empty
coxswain	coxswain/tests/test_tool_schema_parity.py	180	py	attribute	empty	unassign_tip	low	no	if param.default is inspect.Parameter.empty and param.kind in (
plr-sema	plr-sema/data/derived_contracts.json	3255	.json	text	AGenBio_1_troughplate_100000uL_Fl	agenbio_1_troughplate_100mL_Fl	medium	no	"""AGenBio_1_troughplate_100000uL_Fl"": {"
plr-sema	plr-sema/data/derived_contracts.json	3266	.json	text	AGenBio_1_troughplate_190000uL_Fl	agenbio_1_troughplate_190mL_Fl	medium	no	"""AGenBio_1_troughplate_190000uL_Fl"": {"
plr-sema	plr-sema/data/derived_contracts.json	3277	.json	text	AGenBio_1_wellplate_Fl	AGenBio_1_troughplate_190000uL_Fl	medium	no	"""AGenBio_1_wellplate_Fl"": {"
plr-sema	plr-sema/data/derived_contracts.json	3288	.json	text	AGenBio_4_troughplate_75000_Vb	AGenBio_4_troughplate_75000uL_Vb	medium	no	"""AGenBio_4_troughplate_75000_Vb"": {"
plr-sema	plr-sema/data/derived_contracts.json	3299	.json	text	AGenBio_4_troughplate_75000uL_Vb	agenbio_4_troughplate_75mL_Vb	medium	no	"""AGenBio_4_troughplate_75000uL_Vb"": {"
plr-sema	plr-sema/data/derived_contracts.json	3310	.json	text	AGenBio_96_wellplate_Ub_2200ul	agenbio_96_wellplate_Ub_2200uL	medium	no	"""AGenBio_96_wellplate_Ub_2200ul"": {"
plr-sema	plr-sema/data/derived_contracts.json	4196	.json	text	Agilent_2_reservoir_144mL_Vb	agilent_2_reservoir_144mL_Vb	medium	no	"""Agilent_2_reservoir_144mL_Vb"": {"
plr-sema	plr-sema/data/derived_contracts.json	4954	.json	text	Alpaqua_96_magnum_flx	alpaqua_96_plateadapter_magnum_flx	medium	no	"""Alpaqua_96_magnum_flx"": {"
plr-sema	plr-sema/data/derived_contracts.json	11789	.json	text	Azenta4titudeFrameStar_96_wellplate_200ul_Vb	azenta_96_wellplate_200uL_Vb_4titudeframestar	medium	no	"""Azenta4titudeFrameStar_96_wellplate_200ul_Vb"": {"
plr-sema	plr-sema/data/derived_contracts.json	11800	.json	text	BTX_96_wellplate_125ul_Fb_2mm	btx_96_wellplate_125uL_Fb_2mm	medium	no	"""BTX_96_wellplate_125ul_Fb_2mm"": {"
plr-sema	plr-sema/data/derived_contracts.json	11872	.json	text	BioRad_384_wellplate_50uL_Vb	biorad_384_wellplate_50uL_Vb	medium	no	"""BioRad_384_wellplate_50uL_Vb"": {"
plr-sema	plr-sema/data/derived_contracts.json	24176	.json	text	CellTreat_12_troughplate_15000ul_Vb	celltreat_12_troughplate_15mL_Vb	medium	no	"""CellTreat_12_troughplate_15000ul_Vb"": {"
plr-sema	plr-sema/data/derived_contracts.json	24183	.json	text	CellTreat_24_wellplate_3300ul_Fb	celltreat_24_wellplate_3300uL_Fb	medium	no	"""CellTreat_24_wellplate_3300ul_Fb"": {"
plr-sema	plr-sema/data/derived_contracts.json	24194	.json	text	CellTreat_24_wellplate_3300ul_Fb_Lid	celltreat_24_wellplate_3300uL_Fb_lid	medium	no	"""CellTreat_24_wellplate_3300ul_Fb_Lid"": {"
plr-sema	plr-sema/data/derived_contracts.json	24201	.json	text	CellTreat_6_wellplate_16300ul_Fb	celltreat_6_wellplate_16300uL_Fb	medium	no	"""CellTreat_6_wellplate_16300ul_Fb"": {"
plr-sema	plr-sema/data/derived_contracts.json	24212	.json	text	CellTreat_6_wellplate_16300ul_Fb_Lid	celltreat_6_wellplate_16300uL_Fb_lid	medium	no	"""CellTreat_6_wellplate_16300ul_Fb_Lid"": {"
plr-sema	plr-sema/data/derived_contracts.json	24219	.json	text	CellTreat_96_wellplate_350ul_Fb	celltreat_96_wellplate_350uL_Fb	medium	no	"""CellTreat_96_wellplate_350ul_Fb"": {"
plr-sema	plr-sema/data/derived_contracts.json	24226	.json	text	CellTreat_96_wellplate_350ul_Ub	celltreat_96_wellplate_350uL_Ub	medium	no	"""CellTreat_96_wellplate_350ul_Ub"": {"
plr-sema	plr-sema/data/derived_contracts.json	24237	.json	text	CellTreat_96_wellplate_350ul_Ub_Lid	celltreat_96_wellplate_350uL_Ub_lid	medium	no	"""CellTreat_96_wellplate_350ul_Ub_Lid"": {"
plr-sema	plr-sema/data/derived_contracts.json	24244	.json	text	CellVis_24_wellplate_3600uL_Fb	cellvis_24_wellplate_3600uL_Fb	medium	no	"""CellVis_24_wellplate_3600uL_Fb"": {"
plr-sema	plr-sema/data/derived_contracts.json	24255	.json	text	CellVis_24_wellplate_3600uL_Fb_Lid	cellvis_24_wellplate_3600uL_Fb_lid	medium	no	"""CellVis_24_wellplate_3600uL_Fb_Lid"": {"
plr-sema	plr-sema/data/derived_contracts.json	24262	.json	text	CellVis_96_wellplate_350uL_Fb	cellvis_96_wellplate_350uL_Fb	medium	no	"""CellVis_96_wellplate_350uL_Fb"": {"
plr-sema	plr-sema/data/derived_contracts.json	24273	.json	text	CellVis_96_wellplate_350uL_Fb_Lid	cellvis_96_wellplate_350uL_Fb_lid	medium	no	"""CellVis_96_wellplate_350uL_Fb_Lid"": {"
plr-sema	plr-sema/data/derived_contracts.json	29325	.json	text	Cor_96_wellplate_2mL_Vb	cor_96_wellplate_2mL_Vb	medium	no	"""Cor_96_wellplate_2mL_Vb"": {"
plr-sema	plr-sema/data/derived_contracts.json	29336	.json	text	Cor_96_wellplate_360ul_Fb	cor_96_wellplate_360uL_Fb	medium	no	"""Cor_96_wellplate_360ul_Fb"": {"
plr-sema	plr-sema/data/derived_contracts.json	29347	.json	text	Cor_96_wellplate_360ul_Fb_Lid	cor_96_wellplate_360uL_Fb_lid	medium	no	"""Cor_96_wellplate_360ul_Fb_Lid"": {"
plr-sema	plr-sema/data/derived_contracts.json	29354	.json	text	Cor_Axy_24_wellplate_10mL_Vb	cor_axy_24_wellplate_10mL_Vb	medium	no	"""Cor_Axy_24_wellplate_10mL_Vb"": {"
plr-sema	plr-sema/data/derived_contracts.json	29365	.json	text	Cor_Axy_96_wellplate_500uL_Ub	cor_axy_96_wellplate_500uL_Ub	medium	no	"""Cor_Axy_96_wellplate_500uL_Ub"": {"
plr-sema	plr-sema/data/derived_contracts.json	29376	.json	text	Cor_Cos_12_wellplate_6900ul_Fb	cor_cos_12_wellplate_6900uL_Fb	medium	no	"""Cor_Cos_12_wellplate_6900ul_Fb"": {"
plr-sema	plr-sema/data/derived_contracts.json	29387	.json	text	Cor_Cos_24_wellplate_3470ul_Fb	cor_cos_24_wellplate_3470uL_Fb	medium	no	"""Cor_Cos_24_wellplate_3470ul_Fb"": {"
plr-sema	plr-sema/data/derived_contracts.json	29398	.json	text	Cor_Cos_48_wellplate_1620ul_Fb	cor_cos_48_wellplate_1620uL_Fb	medium	no	"""Cor_Cos_48_wellplate_1620ul_Fb"": {"
plr-sema	plr-sema/data/derived_contracts.json	29409	.json	text	Cor_Cos_6_wellplate_16800ul_Fb	cor_cos_6_wellplate_16800uL_Fb	medium	no	"""Cor_Cos_6_wellplate_16800ul_Fb"": {"
plr-sema	plr-sema/data/derived_contracts.json	29420	.json	text	Cor_Cos_6_wellplate_16800ul_Fb_Lid	cor_cos_6_wellplate_16800uL_Fb_lid	medium	no	"""Cor_Cos_6_wellplate_16800ul_Fb_Lid"": {"
plr-sema	plr-sema/data/derived_contracts.json	29427	.json	text	Cor_Falcon_96_wellplate_250ul_Rb	cor_falcon_96_wellplate_250uL_Rb	medium	no	"""Cor_Falcon_96_wellplate_250ul_Rb"": {"
plr-sema	plr-sema/data/derived_contracts.json	29438	.json	text	Cor_Falcon_96_wellplate_275ul_Fb	cor_falcon_96_wellplate_275uL_Fb	medium	no	"""Cor_Falcon_96_wellplate_275ul_Fb"": {"
plr-sema	plr-sema/data/derived_contracts.json	29449	.json	text	Cor_Falcon_96_wellplate_340ul_Fb_Black	cor_falcon_96_wellplate_340uL_Fb_black	medium	no	"""Cor_Falcon_96_wellplate_340ul_Fb_Black"": {"
plr-sema	plr-sema/data/derived_contracts.json	29460	.json	text	Cor_Falcon_tube_14mL_Rb	cor_falcon_tube_14mL_Rb	medium	no	"""Cor_Falcon_tube_14mL_Rb"": {"
plr-sema	plr-sema/data/derived_contracts.json	29467	.json	text	Cor_Falcon_tube_15mL_Vb	cor_falcon_tube_15mL_Vb	medium	no	"""Cor_Falcon_tube_15mL_Vb"": {"
plr-sema	plr-sema/data/derived_contracts.json	29474	.json	text	Cor_Falcon_tube_50mL_Vb	cor_falcon_tube_50mL_Vb	medium	no	"""Cor_Falcon_tube_50mL_Vb"": {"
plr-sema	plr-sema/data/derived_contracts.json	88642	.json	text	Eppendorf_DNA_LoBind_1_5ml_Vb	eppendorf_tube_1500uL_Vb	medium	no	"""Eppendorf_DNA_LoBind_1_5ml_Vb"": {"
plr-sema	plr-sema/data/derived_contracts.json	88646	.json	text	Eppendorf_DNA_LoBind_1_5ml_Vb	eppendorf_tube_1500uL_Vb	medium	no	"""model"": ""Eppendorf_DNA_LoBind_1_5ml_Vb"""
plr-sema	plr-sema/data/derived_contracts.json	88660	.json	text	Eppendorf_Protein_LoBind_1_5ml_Vb	eppendorf_tube_1500uL_Vb	medium	no	"""Eppendorf_Protein_LoBind_1_5ml_Vb"": {"
plr-sema	plr-sema/data/derived_contracts.json	128699	.json	text	rails_to_location	track_to_location	medium	no	"o_location is HamiltonDeck.track_to_location and type(self).rails_to_location is HamiltonDeck.rails_to_location"","
plr-sema	plr-sema/data/derived_contracts.json	128699	.json	text	rails_to_location	track_to_location	medium	no	"o_location and type(self).rails_to_location is HamiltonDeck.rails_to_location"","
plr-sema	plr-sema/data/derived_contracts.json	128714	.json	text	rails_to_location	track_to_location	medium	no	"""text"": ""type(self).rails_to_location is HamiltonDeck.rails_to_location"""
plr-sema	plr-sema/data/derived_contracts.json	128714	.json	text	rails_to_location	track_to_location	medium	no	"""text"": ""type(self).rails_to_location is HamiltonDeck.rails_to_location"""
plr-sema	plr-sema/data/derived_contracts.json	128721	.json	text	rails_to_location	track_to_location	medium	no	"o_location is HamiltonDeck.track_to_location and type(self).rails_to_location is HamiltonDeck.rails_to_location"""
plr-sema	plr-sema/data/derived_contracts.json	128721	.json	text	rails_to_location	track_to_location	medium	no	"o_location and type(self).rails_to_location is HamiltonDeck.rails_to_location"""
plr-sema	plr-sema/data/derived_contracts.json	128789	.json	text	num_rails	num_tracks	medium	no	"""condition"": ""num_rails is not None"","
plr-sema	plr-sema/data/derived_contracts.json	128797	.json	text	num_rails	num_tracks	medium	no	"""name"": ""num_rails"","
plr-sema	plr-sema/data/derived_contracts.json	128804	.json	text	num_rails	num_tracks	medium	no	"""if num_rails is not None"","
plr-sema	plr-sema/data/derived_contracts.json	128821	.json	text	num_rails	num_tracks	medium	no	"""condition"": ""num_rails is None"","
plr-sema	plr-sema/data/derived_contracts.json	128829	.json	text	num_rails	num_tracks	medium	no	"""name"": ""num_rails"","
plr-sema	plr-sema/data/derived_contracts.json	128836	.json	text	num_rails	num_tracks	medium	no	"""if num_rails is None"""
plr-sema	plr-sema/data/derived_contracts.json	128849	.json	text	num_rails	num_tracks	medium	no	"""num_rails"": null,"
plr-sema	plr-sema/data/derived_contracts.json	128864	.json	text	num_rails	num_tracks	medium	no	"""num_rails"","
plr-sema	plr-sema/data/derived_contracts.json	130726	.json	text	num_rails	num_tracks	medium	no	"""HamiltonDeck.num_rails"": {"
plr-sema	plr-sema/data/derived_contracts.json	130733	.json	text	rails_to_location	track_to_location	medium	no	"""HamiltonDeck.rails_to_location"": {"
plr-sema	plr-sema/data/derived_contracts.json	132745	.json	text	num_rails	num_tracks	medium	no	"""num_rails"": null,"
plr-sema	plr-sema/data/derived_contracts.json	132751	.json	text	with_teaching_rack	with_teaching_needle_rack	medium	no	"""with_teaching_rack"": null,"
plr-sema	plr-sema/data/derived_contracts.json	132771	.json	text	num_rails	num_tracks	medium	no	"""num_rails"","
plr-sema	plr-sema/data/derived_contracts.json	132772	.json	text	with_teaching_rack	with_teaching_needle_rack	medium	no	"""with_teaching_rack"""
plr-sema	plr-sema/data/derived_contracts.json	140269	.json	text	Hamilton_1_trough_200ml_Vb	hamilton_1_trough_200mL_Vb	medium	no	"""Hamilton_1_trough_200ml_Vb"": {"
plr-sema	plr-sema/data/derived_contracts.json	140283	.json	text	Hamilton_MFX_plateholder_DWP_metal_tapped	hamilton_mfx_plateholder_DWP_metal_tapped	medium	no	"""Hamilton_MFX_plateholder_DWP_metal_tapped"": {"
plr-sema	plr-sema/data/derived_contracts.json	193537	.json	text	TipTracker	pylabrobot.legacy.tip_tracker.TipTracker (or tree: TipSpot.tip)	medium	no	"""qualname"": ""TipTracker.get_tip"""
plr-sema	plr-sema/data/derived_contracts.json	195517	.json	text	TipTracker	pylabrobot.legacy.tip_tracker.TipTracker (or tree: TipSpot.tip)	medium	no	"""qualname"": ""TipTracker.remove_tip"""
plr-sema	plr-sema/data/derived_contracts.json	195535	.json	text	TipTracker	pylabrobot.legacy.tip_tracker.TipTracker (or tree: TipSpot.tip)	medium	no	"""qualname"": ""TipTracker.remove_tip"""
plr-sema	plr-sema/data/derived_contracts.json	195551	.json	text	TipTracker	pylabrobot.legacy.tip_tracker.TipTracker (or tree: TipSpot.tip)	medium	no	"""qualname"": ""TipTracker.add_tip"""
plr-sema	plr-sema/data/derived_contracts.json	195569	.json	text	TipTracker	pylabrobot.legacy.tip_tracker.TipTracker (or tree: TipSpot.tip)	medium	no	"""qualname"": ""TipTracker.add_tip"""
plr-sema	plr-sema/data/derived_contracts.json	196511	.json	text	TipTracker	pylabrobot.legacy.tip_tracker.TipTracker (or tree: TipSpot.tip)	medium	no	"""qualname"": ""TipTracker.add_tip"""
plr-sema	plr-sema/data/derived_contracts.json	196529	.json	text	TipTracker	pylabrobot.legacy.tip_tracker.TipTracker (or tree: TipSpot.tip)	medium	no	"""qualname"": ""TipTracker.add_tip"""
plr-sema	plr-sema/data/derived_contracts.json	196547	.json	text	TipTracker	pylabrobot.legacy.tip_tracker.TipTracker (or tree: TipSpot.tip)	medium	no	"""qualname"": ""TipTracker.get_tip"""
plr-sema	plr-sema/data/derived_contracts.json	196563	.json	text	TipTracker	pylabrobot.legacy.tip_tracker.TipTracker (or tree: TipSpot.tip)	medium	no	"""qualname"": ""TipTracker.remove_tip"""
plr-sema	plr-sema/data/derived_contracts.json	196581	.json	text	TipTracker	pylabrobot.legacy.tip_tracker.TipTracker (or tree: TipSpot.tip)	medium	no	"""qualname"": ""TipTracker.remove_tip"""
plr-sema	plr-sema/data/derived_contracts.json	198512	.json	text	TipTracker	pylabrobot.legacy.tip_tracker.TipTracker (or tree: TipSpot.tip)	medium	no	"""qualname"": ""TipTracker.get_tip"""
plr-sema	plr-sema/data/derived_contracts.json	198528	.json	text	TipTracker	pylabrobot.legacy.tip_tracker.TipTracker (or tree: TipSpot.tip)	medium	no	"""qualname"": ""TipTracker.remove_tip"""
plr-sema	plr-sema/data/derived_contracts.json	198546	.json	text	TipTracker	pylabrobot.legacy.tip_tracker.TipTracker (or tree: TipSpot.tip)	medium	no	"""qualname"": ""TipTracker.remove_tip"""
plr-sema	plr-sema/data/derived_contracts.json	201307	.json	text	TipTracker	pylabrobot.legacy.tip_tracker.TipTracker (or tree: TipSpot.tip)	medium	no	"""qualname"": ""TipTracker.get_tip"""
plr-sema	plr-sema/data/derived_contracts.json	204465	.json	text	TipTracker	pylabrobot.legacy.tip_tracker.TipTracker (or tree: TipSpot.tip)	medium	no	"""qualname"": ""TipTracker.get_tip"""
plr-sema	plr-sema/data/derived_contracts.json	204481	.json	text	TipTracker	pylabrobot.legacy.tip_tracker.TipTracker (or tree: TipSpot.tip)	medium	no	"""qualname"": ""TipTracker.remove_tip"""
plr-sema	plr-sema/data/derived_contracts.json	204499	.json	text	TipTracker	pylabrobot.legacy.tip_tracker.TipTracker (or tree: TipSpot.tip)	medium	no	"""qualname"": ""TipTracker.remove_tip"""
plr-sema	plr-sema/data/derived_contracts.json	212396	.json	text	TipTracker	pylabrobot.legacy.tip_tracker.TipTracker (or tree: TipSpot.tip)	medium	no	"""qualname"": ""TipTracker.add_tip"""
plr-sema	plr-sema/data/derived_contracts.json	212414	.json	text	TipTracker	pylabrobot.legacy.tip_tracker.TipTracker (or tree: TipSpot.tip)	medium	no	"""qualname"": ""TipTracker.add_tip"""
plr-sema	plr-sema/data/derived_contracts.json	212432	.json	text	TipTracker	pylabrobot.legacy.tip_tracker.TipTracker (or tree: TipSpot.tip)	medium	no	"""qualname"": ""TipTracker.get_tip"""
plr-sema	plr-sema/data/derived_contracts.json	212448	.json	text	TipTracker	pylabrobot.legacy.tip_tracker.TipTracker (or tree: TipSpot.tip)	medium	no	"""qualname"": ""TipTracker.remove_tip"""
plr-sema	plr-sema/data/derived_contracts.json	212466	.json	text	TipTracker	pylabrobot.legacy.tip_tracker.TipTracker (or tree: TipSpot.tip)	medium	no	"""qualname"": ""TipTracker.remove_tip"""
plr-sema	plr-sema/data/derived_contracts.json	215540	.json	text	TipTracker	pylabrobot.legacy.tip_tracker.TipTracker (or tree: TipSpot.tip)	medium	no	"""qualname"": ""TipTracker.add_tip"""
plr-sema	plr-sema/data/derived_contracts.json	215558	.json	text	TipTracker	pylabrobot.legacy.tip_tracker.TipTracker (or tree: TipSpot.tip)	medium	no	"""qualname"": ""TipTracker.add_tip"""
plr-sema	plr-sema/data/derived_contracts.json	218363	.json	text	TipTracker	pylabrobot.legacy.tip_tracker.TipTracker (or tree: TipSpot.tip)	medium	no	"""qualname"": ""TipTracker.add_tip"""
plr-sema	plr-sema/data/derived_contracts.json	218381	.json	text	TipTracker	pylabrobot.legacy.tip_tracker.TipTracker (or tree: TipSpot.tip)	medium	no	"""qualname"": ""TipTracker.add_tip"""
plr-sema	plr-sema/data/derived_contracts.json	218399	.json	text	TipTracker	pylabrobot.legacy.tip_tracker.TipTracker (or tree: TipSpot.tip)	medium	no	"""qualname"": ""TipTracker.get_tip"""
plr-sema	plr-sema/data/derived_contracts.json	218415	.json	text	TipTracker	pylabrobot.legacy.tip_tracker.TipTracker (or tree: TipSpot.tip)	medium	no	"""qualname"": ""TipTracker.remove_tip"""
plr-sema	plr-sema/data/derived_contracts.json	218433	.json	text	TipTracker	pylabrobot.legacy.tip_tracker.TipTracker (or tree: TipSpot.tip)	medium	no	"""qualname"": ""TipTracker.remove_tip"""
plr-sema	plr-sema/data/derived_contracts.json	220345	.json	text	TipTracker	pylabrobot.legacy.tip_tracker.TipTracker (or tree: TipSpot.tip)	medium	no	"""qualname"": ""TipTracker.get_tip"""
plr-sema	plr-sema/data/derived_contracts.json	220361	.json	text	TipTracker	pylabrobot.legacy.tip_tracker.TipTracker (or tree: TipSpot.tip)	medium	no	"""qualname"": ""TipTracker.remove_tip"""
plr-sema	plr-sema/data/derived_contracts.json	220379	.json	text	TipTracker	pylabrobot.legacy.tip_tracker.TipTracker (or tree: TipSpot.tip)	medium	no	"""qualname"": ""TipTracker.remove_tip"""
plr-sema	plr-sema/data/derived_contracts.json	225042	.json	text	TipTracker	pylabrobot.legacy.tip_tracker.TipTracker (or tree: TipSpot.tip)	medium	no	"""qualname"": ""TipTracker.get_tip"""
plr-sema	plr-sema/data/derived_contracts.json	225937	.json	text	TipTracker	pylabrobot.legacy.tip_tracker.TipTracker (or tree: TipSpot.tip)	medium	no	"""qualname"": ""TipTracker.remove_tip"""
plr-sema	plr-sema/data/derived_contracts.json	225955	.json	text	TipTracker	pylabrobot.legacy.tip_tracker.TipTracker (or tree: TipSpot.tip)	medium	no	"""qualname"": ""TipTracker.remove_tip"""
plr-sema	plr-sema/data/derived_contracts.json	225971	.json	text	TipTracker	pylabrobot.legacy.tip_tracker.TipTracker (or tree: TipSpot.tip)	medium	no	"""qualname"": ""TipTracker.add_tip"""
plr-sema	plr-sema/data/derived_contracts.json	225989	.json	text	TipTracker	pylabrobot.legacy.tip_tracker.TipTracker (or tree: TipSpot.tip)	medium	no	"""qualname"": ""TipTracker.add_tip"""
plr-sema	plr-sema/data/derived_contracts.json	226936	.json	text	TipTracker	pylabrobot.legacy.tip_tracker.TipTracker (or tree: TipSpot.tip)	medium	no	"""qualname"": ""TipTracker.get_tip"""
plr-sema	plr-sema/data/derived_contracts.json	226952	.json	text	TipTracker	pylabrobot.legacy.tip_tracker.TipTracker (or tree: TipSpot.tip)	medium	no	"""qualname"": ""TipTracker.remove_tip"""
plr-sema	plr-sema/data/derived_contracts.json	226970	.json	text	TipTracker	pylabrobot.legacy.tip_tracker.TipTracker (or tree: TipSpot.tip)	medium	no	"""qualname"": ""TipTracker.remove_tip"""
plr-sema	plr-sema/data/derived_contracts.json	226986	.json	text	TipTracker	pylabrobot.legacy.tip_tracker.TipTracker (or tree: TipSpot.tip)	medium	no	"""qualname"": ""TipTracker.add_tip"""
plr-sema	plr-sema/data/derived_contracts.json	227004	.json	text	TipTracker	pylabrobot.legacy.tip_tracker.TipTracker (or tree: TipSpot.tip)	medium	no	"""qualname"": ""TipTracker.add_tip"""
plr-sema	plr-sema/data/derived_contracts.json	229245	.json	text	MFX_CAR_L5_base	hamilton_mfx_carrier_L5_base	medium	no	"""MFX_CAR_L5_base"": {"
plr-sema	plr-sema/data/derived_contracts.json	229305	.json	text	MFX_DWP_rackbased_module	hamilton_mfx_plateholder_DWP_flat	medium	no	"""MFX_DWP_rackbased_module"": {"
plr-sema	plr-sema/data/derived_contracts.json	229312	.json	text	MFX_TIP_module	hamilton_mfx_tiprackholder_standard	medium	no	"""MFX_TIP_module"": {"
plr-sema	plr-sema/data/derived_contracts.json	278731	.json	text	NestedTipRack	StandingTipRack	medium	no	"""NestedTipRack.__init__"": {"
plr-sema	plr-sema/data/derived_contracts.json	278759	.json	text	NestedTipRack	StandingTipRack	medium	no	"""NestedTipRack.assign_child_resource"": {"
plr-sema	plr-sema/data/derived_contracts.json	278788	.json	text	NestedTipRack	StandingTipRack	medium	no	"""else of: if isinstance(resource, NestedTipRack)"""
plr-sema	plr-sema/data/derived_contracts.json	278793	.json	text	NestedTipRack	StandingTipRack	medium	no	"""qualname"": ""NestedTipRack.assign_child_resource"""
plr-sema	plr-sema/data/derived_contracts.json	290879	.json	text	num_rails	num_tracks	medium	no	"""num_rails"": 30,"
plr-sema	plr-sema/data/derived_contracts.json	290890	.json	text	num_rails	num_tracks	medium	no	"""num_rails"","
plr-sema	plr-sema/data/derived_contracts.json	291453	.json	text	num_rails	num_tracks	medium	no	"""num_rails"": null,"
plr-sema	plr-sema/data/derived_contracts.json	291470	.json	text	num_rails	num_tracks	medium	no	"""num_rails"","
plr-sema	plr-sema/data/derived_contracts.json	301498	.json	text	PLT_CAR_L5AC_A00	hamilton_plate_carrier_L5_ac	medium	no	"""PLT_CAR_L5AC_A00"": {"
plr-sema	plr-sema/data/derived_contracts.json	343342	.json	text	set_well_liquids	set_well_volumes	medium	no	"""Plate.set_well_liquids"": {"
plr-sema	plr-sema/data/derived_contracts.json	343353	.json	text	set_well_liquids	set_well_volumes	medium	no	"""caller_qualname"": ""Plate.set_well_liquids"","
plr-sema	plr-sema/data/derived_contracts.json	491461	.json	text	with_teaching_rack	with_teaching_needle_rack	medium	no	"""with_teaching_rack"": null,"
plr-sema	plr-sema/data/derived_contracts.json	491472	.json	text	with_teaching_rack	with_teaching_needle_rack	medium	no	"""with_teaching_rack"""
plr-sema	plr-sema/data/derived_contracts.json	494673	.json	text	with_teaching_rack	with_teaching_needle_rack	medium	no	"""with_teaching_rack"": null,"
plr-sema	plr-sema/data/derived_contracts.json	494684	.json	text	with_teaching_rack	with_teaching_needle_rack	medium	no	"""with_teaching_rack"""
plr-sema	plr-sema/data/derived_contracts.json	494737	.json	text	with_teaching_rack	with_teaching_needle_rack	medium	no	"""with_teaching_rack"": null,"
plr-sema	plr-sema/data/derived_contracts.json	494748	.json	text	with_teaching_rack	with_teaching_needle_rack	medium	no	"""with_teaching_rack"""
plr-sema	plr-sema/data/derived_contracts.json	505320	.json	text	TIP_CAR_480	hamilton_tip_carrier_L5	medium	no	"""TIP_CAR_480"": {"
plr-sema	plr-sema/data/derived_contracts.json	505327	.json	text	TIP_CAR_480BC_A00	hamilton_tip_carrier_L5	medium	no	"""TIP_CAR_480BC_A00"": {"
plr-sema	plr-sema/data/derived_contracts.json	505334	.json	text	TIP_CAR_480_A00	hamilton_tip_carrier_L5	medium	no	"""TIP_CAR_480_A00"": {"
plr-sema	plr-sema/data/derived_contracts.json	505369	.json	text	TIP_CAR_NTR_A00	hamilton_tip_carrier_L5_ntr_a00	medium	no	"""TIP_CAR_NTR_A00"": {"
plr-sema	plr-sema/data/derived_contracts.json	505409	.json	text	num_rails	num_tracks	medium	no	"""condition"": ""rails is not None and (not 1 <= rails <= self.num_rails)"","
plr-sema	plr-sema/data/derived_contracts.json	505455	.json	text	num_rails	num_tracks	medium	no	"""num_rails"""
plr-sema	plr-sema/data/derived_contracts.json	505467	.json	text	num_rails	num_tracks	medium	no	"""if rails is not None and (not 1 <= rails <= self.num_rails)"""
plr-sema	plr-sema/data/derived_contracts.json	505910	.json	text	num_rails	num_tracks	medium	no	"""num_rails"","
plr-sema	plr-sema/data/derived_contracts.json	505987	.json	text	num_rails	num_tracks	medium	no	"""condition"": ""rails is not None and (not 1 <= rails <= self.num_rails)"","
plr-sema	plr-sema/data/derived_contracts.json	506033	.json	text	num_rails	num_tracks	medium	no	"""num_rails"""
plr-sema	plr-sema/data/derived_contracts.json	506045	.json	text	num_rails	num_tracks	medium	no	"""if rails is not None and (not 1 <= rails <= self.num_rails)"""
plr-sema	plr-sema/data/derived_contracts.json	519534	.json	text	disable_tip_trackers	disable_tip_tracking	medium	no	"""TipRack.disable_tip_trackers"": {"
plr-sema	plr-sema/data/derived_contracts.json	519888	.json	text	enable_tip_trackers	enable_tip_tracking	medium	no	"""TipRack.enable_tip_trackers"": {"
plr-sema	plr-sema/data/derived_contracts.json	521096	.json	text	TipTracker	pylabrobot.legacy.tip_tracker.TipTracker (or tree: TipSpot.tip)	medium	no	"""TipTracker.__init__"": {"
plr-sema	plr-sema/data/derived_contracts.json	521108	.json	text	TipTracker	pylabrobot.legacy.tip_tracker.TipTracker (or tree: TipSpot.tip)	medium	no	"""TipTracker.__repr__"": {"
plr-sema	plr-sema/data/derived_contracts.json	521115	.json	text	TipTracker	pylabrobot.legacy.tip_tracker.TipTracker (or tree: TipSpot.tip)	medium	no	"""TipTracker._hold"": {"
plr-sema	plr-sema/data/derived_contracts.json	521123	.json	text	TipTracker	pylabrobot.legacy.tip_tracker.TipTracker (or tree: TipSpot.tip)	medium	no	"""TipTracker._holder"": {"
plr-sema	plr-sema/data/derived_contracts.json	521135	.json	text	TipTracker	pylabrobot.legacy.tip_tracker.TipTracker (or tree: TipSpot.tip)	medium	no	"""TipTracker._pending_tip"": {"
plr-sema	plr-sema/data/derived_contracts.json	521142	.json	text	TipTracker	pylabrobot.legacy.tip_tracker.TipTracker (or tree: TipSpot.tip)	medium	no	"""TipTracker._put"": {"
plr-sema	plr-sema/data/derived_contracts.json	521150	.json	text	TipTracker	pylabrobot.legacy.tip_tracker.TipTracker (or tree: TipSpot.tip)	medium	no	"""TipTracker._tip@pylabrobot.legacy.tip_tracker:64"": {"
plr-sema	plr-sema/data/derived_contracts.json	521157	.json	text	TipTracker	pylabrobot.legacy.tip_tracker.TipTracker (or tree: TipSpot.tip)	medium	no	"""TipTracker._tip@pylabrobot.legacy.tip_tracker:71"": {"
plr-sema	plr-sema/data/derived_contracts.json	521165	.json	text	TipTracker	pylabrobot.legacy.tip_tracker.TipTracker (or tree: TipSpot.tip)	medium	no	"""TipTracker.add_tip"": {"
plr-sema	plr-sema/data/derived_contracts.json	521201	.json	text	TipTracker	pylabrobot.legacy.tip_tracker.TipTracker (or tree: TipSpot.tip)	medium	no	"""qualname"": ""TipTracker.add_tip"""
plr-sema	plr-sema/data/derived_contracts.json	521238	.json	text	TipTracker	pylabrobot.legacy.tip_tracker.TipTracker (or tree: TipSpot.tip)	medium	no	"""qualname"": ""TipTracker.add_tip"""
plr-sema	plr-sema/data/derived_contracts.json	521253	.json	text	TipTracker	pylabrobot.legacy.tip_tracker.TipTracker (or tree: TipSpot.tip)	medium	no	"""TipTracker.clear"": {"
plr-sema	plr-sema/data/derived_contracts.json	521260	.json	text	TipTracker	pylabrobot.legacy.tip_tracker.TipTracker (or tree: TipSpot.tip)	medium	no	"""TipTracker.commit"": {"
plr-sema	plr-sema/data/derived_contracts.json	521272	.json	text	TipTracker	pylabrobot.legacy.tip_tracker.TipTracker (or tree: TipSpot.tip)	medium	no	"""TipTracker.disable"": {"
plr-sema	plr-sema/data/derived_contracts.json	521279	.json	text	TipTracker	pylabrobot.legacy.tip_tracker.TipTracker (or tree: TipSpot.tip)	medium	no	"""TipTracker.enable"": {"
plr-sema	plr-sema/data/derived_contracts.json	521286	.json	text	TipTracker	pylabrobot.legacy.tip_tracker.TipTracker (or tree: TipSpot.tip)	medium	no	"""TipTracker.get_tip"": {"
plr-sema	plr-sema/data/derived_contracts.json	521323	.json	text	TipTracker	pylabrobot.legacy.tip_tracker.TipTracker (or tree: TipSpot.tip)	medium	no	"""qualname"": ""TipTracker.get_tip"""
plr-sema	plr-sema/data/derived_contracts.json	521331	.json	text	TipTracker	pylabrobot.legacy.tip_tracker.TipTracker (or tree: TipSpot.tip)	medium	no	"""TipTracker.get_tip_origin"": {"
plr-sema	plr-sema/data/derived_contracts.json	521338	.json	text	TipTracker	pylabrobot.legacy.tip_tracker.TipTracker (or tree: TipSpot.tip)	medium	no	"""TipTracker.has_tip"": {"
plr-sema	plr-sema/data/derived_contracts.json	521345	.json	text	TipTracker	pylabrobot.legacy.tip_tracker.TipTracker (or tree: TipSpot.tip)	medium	no	"""TipTracker.is_disabled"": {"
plr-sema	plr-sema/data/derived_contracts.json	521352	.json	text	TipTracker	pylabrobot.legacy.tip_tracker.TipTracker (or tree: TipSpot.tip)	medium	no	"""TipTracker.load_state"": {"
plr-sema	plr-sema/data/derived_contracts.json	521360	.json	text	TipTracker	pylabrobot.legacy.tip_tracker.TipTracker (or tree: TipSpot.tip)	medium	no	"""TipTracker.register_callback"": {"
plr-sema	plr-sema/data/derived_contracts.json	521368	.json	text	TipTracker	pylabrobot.legacy.tip_tracker.TipTracker (or tree: TipSpot.tip)	medium	no	"""TipTracker.remove_tip"": {"
plr-sema	plr-sema/data/derived_contracts.json	521404	.json	text	TipTracker	pylabrobot.legacy.tip_tracker.TipTracker (or tree: TipSpot.tip)	medium	no	"""qualname"": ""TipTracker.remove_tip"""
plr-sema	plr-sema/data/derived_contracts.json	521441	.json	text	TipTracker	pylabrobot.legacy.tip_tracker.TipTracker (or tree: TipSpot.tip)	medium	no	"""qualname"": ""TipTracker.remove_tip"""
plr-sema	plr-sema/data/derived_contracts.json	521453	.json	text	TipTracker	pylabrobot.legacy.tip_tracker.TipTracker (or tree: TipSpot.tip)	medium	no	"""TipTracker.rollback"": {"
plr-sema	plr-sema/data/derived_contracts.json	521484	.json	text	TipTracker	pylabrobot.legacy.tip_tracker.TipTracker (or tree: TipSpot.tip)	medium	no	"""qualname"": ""TipTracker.rollback"""
plr-sema	plr-sema/data/derived_contracts.json	521492	.json	text	TipTracker	pylabrobot.legacy.tip_tracker.TipTracker (or tree: TipSpot.tip)	medium	no	"""TipTracker.serialize"": {"
plr-sema	plr-sema/data/derived_contracts.json	521913	.json	text	Tube_CAR_32_A00	hamilton_tube_carrier_32_a00_insert_eppendorf_1_5mL	medium	no	"""Tube_CAR_32_A00"": {"
plr-sema	plr-sema/data/derived_contracts.json	612306	.json	text	num_rails	num_tracks	medium	no	"""condition"": ""num_rails is not None"","
plr-sema	plr-sema/data/derived_contracts.json	612314	.json	text	num_rails	num_tracks	medium	no	"""name"": ""num_rails"","
plr-sema	plr-sema/data/derived_contracts.json	612321	.json	text	num_rails	num_tracks	medium	no	"""if num_rails is not None"","
plr-sema	plr-sema/data/derived_contracts.json	612338	.json	text	num_rails	num_tracks	medium	no	"""condition"": ""num_rails is None"","
plr-sema	plr-sema/data/derived_contracts.json	612346	.json	text	num_rails	num_tracks	medium	no	"""name"": ""num_rails"","
plr-sema	plr-sema/data/derived_contracts.json	612353	.json	text	num_rails	num_tracks	medium	no	"""if num_rails is None"""
plr-sema	plr-sema/data/derived_contracts.json	612364	.json	text	num_rails	num_tracks	medium	no	"""num_rails"""
plr-sema	plr-sema/data/derived_contracts.json	612821	.json	text	agilent_96_wellplate_150uL_Ub	agilent_96_wellplate_150uL_Vb	medium	no	"""agilent_96_wellplate_150uL_Ub"": {"
plr-sema	plr-sema/data/derived_contracts.json	613981	.json	text	celltreat_15000ul_centrifuge_tube_Vb	celltreat_tube_15mL_Vb	medium	no	"""celltreat_15000ul_centrifuge_tube_Vb"": {"
plr-sema	plr-sema/data/derived_contracts.json	617055	.json	text	fifty_ul_tip_no_filter	hamilton_tip_50uL	medium	no	"""fifty_ul_tip_no_filter"": {"
plr-sema	plr-sema/data/derived_contracts.json	617062	.json	text	fifty_ul_tip_with_filter	hamilton_tip_50uL_filter	medium	no	"""fifty_ul_tip_with_filter"": {"
plr-sema	plr-sema/data/derived_contracts.json	617194	.json	text	five_ml_tip	hamilton_tip_5000uL	medium	no	"""five_ml_tip"": {"
plr-sema	plr-sema/data/derived_contracts.json	617201	.json	text	five_ml_tip_with_filter	hamilton_tip_5000uL_filter	medium	no	"""five_ml_tip_with_filter"": {"
plr-sema	plr-sema/data/derived_contracts.json	617256	.json	text	four_ml_tip_with_filter	hamilton_tip_4000uL_filter	medium	no	"""four_ml_tip_with_filter"": {"
plr-sema	plr-sema/data/derived_contracts.json	618596	.json	text	hamilton_1_trough_200ml_Vb	hamilton_1_trough_200mL_Vb	medium	no	"""hamilton_1_trough_200ml_Vb"": {"
plr-sema	plr-sema/data/derived_contracts.json	618610	.json	text	hamilton_1_trough_60ml_Vb	hamilton_1_trough_60mL_Vb	medium	no	"""hamilton_1_trough_60ml_Vb"": {"
plr-sema	plr-sema/data/derived_contracts.json	619105	.json	text	hamilton_tiprack_standard	hamilton_96_tiprack_standard	medium	no	"""hamilton_tiprack_standard"": {"
plr-sema	plr-sema/data/derived_contracts.json	619187	.json	text	high_volume_tip_no_filter	hamilton_tip_1000uL	medium	no	"""high_volume_tip_no_filter"": {"
plr-sema	plr-sema/data/derived_contracts.json	619194	.json	text	high_volume_tip_with_filter	hamilton_tip_1000uL_filter	medium	no	"""high_volume_tip_with_filter"": {"
plr-sema	plr-sema/data/derived_contracts.json	630122	.json	text	low_volume_tip_no_filter	hamilton_tip_10uL	medium	no	"""low_volume_tip_no_filter"": {"
plr-sema	plr-sema/data/derived_contracts.json	630129	.json	text	low_volume_tip_with_filter	hamilton_tip_10uL_filter	medium	no	"""low_volume_tip_with_filter"": {"
plr-sema	plr-sema/data/derived_contracts.json	631777	.json	text	prep_core_gripper_mount	prep_core_gripper_holder	medium	no	"""prep_core_gripper_mount"": {"
plr-sema	plr-sema/data/derived_contracts.json	632294	.json	text	rails_for_x_coordinate	track_for_x_coordinate	medium	no	"""rails_for_x_coordinate"": {"
plr-sema	plr-sema/data/derived_contracts.json	632675	.json	text	slim_standard_volume_tip_with_filter	hamilton_tip_300uL_filter_slim	medium	no	"""slim_standard_volume_tip_with_filter"": {"
plr-sema	plr-sema/data/derived_contracts.json	632941	.json	text	standard_volume_tip_no_filter	hamilton_tip_300uL	medium	no	"""standard_volume_tip_no_filter"": {"
plr-sema	plr-sema/data/derived_contracts.json	632948	.json	text	standard_volume_tip_with_filter	hamilton_tip_300uL_filter	medium	no	"""standard_volume_tip_with_filter"": {"
plr-sema	plr-sema/data/derived_contracts.json	633512	.json	text	ultrawide_high_volume_tip_with_filter	hamilton_tip_1000uL_filter_ultrawide	medium	no	"""ultrawide_high_volume_tip_with_filter"": {"
plr-sema	plr-sema/data/derived_contracts.json	633519	.json	text	ultrawide_standard_volume_tip_with_filter	hamilton_tip_300uL_filter_ultrawide	medium	no	"""ultrawide_standard_volume_tip_with_filter"": {"
plr-sema	plr-sema/data/derived_contracts.json	634838	.json	text	wide_high_volume_tip_with_filter	hamilton_tip_1000uL_filter_wide	medium	no	"""wide_high_volume_tip_with_filter"": {"
plr-sema	plr-sema/data/derived_contracts.json	634904	.json	text	TipTracker	pylabrobot.legacy.tip_tracker.TipTracker (or tree: TipSpot.tip)	medium	no	"""tracker_class"": ""TipTracker"""
plr-sema	plr-sema/data/derived_contracts.json	634924	.json	text	TipTracker	pylabrobot.legacy.tip_tracker.TipTracker (or tree: TipSpot.tip)	medium	no	"""tracker_class"": ""TipTracker"""
plr-sema	plr-sema/data/derived_contracts.json	634926	.json	text	TipTracker	pylabrobot.legacy.tip_tracker.TipTracker (or tree: TipSpot.tip)	medium	no	"""TipTracker"": {"
plr-sema	plr-sema/data/derived_contracts.upstream_nonlegacy.json	998	.json	text	AGenBio_1_troughplate_100000uL_Fl	agenbio_1_troughplate_100mL_Fl	medium	no	"""AGenBio_1_troughplate_100000uL_Fl"": {"
plr-sema	plr-sema/data/derived_contracts.upstream_nonlegacy.json	1002	.json	text	AGenBio_1_troughplate_190000uL_Fl	agenbio_1_troughplate_190mL_Fl	medium	no	"""AGenBio_1_troughplate_190000uL_Fl"": {"
plr-sema	plr-sema/data/derived_contracts.upstream_nonlegacy.json	1006	.json	text	AGenBio_1_wellplate_Fl	AGenBio_1_troughplate_190000uL_Fl	medium	no	"""AGenBio_1_wellplate_Fl"": {"
plr-sema	plr-sema/data/derived_contracts.upstream_nonlegacy.json	1010	.json	text	AGenBio_4_troughplate_75000_Vb	AGenBio_4_troughplate_75000uL_Vb	medium	no	"""AGenBio_4_troughplate_75000_Vb"": {"
plr-sema	plr-sema/data/derived_contracts.upstream_nonlegacy.json	1014	.json	text	AGenBio_4_troughplate_75000uL_Vb	agenbio_4_troughplate_75mL_Vb	medium	no	"""AGenBio_4_troughplate_75000uL_Vb"": {"
plr-sema	plr-sema/data/derived_contracts.upstream_nonlegacy.json	1018	.json	text	AGenBio_96_wellplate_Ub_2200ul	agenbio_96_wellplate_Ub_2200uL	medium	no	"""AGenBio_96_wellplate_Ub_2200ul"": {"
plr-sema	plr-sema/data/derived_contracts.upstream_nonlegacy.json	1440	.json	text	Agilent_2_reservoir_144mL_Vb	agilent_2_reservoir_144mL_Vb	medium	no	"""Agilent_2_reservoir_144mL_Vb"": {"
plr-sema	plr-sema/data/derived_contracts.upstream_nonlegacy.json	1717	.json	text	Alpaqua_96_magnum_flx	alpaqua_96_plateadapter_magnum_flx	medium	no	"""Alpaqua_96_magnum_flx"": {"
plr-sema	plr-sema/data/derived_contracts.upstream_nonlegacy.json	4233	.json	text	Azenta4titudeFrameStar_96_wellplate_200ul_Vb	azenta_96_wellplate_200uL_Vb_4titudeframestar	medium	no	"""Azenta4titudeFrameStar_96_wellplate_200ul_Vb"": {"
plr-sema	plr-sema/data/derived_contracts.upstream_nonlegacy.json	4237	.json	text	BTX_96_wellplate_125ul_Fb_2mm	btx_96_wellplate_125uL_Fb_2mm	medium	no	"""BTX_96_wellplate_125ul_Fb_2mm"": {"
plr-sema	plr-sema/data/derived_contracts.upstream_nonlegacy.json	8970	.json	text	BioER_96_wellplate_Vb_2200uL	bioer_96_wellplate_2200uL_Vb	medium	no	"""BioER_96_wellplate_Vb_2200uL"": {"
plr-sema	plr-sema/data/derived_contracts.upstream_nonlegacy.json	8974	.json	text	BioRad_384_wellplate_50uL_Vb	biorad_384_wellplate_50uL_Vb	medium	no	"""BioRad_384_wellplate_50uL_Vb"": {"
plr-sema	plr-sema/data/derived_contracts.upstream_nonlegacy.json	32803	.json	text	CellTreat_12_troughplate_15000ul_Vb	celltreat_12_troughplate_15mL_Vb	medium	no	"""CellTreat_12_troughplate_15000ul_Vb"": {"
plr-sema	plr-sema/data/derived_contracts.upstream_nonlegacy.json	32807	.json	text	CellTreat_24_wellplate_3300ul_Fb	celltreat_24_wellplate_3300uL_Fb	medium	no	"""CellTreat_24_wellplate_3300ul_Fb"": {"
plr-sema	plr-sema/data/derived_contracts.upstream_nonlegacy.json	32811	.json	text	CellTreat_24_wellplate_3300ul_Fb_Lid	celltreat_24_wellplate_3300uL_Fb_lid	medium	no	"""CellTreat_24_wellplate_3300ul_Fb_Lid"": {"
plr-sema	plr-sema/data/derived_contracts.upstream_nonlegacy.json	32815	.json	text	CellTreat_6_wellplate_16300ul_Fb	celltreat_6_wellplate_16300uL_Fb	medium	no	"""CellTreat_6_wellplate_16300ul_Fb"": {"
plr-sema	plr-sema/data/derived_contracts.upstream_nonlegacy.json	32819	.json	text	CellTreat_6_wellplate_16300ul_Fb_Lid	celltreat_6_wellplate_16300uL_Fb_lid	medium	no	"""CellTreat_6_wellplate_16300ul_Fb_Lid"": {"
plr-sema	plr-sema/data/derived_contracts.upstream_nonlegacy.json	32823	.json	text	CellTreat_96_wellplate_350ul_Fb	celltreat_96_wellplate_350uL_Fb	medium	no	"""CellTreat_96_wellplate_350ul_Fb"": {"
plr-sema	plr-sema/data/derived_contracts.upstream_nonlegacy.json	32827	.json	text	CellTreat_96_wellplate_350ul_Ub	celltreat_96_wellplate_350uL_Ub	medium	no	"""CellTreat_96_wellplate_350ul_Ub"": {"
plr-sema	plr-sema/data/derived_contracts.upstream_nonlegacy.json	32831	.json	text	CellTreat_96_wellplate_350ul_Ub_Lid	celltreat_96_wellplate_350uL_Ub_lid	medium	no	"""CellTreat_96_wellplate_350ul_Ub_Lid"": {"
plr-sema	plr-sema/data/derived_contracts.upstream_nonlegacy.json	32835	.json	text	CellVis_24_wellplate_3600uL_Fb	cellvis_24_wellplate_3600uL_Fb	medium	no	"""CellVis_24_wellplate_3600uL_Fb"": {"
plr-sema	plr-sema/data/derived_contracts.upstream_nonlegacy.json	32839	.json	text	CellVis_24_wellplate_3600uL_Fb_Lid	cellvis_24_wellplate_3600uL_Fb_lid	medium	no	"""CellVis_24_wellplate_3600uL_Fb_Lid"": {"
plr-sema	plr-sema/data/derived_contracts.upstream_nonlegacy.json	32843	.json	text	CellVis_96_wellplate_350uL_Fb	cellvis_96_wellplate_350uL_Fb	medium	no	"""CellVis_96_wellplate_350uL_Fb"": {"
plr-sema	plr-sema/data/derived_contracts.upstream_nonlegacy.json	32847	.json	text	CellVis_96_wellplate_350uL_Fb_Lid	cellvis_96_wellplate_350uL_Fb_lid	medium	no	"""CellVis_96_wellplate_350uL_Fb_Lid"": {"
plr-sema	plr-sema/data/derived_contracts.upstream_nonlegacy.json	34008	.json	text	Cor_96_wellplate_2mL_Vb	cor_96_wellplate_2mL_Vb	medium	no	"""Cor_96_wellplate_2mL_Vb"": {"
plr-sema	plr-sema/data/derived_contracts.upstream_nonlegacy.json	34012	.json	text	Cor_96_wellplate_360ul_Fb	cor_96_wellplate_360uL_Fb	medium	no	"""Cor_96_wellplate_360ul_Fb"": {"
plr-sema	plr-sema/data/derived_contracts.upstream_nonlegacy.json	34016	.json	text	Cor_96_wellplate_360ul_Fb_Lid	cor_96_wellplate_360uL_Fb_lid	medium	no	"""Cor_96_wellplate_360ul_Fb_Lid"": {"
plr-sema	plr-sema/data/derived_contracts.upstream_nonlegacy.json	34020	.json	text	Cor_Axy_24_wellplate_10mL_Vb	cor_axy_24_wellplate_10mL_Vb	medium	no	"""Cor_Axy_24_wellplate_10mL_Vb"": {"
plr-sema	plr-sema/data/derived_contracts.upstream_nonlegacy.json	34024	.json	text	Cor_Axy_96_wellplate_500uL_Ub	cor_axy_96_wellplate_500uL_Ub	medium	no	"""Cor_Axy_96_wellplate_500uL_Ub"": {"
plr-sema	plr-sema/data/derived_contracts.upstream_nonlegacy.json	34028	.json	text	Cor_Cos_12_wellplate_6900ul_Fb	cor_cos_12_wellplate_6900uL_Fb	medium	no	"""Cor_Cos_12_wellplate_6900ul_Fb"": {"
plr-sema	plr-sema/data/derived_contracts.upstream_nonlegacy.json	34032	.json	text	Cor_Cos_24_wellplate_3470ul_Fb	cor_cos_24_wellplate_3470uL_Fb	medium	no	"""Cor_Cos_24_wellplate_3470ul_Fb"": {"
plr-sema	plr-sema/data/derived_contracts.upstream_nonlegacy.json	34036	.json	text	Cor_Cos_48_wellplate_1620ul_Fb	cor_cos_48_wellplate_1620uL_Fb	medium	no	"""Cor_Cos_48_wellplate_1620ul_Fb"": {"
plr-sema	plr-sema/data/derived_contracts.upstream_nonlegacy.json	34040	.json	text	Cor_Cos_6_wellplate_16800ul_Fb	cor_cos_6_wellplate_16800uL_Fb	medium	no	"""Cor_Cos_6_wellplate_16800ul_Fb"": {"
plr-sema	plr-sema/data/derived_contracts.upstream_nonlegacy.json	34044	.json	text	Cor_Cos_6_wellplate_16800ul_Fb_Lid	cor_cos_6_wellplate_16800uL_Fb_lid	medium	no	"""Cor_Cos_6_wellplate_16800ul_Fb_Lid"": {"
plr-sema	plr-sema/data/derived_contracts.upstream_nonlegacy.json	34048	.json	text	Cor_Falcon_96_wellplate_250ul_Rb	cor_falcon_96_wellplate_250uL_Rb	medium	no	"""Cor_Falcon_96_wellplate_250ul_Rb"": {"
plr-sema	plr-sema/data/derived_contracts.upstream_nonlegacy.json	34052	.json	text	Cor_Falcon_96_wellplate_275ul_Fb	cor_falcon_96_wellplate_275uL_Fb	medium	no	"""Cor_Falcon_96_wellplate_275ul_Fb"": {"
plr-sema	plr-sema/data/derived_contracts.upstream_nonlegacy.json	34056	.json	text	Cor_Falcon_96_wellplate_340ul_Fb_Black	cor_falcon_96_wellplate_340uL_Fb_black	medium	no	"""Cor_Falcon_96_wellplate_340ul_Fb_Black"": {"
plr-sema	plr-sema/data/derived_contracts.upstream_nonlegacy.json	34060	.json	text	Cor_Falcon_tube_14mL_Rb	cor_falcon_tube_14mL_Rb	medium	no	"""Cor_Falcon_tube_14mL_Rb"": {"
plr-sema	plr-sema/data/derived_contracts.upstream_nonlegacy.json	34064	.json	text	Cor_Falcon_tube_15mL_Vb	cor_falcon_tube_15mL_Vb	medium	no	"""Cor_Falcon_tube_15mL_Vb"": {"
plr-sema	plr-sema/data/derived_contracts.upstream_nonlegacy.json	34068	.json	text	Cor_Falcon_tube_50mL_Vb	cor_falcon_tube_50mL_Vb	medium	no	"""Cor_Falcon_tube_50mL_Vb"": {"
plr-sema	plr-sema/data/derived_contracts.upstream_nonlegacy.json	42518	.json	text	Eppendorf_DNA_LoBind_1_5ml_Vb	eppendorf_tube_1500uL_Vb	medium	no	"""Eppendorf_DNA_LoBind_1_5ml_Vb"": {"
plr-sema	plr-sema/data/derived_contracts.upstream_nonlegacy.json	42526	.json	text	Eppendorf_Protein_LoBind_1_5ml_Vb	eppendorf_tube_1500uL_Vb	medium	no	"""Eppendorf_Protein_LoBind_1_5ml_Vb"": {"
plr-sema	plr-sema/data/derived_contracts.upstream_nonlegacy.json	50041	.json	text	num_rails	num_tracks	medium	no	"condition"": ""rails is not None and (not -4 <= rails <= self.num_rails)"","
plr-sema	plr-sema/data/derived_contracts.upstream_nonlegacy.json	50049	.json	text	num_rails	num_tracks	medium	no	"""if rails is not None and (not -4 <= rails <= self.num_rails)"""
plr-sema	plr-sema/data/derived_contracts.upstream_nonlegacy.json	50092	.json	text	rails_to_location	track_to_location	medium	no	"resource_location.x + resource.get_absolute_size_x() > self.rails_to_location(self.num_rails + 1).x and rails is not None"","
plr-sema	plr-sema/data/derived_contracts.upstream_nonlegacy.json	50092	.json	text	num_rails	num_tracks	medium	no	"esource.get_absolute_size_x() > self.rails_to_location(self.num_rails + 1).x and rails is not None"","
plr-sema	plr-sema/data/derived_contracts.upstream_nonlegacy.json	50101	.json	text	rails_to_location	track_to_location	medium	no	"resource_location.x + resource.get_absolute_size_x() > self.rails_to_location(self.num_rails + 1).x and rails is not None"","
plr-sema	plr-sema/data/derived_contracts.upstream_nonlegacy.json	50101	.json	text	num_rails	num_tracks	medium	no	"esource.get_absolute_size_x() > self.rails_to_location(self.num_rails + 1).x and rails is not None"","
plr-sema	plr-sema/data/derived_contracts.upstream_nonlegacy.json	50152	.json	text	num_rails	num_tracks	medium	no	"condition"": ""rails is not None and (not -4 <= rails <= self.num_rails)"","
plr-sema	plr-sema/data/derived_contracts.upstream_nonlegacy.json	50160	.json	text	num_rails	num_tracks	medium	no	"""if rails is not None and (not -4 <= rails <= self.num_rails)"""
plr-sema	plr-sema/data/derived_contracts.upstream_nonlegacy.json	50203	.json	text	rails_to_location	track_to_location	medium	no	"resource_location.x + resource.get_absolute_size_x() > self.rails_to_location(self.num_rails + 1).x and rails is not None"","
plr-sema	plr-sema/data/derived_contracts.upstream_nonlegacy.json	50203	.json	text	num_rails	num_tracks	medium	no	"esource.get_absolute_size_x() > self.rails_to_location(self.num_rails + 1).x and rails is not None"","
plr-sema	plr-sema/data/derived_contracts.upstream_nonlegacy.json	50212	.json	text	rails_to_location	track_to_location	medium	no	"resource_location.x + resource.get_absolute_size_x() > self.rails_to_location(self.num_rails + 1).x and rails is not None"","
plr-sema	plr-sema/data/derived_contracts.upstream_nonlegacy.json	50212	.json	text	num_rails	num_tracks	medium	no	"esource.get_absolute_size_x() > self.rails_to_location(self.num_rails + 1).x and rails is not None"","
plr-sema	plr-sema/data/derived_contracts.upstream_nonlegacy.json	50255	.json	text	num_rails	num_tracks	medium	no	"condition"": ""rails is not None and (not -4 <= rails <= self.num_rails)"","
plr-sema	plr-sema/data/derived_contracts.upstream_nonlegacy.json	50263	.json	text	num_rails	num_tracks	medium	no	"""if rails is not None and (not -4 <= rails <= self.num_rails)"""
plr-sema	plr-sema/data/derived_contracts.upstream_nonlegacy.json	50306	.json	text	rails_to_location	track_to_location	medium	no	"resource_location.x + resource.get_absolute_size_x() > self.rails_to_location(self.num_rails + 1).x and rails is not None"","
plr-sema	plr-sema/data/derived_contracts.upstream_nonlegacy.json	50306	.json	text	num_rails	num_tracks	medium	no	"esource.get_absolute_size_x() > self.rails_to_location(self.num_rails + 1).x and rails is not None"","
plr-sema	plr-sema/data/derived_contracts.upstream_nonlegacy.json	50315	.json	text	rails_to_location	track_to_location	medium	no	"resource_location.x + resource.get_absolute_size_x() > self.rails_to_location(self.num_rails + 1).x and rails is not None"","
plr-sema	plr-sema/data/derived_contracts.upstream_nonlegacy.json	50315	.json	text	num_rails	num_tracks	medium	no	"esource.get_absolute_size_x() > self.rails_to_location(self.num_rails + 1).x and rails is not None"","
plr-sema	plr-sema/data/derived_contracts.upstream_nonlegacy.json	50362	.json	text	num_rails	num_tracks	medium	no	"condition"": ""rails is not None and (not -4 <= rails <= self.num_rails)"","
plr-sema	plr-sema/data/derived_contracts.upstream_nonlegacy.json	50370	.json	text	num_rails	num_tracks	medium	no	"""if rails is not None and (not -4 <= rails <= self.num_rails)"""
plr-sema	plr-sema/data/derived_contracts.upstream_nonlegacy.json	50413	.json	text	rails_to_location	track_to_location	medium	no	"resource_location.x + resource.get_absolute_size_x() > self.rails_to_location(self.num_rails + 1).x and rails is not None"","
plr-sema	plr-sema/data/derived_contracts.upstream_nonlegacy.json	50413	.json	text	num_rails	num_tracks	medium	no	"esource.get_absolute_size_x() > self.rails_to_location(self.num_rails + 1).x and rails is not None"","
plr-sema	plr-sema/data/derived_contracts.upstream_nonlegacy.json	50422	.json	text	rails_to_location	track_to_location	medium	no	"resource_location.x + resource.get_absolute_size_x() > self.rails_to_location(self.num_rails + 1).x and rails is not None"","
plr-sema	plr-sema/data/derived_contracts.upstream_nonlegacy.json	50422	.json	text	num_rails	num_tracks	medium	no	"esource.get_absolute_size_x() > self.rails_to_location(self.num_rails + 1).x and rails is not None"","
plr-sema	plr-sema/data/derived_contracts.upstream_nonlegacy.json	50452	.json	text	rails_to_location	track_to_location	medium	no	"""HamiltonDeck.rails_to_location"": {"
plr-sema	plr-sema/data/derived_contracts.upstream_nonlegacy.json	50565	.json	text	with_teaching_rack	with_teaching_needle_rack	medium	no	"""condition"": ""with_teaching_rack"","
plr-sema	plr-sema/data/derived_contracts.upstream_nonlegacy.json	50571	.json	text	with_teaching_rack	with_teaching_needle_rack	medium	no	"""if with_teaching_rack"","
plr-sema	plr-sema/data/derived_contracts.upstream_nonlegacy.json	50616	.json	text	rails_to_location	track_to_location	medium	no	"""HamiltonSTARDeck.rails_to_location"": {"
plr-sema	plr-sema/data/derived_contracts.upstream_nonlegacy.json	51897	.json	text	Hamilton_1_trough_200ml_Vb	hamilton_1_trough_200mL_Vb	medium	no	"""Hamilton_1_trough_200ml_Vb"": {"
plr-sema	plr-sema/data/derived_contracts.upstream_nonlegacy.json	51905	.json	text	Hamilton_MFX_plateholder_DWP_metal_tapped	hamilton_mfx_plateholder_DWP_metal_tapped	medium	no	"""Hamilton_MFX_plateholder_DWP_metal_tapped"": {"
plr-sema	plr-sema/data/derived_contracts.upstream_nonlegacy.json	72072	.json	text	MFX_CAR_L5_base	hamilton_mfx_carrier_L5_base	medium	no	"""MFX_CAR_L5_base"": {"
plr-sema	plr-sema/data/derived_contracts.upstream_nonlegacy.json	72106	.json	text	MFX_DWP_rackbased_module	hamilton_mfx_plateholder_DWP_flat	medium	no	"""MFX_DWP_rackbased_module"": {"
plr-sema	plr-sema/data/derived_contracts.upstream_nonlegacy.json	72110	.json	text	MFX_TIP_module	hamilton_mfx_tiprackholder_standard	medium	no	"""MFX_TIP_module"": {"
plr-sema	plr-sema/data/derived_contracts.upstream_nonlegacy.json	98483	.json	text	NestedTipRack	StandingTipRack	medium	no	"""NestedTipRack.__init__"": {"
plr-sema	plr-sema/data/derived_contracts.upstream_nonlegacy.json	98487	.json	text	NestedTipRack	StandingTipRack	medium	no	"""NestedTipRack.__repr__"": {"
plr-sema	plr-sema/data/derived_contracts.upstream_nonlegacy.json	98491	.json	text	NestedTipRack	StandingTipRack	medium	no	"""NestedTipRack.assign_child_resource"": {"
plr-sema	plr-sema/data/derived_contracts.upstream_nonlegacy.json	98503	.json	text	NestedTipRack	StandingTipRack	medium	no	"""else of: if isinstance(resource, NestedTipRack)"""
plr-sema	plr-sema/data/derived_contracts.upstream_nonlegacy.json	98508	.json	text	NestedTipRack	StandingTipRack	medium	no	"""qualname"": ""NestedTipRack.assign_child_resource"""
plr-sema	plr-sema/data/derived_contracts.upstream_nonlegacy.json	98800	.json	text	rails_to_location	track_to_location	medium	no	"""NimbusDeck.rails_to_location"": {"
plr-sema	plr-sema/data/derived_contracts.upstream_nonlegacy.json	98815	.json	text	rails_to_location	track_to_location	medium	no	"""qualname"": ""NimbusDeck.rails_to_location"""
plr-sema	plr-sema/data/derived_contracts.upstream_nonlegacy.json	99307	.json	text	PLT_CAR_L5AC_A00	hamilton_plate_carrier_L5_ac	medium	no	"""PLT_CAR_L5AC_A00"": {"
plr-sema	plr-sema/data/derived_contracts.upstream_nonlegacy.json	102817	.json	text	set_well_liquids	set_well_volumes	medium	no	"""Plate.set_well_liquids"": {"
plr-sema	plr-sema/data/derived_contracts.upstream_nonlegacy.json	120228	.json	text	TIP_CAR_480	hamilton_tip_carrier_L5	medium	no	"""TIP_CAR_480"": {"
plr-sema	plr-sema/data/derived_contracts.upstream_nonlegacy.json	120232	.json	text	TIP_CAR_480BC_A00	hamilton_tip_carrier_L5	medium	no	"""TIP_CAR_480BC_A00"": {"
plr-sema	plr-sema/data/derived_contracts.upstream_nonlegacy.json	120236	.json	text	TIP_CAR_480_A00	hamilton_tip_carrier_L5	medium	no	"""TIP_CAR_480_A00"": {"
plr-sema	plr-sema/data/derived_contracts.upstream_nonlegacy.json	120256	.json	text	TIP_CAR_NTR_A00	hamilton_tip_carrier_L5_ntr_a00	medium	no	"""TIP_CAR_NTR_A00"": {"
plr-sema	plr-sema/data/derived_contracts.upstream_nonlegacy.json	120269	.json	text	num_rails	num_tracks	medium	no	"""condition"": ""rails is not None and (not 1 <= rails <= self.num_rails)"","
plr-sema	plr-sema/data/derived_contracts.upstream_nonlegacy.json	120277	.json	text	num_rails	num_tracks	medium	no	"""if rails is not None and (not 1 <= rails <= self.num_rails)"""
plr-sema	plr-sema/data/derived_contracts.upstream_nonlegacy.json	120393	.json	text	num_rails	num_tracks	medium	no	"""condition"": ""rails is not None and (not 1 <= rails <= self.num_rails)"","
plr-sema	plr-sema/data/derived_contracts.upstream_nonlegacy.json	120401	.json	text	num_rails	num_tracks	medium	no	"""if rails is not None and (not 1 <= rails <= self.num_rails)"""
plr-sema	plr-sema/data/derived_contracts.upstream_nonlegacy.json	121954	.json	text	disable_tip_trackers	disable_tip_tracking	medium	no	"""TipRack.disable_tip_trackers"": {"
plr-sema	plr-sema/data/derived_contracts.upstream_nonlegacy.json	121972	.json	text	enable_tip_trackers	enable_tip_tracking	medium	no	"""TipRack.enable_tip_trackers"": {"
plr-sema	plr-sema/data/derived_contracts.upstream_nonlegacy.json	122091	.json	text	TipTracker	pylabrobot.legacy.tip_tracker.TipTracker (or tree: TipSpot.tip)	medium	no	"""TipTracker.__init__"": {"
plr-sema	plr-sema/data/derived_contracts.upstream_nonlegacy.json	122095	.json	text	TipTracker	pylabrobot.legacy.tip_tracker.TipTracker (or tree: TipSpot.tip)	medium	no	"""TipTracker.__repr__"": {"
plr-sema	plr-sema/data/derived_contracts.upstream_nonlegacy.json	122099	.json	text	TipTracker	pylabrobot.legacy.tip_tracker.TipTracker (or tree: TipSpot.tip)	medium	no	"""TipTracker.add_tip"": {"
plr-sema	plr-sema/data/derived_contracts.upstream_nonlegacy.json	122119	.json	text	TipTracker	pylabrobot.legacy.tip_tracker.TipTracker (or tree: TipSpot.tip)	medium	no	"""qualname"": ""TipTracker.add_tip"""
plr-sema	plr-sema/data/derived_contracts.upstream_nonlegacy.json	122136	.json	text	TipTracker	pylabrobot.legacy.tip_tracker.TipTracker (or tree: TipSpot.tip)	medium	no	"""qualname"": ""TipTracker.add_tip"""
plr-sema	plr-sema/data/derived_contracts.upstream_nonlegacy.json	122141	.json	text	TipTracker	pylabrobot.legacy.tip_tracker.TipTracker (or tree: TipSpot.tip)	medium	no	"""TipTracker.clear"": {"
plr-sema	plr-sema/data/derived_contracts.upstream_nonlegacy.json	122145	.json	text	TipTracker	pylabrobot.legacy.tip_tracker.TipTracker (or tree: TipSpot.tip)	medium	no	"""TipTracker.commit"": {"
plr-sema	plr-sema/data/derived_contracts.upstream_nonlegacy.json	122154	.json	text	TipTracker	pylabrobot.legacy.tip_tracker.TipTracker (or tree: TipSpot.tip)	medium	no	"""TipTracker.disable"": {"
plr-sema	plr-sema/data/derived_contracts.upstream_nonlegacy.json	122158	.json	text	TipTracker	pylabrobot.legacy.tip_tracker.TipTracker (or tree: TipSpot.tip)	medium	no	"""TipTracker.enable"": {"
plr-sema	plr-sema/data/derived_contracts.upstream_nonlegacy.json	122162	.json	text	TipTracker	pylabrobot.legacy.tip_tracker.TipTracker (or tree: TipSpot.tip)	medium	no	"""TipTracker.get_tip"": {"
plr-sema	plr-sema/data/derived_contracts.upstream_nonlegacy.json	122179	.json	text	TipTracker	pylabrobot.legacy.tip_tracker.TipTracker (or tree: TipSpot.tip)	medium	no	"""qualname"": ""TipTracker.get_tip"""
plr-sema	plr-sema/data/derived_contracts.upstream_nonlegacy.json	122184	.json	text	TipTracker	pylabrobot.legacy.tip_tracker.TipTracker (or tree: TipSpot.tip)	medium	no	"""TipTracker.get_tip_origin"": {"
plr-sema	plr-sema/data/derived_contracts.upstream_nonlegacy.json	122188	.json	text	TipTracker	pylabrobot.legacy.tip_tracker.TipTracker (or tree: TipSpot.tip)	medium	no	"""TipTracker.has_tip"": {"
plr-sema	plr-sema/data/derived_contracts.upstream_nonlegacy.json	122192	.json	text	TipTracker	pylabrobot.legacy.tip_tracker.TipTracker (or tree: TipSpot.tip)	medium	no	"""TipTracker.is_disabled"": {"
plr-sema	plr-sema/data/derived_contracts.upstream_nonlegacy.json	122196	.json	text	TipTracker	pylabrobot.legacy.tip_tracker.TipTracker (or tree: TipSpot.tip)	medium	no	"""TipTracker.load_state"": {"
plr-sema	plr-sema/data/derived_contracts.upstream_nonlegacy.json	122200	.json	text	TipTracker	pylabrobot.legacy.tip_tracker.TipTracker (or tree: TipSpot.tip)	medium	no	"""TipTracker.register_callback"": {"
plr-sema	plr-sema/data/derived_contracts.upstream_nonlegacy.json	122204	.json	text	TipTracker	pylabrobot.legacy.tip_tracker.TipTracker (or tree: TipSpot.tip)	medium	no	"""TipTracker.remove_tip"": {"
plr-sema	plr-sema/data/derived_contracts.upstream_nonlegacy.json	122224	.json	text	TipTracker	pylabrobot.legacy.tip_tracker.TipTracker (or tree: TipSpot.tip)	medium	no	"""qualname"": ""TipTracker.remove_tip"""
plr-sema	plr-sema/data/derived_contracts.upstream_nonlegacy.json	122241	.json	text	TipTracker	pylabrobot.legacy.tip_tracker.TipTracker (or tree: TipSpot.tip)	medium	no	"""qualname"": ""TipTracker.remove_tip"""
plr-sema	plr-sema/data/derived_contracts.upstream_nonlegacy.json	122246	.json	text	TipTracker	pylabrobot.legacy.tip_tracker.TipTracker (or tree: TipSpot.tip)	medium	no	"""TipTracker.rollback"": {"
plr-sema	plr-sema/data/derived_contracts.upstream_nonlegacy.json	122261	.json	text	TipTracker	pylabrobot.legacy.tip_tracker.TipTracker (or tree: TipSpot.tip)	medium	no	"""qualname"": ""TipTracker.rollback"""
plr-sema	plr-sema/data/derived_contracts.upstream_nonlegacy.json	122266	.json	text	TipTracker	pylabrobot.legacy.tip_tracker.TipTracker (or tree: TipSpot.tip)	medium	no	"""TipTracker.serialize"": {"
plr-sema	plr-sema/data/derived_contracts.upstream_nonlegacy.json	122359	.json	text	Tube_CAR_32_A00	hamilton_tube_carrier_32_a00_insert_eppendorf_1_5mL	medium	no	"""Tube_CAR_32_A00"": {"
plr-sema	plr-sema/data/derived_contracts.upstream_nonlegacy.json	124172	.json	text	rails_to_location	track_to_location	medium	no	"""VantageDeck.rails_to_location"": {"
plr-sema	plr-sema/data/derived_contracts.upstream_nonlegacy.json	130215	.json	text	agilent_96_wellplate_150uL_Ub	agilent_96_wellplate_150uL_Vb	medium	no	"""agilent_96_wellplate_150uL_Ub"": {"
plr-sema	plr-sema/data/derived_contracts.upstream_nonlegacy.json	131617	.json	text	celltreat_15000ul_centrifuge_tube_Vb	celltreat_tube_15mL_Vb	medium	no	"""celltreat_15000ul_centrifuge_tube_Vb"": {"
plr-sema	plr-sema/data/derived_contracts.upstream_nonlegacy.json	132609	.json	text	fifty_ul_tip_no_filter	hamilton_tip_50uL	medium	no	"""fifty_ul_tip_no_filter"": {"
plr-sema	plr-sema/data/derived_contracts.upstream_nonlegacy.json	132613	.json	text	fifty_ul_tip_with_filter	hamilton_tip_50uL_filter	medium	no	"""fifty_ul_tip_with_filter"": {"
plr-sema	plr-sema/data/derived_contracts.upstream_nonlegacy.json	132677	.json	text	five_ml_tip	hamilton_tip_5000uL	medium	no	"""five_ml_tip"": {"
plr-sema	plr-sema/data/derived_contracts.upstream_nonlegacy.json	132681	.json	text	five_ml_tip_with_filter	hamilton_tip_5000uL_filter	medium	no	"""five_ml_tip_with_filter"": {"
plr-sema	plr-sema/data/derived_contracts.upstream_nonlegacy.json	132689	.json	text	four_ml_tip_with_filter	hamilton_tip_4000uL_filter	medium	no	"""four_ml_tip_with_filter"": {"
plr-sema	plr-sema/data/derived_contracts.upstream_nonlegacy.json	132868	.json	text	hamilton_1_trough_200ml_Vb	hamilton_1_trough_200mL_Vb	medium	no	"""hamilton_1_trough_200ml_Vb"": {"
plr-sema	plr-sema/data/derived_contracts.upstream_nonlegacy.json	132876	.json	text	hamilton_1_trough_60ml_Vb	hamilton_1_trough_60mL_Vb	medium	no	"""hamilton_1_trough_60ml_Vb"": {"
plr-sema	plr-sema/data/derived_contracts.upstream_nonlegacy.json	133122	.json	text	high_volume_tip_no_filter	hamilton_tip_1000uL	medium	no	"""high_volume_tip_no_filter"": {"
plr-sema	plr-sema/data/derived_contracts.upstream_nonlegacy.json	133126	.json	text	high_volume_tip_with_filter	hamilton_tip_1000uL_filter	medium	no	"""high_volume_tip_with_filter"": {"
plr-sema	plr-sema/data/derived_contracts.upstream_nonlegacy.json	133966	.json	text	low_volume_tip_no_filter	hamilton_tip_10uL	medium	no	"""low_volume_tip_no_filter"": {"
plr-sema	plr-sema/data/derived_contracts.upstream_nonlegacy.json	133970	.json	text	low_volume_tip_with_filter	hamilton_tip_10uL_filter	medium	no	"""low_volume_tip_with_filter"": {"
plr-sema	plr-sema/data/derived_contracts.upstream_nonlegacy.json	134604	.json	text	rails_for_x_coordinate	track_for_x_coordinate	medium	no	"""rails_for_x_coordinate"": {"
plr-sema	plr-sema/data/derived_contracts.upstream_nonlegacy.json	134930	.json	text	slim_standard_volume_tip_with_filter	hamilton_tip_300uL_filter_slim	medium	no	"""slim_standard_volume_tip_with_filter"": {"
plr-sema	plr-sema/data/derived_contracts.upstream_nonlegacy.json	135084	.json	text	standard_volume_tip_no_filter	hamilton_tip_300uL	medium	no	"""standard_volume_tip_no_filter"": {"
plr-sema	plr-sema/data/derived_contracts.upstream_nonlegacy.json	135088	.json	text	standard_volume_tip_with_filter	hamilton_tip_300uL_filter	medium	no	"""standard_volume_tip_with_filter"": {"
plr-sema	plr-sema/data/derived_contracts.upstream_nonlegacy.json	135354	.json	text	ultrawide_high_volume_tip_with_filter	hamilton_tip_1000uL_filter_ultrawide	medium	no	"""ultrawide_high_volume_tip_with_filter"": {"
plr-sema	plr-sema/data/derived_contracts.upstream_nonlegacy.json	135358	.json	text	ultrawide_standard_volume_tip_with_filter	hamilton_tip_300uL_filter_ultrawide	medium	no	"""ultrawide_standard_volume_tip_with_filter"": {"
plr-sema	plr-sema/data/derived_contracts.upstream_nonlegacy.json	135835	.json	text	wide_high_volume_tip_with_filter	hamilton_tip_1000uL_filter_wide	medium	no	"""wide_high_volume_tip_with_filter"": {"
plr-sema	plr-sema/data/gap_ledger.json	194	.json	text	TipTracker	pylabrobot.legacy.tip_tracker.TipTracker (or tree: TipSpot.tip)	medium	no	"""TipTracker"": {"
plr-sema	plr-sema/eval/plr10_characterize.bth.toml	6	.toml	text	TipTracker	pylabrobot.legacy.tip_tracker.TipTracker (or tree: TipSpot.tip)	medium	no	h are known to be unreachable on PLR 1.0.0b1: the rewritten TipTracker
plr-sema	plr-sema/eval/region_oracle.py	491	py	import_module	pylabrobot.resources.tip_tracker	pylabrobot.resources.tip_tracking / pylabrobot.legacy.tip_tracker	high	no	from pylabrobot.resources.tip_tracker import does_tip_tracking
plr-sema	plr-sema/scripts/check_spec_citations.py	138	py	string	TipTracker	pylabrobot.legacy.tip_tracker.TipTracker (or tree: TipSpot.tip)	medium	no	"""""""Names of every class/def whose body span encloses [start, end] in a"
plr-sema	plr-sema/src/plr_sema/check/tipstate.py	470	py	string	TipTracker	pylabrobot.legacy.tip_tracker.TipTracker (or tree: TipSpot.tip)	medium	no	"""""""§10.3.1 criterion 3, channel-guard half: channel scope is already"
plr-sema	plr-sema/src/plr_sema/derive/receiver_state.py	1	py	string	TipTracker	pylabrobot.legacy.tip_tracker.TipTracker (or tree: TipSpot.tip)	medium	no	"""""""plr_sema.derive.receiver_state: the four build-time passes for per-channel"
plr-sema	plr-sema/src/plr_sema/derive/receiver_state.py	890	py	string	TipTracker	pylabrobot.legacy.tip_tracker.TipTracker (or tree: TipSpot.tip)	medium	no	"""""""One write's classification: `""NO_TIP""` (literal `None`),"
plr-sema	plr-sema/src/plr_sema/derive/receiver_state.py	1016	py	string	TipTracker	pylabrobot.legacy.tip_tracker.TipTracker (or tree: TipSpot.tip)	medium	no	"""""""`constructor_state(C)` (§12.1.2): P4's OWN three-way classification"
plr-sema	plr-sema/src/plr_sema/derive/receiver_state.py	1167	py	string	TipTracker	pylabrobot.legacy.tip_tracker.TipTracker (or tree: TipSpot.tip)	medium	no	"""""""Runs P1-P4 over the whole PLR source tree and returns one"
plr-sema	plr-sema/src/plr_sema/derive/receiver_state.py	1453	py	string	TipTracker	pylabrobot.legacy.tip_tracker.TipTracker (or tree: TipSpot.tip)	medium	no	"""""""260903 (spec §13.5.2, P9): the FIRST (declaration-order) name in"
plr-sema	plr-sema/tests/test_check_graph.py	645	py	string	TipTracker	pylabrobot.legacy.tip_tracker.TipTracker (or tree: TipSpot.tip)	medium	no	"""""""`True` iff no finding sited in `volume_tracker.py` is `WILL_FAIL` --"
plr-sema	plr-sema/tests/test_derive.py	1078	py	string	TipTracker	pylabrobot.legacy.tip_tracker.TipTracker (or tree: TipSpot.tip)	medium	no	"""""""AC-12.1(iv): conjuncts 1-2 alone select `{""setup"", ""load_state""}` at"
plr-sema	plr-sema/tests/test_derive.py	1092	py	string	TipTracker	pylabrobot.legacy.tip_tracker.TipTracker (or tree: TipSpot.tip)	medium	no	"conj12, conj123 = reset_rule_candidates(liquid_handler, ""head"", ""TipTracker"", class_nodes)"
plr-sema	plr-sema/tests/test_derive.py	1521	py	string	TipTracker	pylabrobot.legacy.tip_tracker.TipTracker (or tree: TipSpot.tip)	medium	no	"""""""AC-14.1(iii): B2/P1c disturb no existing selection. `derive_receiver_"
plr-sema	plr-sema/tests/test_derive.py	1553	py	string	TipTracker	pylabrobot.legacy.tip_tracker.TipTracker (or tree: TipSpot.tip)	medium	no	"assert with_volume[""receiver_state""][""LiquidHandler""][""tracker_class""] == ""TipTracker"""
plr-sema	plr-sema/tests/test_tip_typestate.py	1	py	string	TipTracker	pylabrobot.legacy.tip_tracker.TipTracker (or tree: TipSpot.tip)	medium	no	"""""""Spec 260902 §10 (`260902_plr-sema-tip-typestate-increment.md`), backlog"
plr-sema	plr-sema/tests/test_tip_typestate.py	53	py	string	TipTracker	pylabrobot.legacy.tip_tracker.TipTracker (or tree: TipSpot.tip)	medium	no	"file=""external/pylabrobot/pylabrobot/legacy/tip_tracker.py"", lineno=118, qualname=""TipTracker.get_tip"""
plr-sema	plr-sema/tests/test_tip_typestate.py	379	py	string	TipTracker	pylabrobot.legacy.tip_tracker.TipTracker (or tree: TipSpot.tip)	medium	no	"assert lh[""tracker_class""] == ""TipTracker"""
plr-sema	plr-sema/tests/test_tip_typestate.py	413	py	string	TipTracker	pylabrobot.legacy.tip_tracker.TipTracker (or tree: TipSpot.tip)	medium	no	"""TipTracker"","
plr-sema	plr-sema/tests/test_tip_typestate.py	553	py	string	TipTracker	pylabrobot.legacy.tip_tracker.TipTracker (or tree: TipSpot.tip)	medium	no	"""""""(a): `setup()` then `aspirate(use_channels=[0])` -- exactly one"
plr-sema	plr-sema/tests/test_tip_typestate.py	648	py	string	TipTracker	pylabrobot.legacy.tip_tracker.TipTracker (or tree: TipSpot.tip)	medium	no	"""""""The union of every guard/channel_guard `condition` across the WHOLE"
plr-sema	plr-sema/tests/test_tip_typestate.py	679	py	string	TipTracker	pylabrobot.legacy.tip_tracker.TipTracker (or tree: TipSpot.tip)	medium	no	"""exactly one WILL_FAIL sited at pick_up_tips:535 -- AC-12.10's literal pin """
plr-sema	plr-sema/tests/test_tip_typestate.py	840	py	string	TipTracker	pylabrobot.legacy.tip_tracker.TipTracker (or tree: TipSpot.tip)	medium	no	"""""""(ii): `setup()`, `pick_up_tips(use_channels=[0])`, `transfer(...)`,"
plr-sema	plr-sema/tests/test_tip_typestate.py	858	py	string	TipTracker	pylabrobot.legacy.tip_tracker.TipTracker (or tree: TipSpot.tip)	medium	no	"""transfer must carry exactly one SAFE finding for the bridged NoTipError guard, """
plr-sema	plr-sema/tests/test_tip_typestate.py	876	py	string	TipTracker	pylabrobot.legacy.tip_tracker.TipTracker (or tree: TipSpot.tip)	medium	no	"""the aspirate immediately after transfer must yield channel_state_unknown at """
plr-sema	plr-sema/tests/test_unknown_ledger.py	51	py	string	TipTracker	pylabrobot.legacy.tip_tracker.TipTracker (or tree: TipSpot.tip)	medium	no	"plr_site=_site(535, ""TipTracker.remove_tip""), reason="""", detail="""")"
plr-sema	plr-sema/tests/test_unknown_ledger.py	121	py	string	TipTracker	pylabrobot.legacy.tip_tracker.TipTracker (or tree: TipSpot.tip)	medium	no	"plr_site=_site(535, ""TipTracker.remove_tip""), reason="""", detail="""")"
plr-sema	plr-sema/tests/test_volumestate_v5.py	1	py	string	TipTracker	pylabrobot.legacy.tip_tracker.TipTracker (or tree: TipSpot.tip)	medium	no	"""""""Unit-level pins for the §14.5 V5 tip-cell lifecycle and its 260929 amendment."
praxis-backend	praxis/backend/commons/plate_staging.py	160	py	attribute	has_tip	tip	low	no	if not all(tip.has_tip for tip in liquid_handler.head96.values()):
praxis-backend	praxis/backend/commons/plate_staging.py	177	py	attribute	has_tip	tip	low	no	if not all(tip.has_tip for tip in liquid_handler.head96.values()):
praxis-backend	praxis/backend/core/deck_config.py	29	py	string	Cor_96_wellplate_360ul_Fb	cor_96_wellplate_360uL_Fb	medium	no	"""""""A resource placement specification within a deck layout."
praxis-backend	praxis/backend/core/decorators/parameter_processor.py	67	py	attribute	empty	unassign_tip	low	no	) or (param_obj.default is not inspect.Parameter.empty)
praxis-backend	praxis/backend/core/decorators/parameter_processor.py	95	py	attribute	empty	unassign_tip	low	no	if param_obj.default is not inspect.Parameter.empty
praxis-backend	praxis/backend/core/decorators/parameter_processor.py	110	py	attribute	empty	unassign_tip	low	no	if param_obj.default is not inspect.Parameter.empty
praxis-backend	praxis/backend/core/simulation/chatterbox_runner.py	33	py	import	PLT_CAR_L5AC_A00	hamilton_plate_carrier_L5_ac	high	no	from pylabrobot.resources import (
praxis-backend	praxis/backend/core/simulation/chatterbox_runner.py	33	py	import	TIP_CAR_480_A00	hamilton_tip_carrier_L5	high	no	from pylabrobot.resources import (
praxis-backend	praxis/backend/core/simulation/chatterbox_runner.py	33	py	import	Cor_96_wellplate_360ul_Fb	cor_96_wellplate_360uL_Fb	high	no	from pylabrobot.resources import (
praxis-backend	praxis/backend/core/simulation/chatterbox_runner.py	42	py	import	hamilton_1_trough_200ml_Vb	hamilton_1_trough_200mL_Vb	high	no	from pylabrobot.resources.hamilton.troughs import hamilton_1_trough_200ml_Vb
praxis-backend	praxis/backend/core/simulation/chatterbox_runner.py	260	py	name	Cor_96_wellplate_360ul_Fb	cor_96_wellplate_360uL_Fb	high	no	"""Plate"": lambda name: Cor_96_wellplate_360ul_Fb(name=name),"
praxis-backend	praxis/backend/core/simulation/chatterbox_runner.py	262	py	name	hamilton_1_trough_200ml_Vb	hamilton_1_trough_200mL_Vb	high	no	"""Trough"": lambda name: hamilton_1_trough_200ml_Vb(name=name),"
praxis-backend	praxis/backend/core/simulation/chatterbox_runner.py	344	py	name	Cor_96_wellplate_360ul_Fb	cor_96_wellplate_360uL_Fb	high	no	"plate = Cor_96_wellplate_360ul_Fb(name=""plate"")"
praxis-backend	praxis/backend/core/simulation/chatterbox_runner.py	359	py	string	PLT_CAR_L5AC_A00	hamilton_plate_carrier_L5_ac	medium	no	"""""""Hamilton-style: resources in carriers on deck rails."
praxis-backend	praxis/backend/core/simulation/chatterbox_runner.py	359	py	string_kwarg	rails	track	medium	no	Hamilton-style: resources in carriers on deck rails.
praxis-backend	praxis/backend/core/simulation/chatterbox_runner.py	381	py	name	TIP_CAR_480_A00	hamilton_tip_carrier_L5	high	no	"tip_car = TIP_CAR_480_A00(name=""tip_carrier"")"
praxis-backend	praxis/backend/core/simulation/chatterbox_runner.py	384	py	kwarg	rails	track	high	no	deck.assign_child_resource(tip_car, rails=1)
praxis-backend	praxis/backend/core/simulation/chatterbox_runner.py	388	py	name	PLT_CAR_L5AC_A00	hamilton_plate_carrier_L5_ac	high	no	"plt_car = PLT_CAR_L5AC_A00(name=""plate_carrier"")"
praxis-backend	praxis/backend/core/simulation/chatterbox_runner.py	389	py	kwarg	rails	track	high	no	deck.assign_child_resource(plt_car, rails=9)
praxis-backend	praxis/backend/core/simulation/chatterbox_runner.py	404	py	kwarg	rails	track	high	no	deck.assign_child_resource(resource, rails=21)
praxis-backend	praxis/backend/core/simulation/chatterbox_runner.py	413	py	kwarg	rails	track	high	no	deck.assign_child_resource(resource, rails=25)
praxis-backend	praxis/backend/core/simulation/chatterbox_runner.py	663	py	name	Cor_96_wellplate_360ul_Fb	cor_96_wellplate_360uL_Fb	high	no	"if isinstance(val, type(Cor_96_wellplate_360ul_Fb(name=""_check""))):"
praxis-backend	praxis/backend/core/state_transform.py	1	py	string	TipTracker	pylabrobot.legacy.tip_tracker.TipTracker (or tree: TipSpot.tip)	medium	no	"""""""State transformation utilities for converting PyLabRobot state to frontend format."
praxis-backend	praxis/backend/services/introspection.py	59	py	attribute	empty	unassign_tip	low	no	if param.annotation is not inspect.Parameter.empty:
praxis-backend	praxis/backend/services/introspection.py	66	py	attribute	empty	unassign_tip	low	no	if param.default is not inspect.Parameter.empty:
praxis-backend	praxis/backend/services/resource_type_definition.py	84	py	string	Cor_96_wellplate_360ul_Fb	cor_96_wellplate_360uL_Fb	medium	no	"""""""Service for discovering and syncing resource type definitions."
praxis-backend	praxis/backend/services/resource_type_definition.py	106	py	string	Cor_96_wellplate_360ul_Fb	cor_96_wellplate_360uL_Fb	medium	no	"""""""Discover all pylabrobot resource type definitions and synchronize them with the database."
praxis-backend	praxis/backend/services/resource_type_validation.py	9	py	import	NestedTipRack	StandingTipRack	high	no	from pylabrobot.resources import (
praxis-backend	praxis/backend/services/resource_type_validation.py	51	py	name	NestedTipRack	StandingTipRack	high	no	NestedTipRack,  # Nested tip rack base
praxis-backend	praxis/backend/services/resource_type_validation.py	200	py	attribute	empty	unassign_tip	low	no	if hints != inspect.Signature.empty and inspect.isclass(hints):
praxis-backend	praxis/backend/services/resource_type_validation.py	253	py	string	Cor_96_wellplate_360ul_Fb	cor_96_wellplate_360uL_Fb	medium	no	"""""""Parse volume from model name like 'Cor_96_wellplate_360ul_Fb' or '2mL'."""""""
praxis-backend	praxis/backend/services/resource_type_validation.py	271	py	string	Cor_96_wellplate_360ul_Fb	cor_96_wellplate_360uL_Fb	medium	no	"""""""Parse plate type from model name like 'Cor_96_wellplate_360ul_Fb'."""""""
praxis-backend	praxis/backend/utils/plr_inspection/docs.py	80	py	attribute	empty	unassign_tip	low	no	"""default"": (param.default if param.default is not inspect.Parameter.empty else None),"
praxis-backend	praxis/backend/utils/plr_inspection/runtime.py	109	py	attribute	empty	unassign_tip	low	no	if required_only and param.default is not inspect.Parameter.empty:
praxis-backend	praxis/backend/utils/plr_static_analysis/parser.py	209	py	string	Cor_96_wellplate_360ul_Fb	cor_96_wellplate_360uL_Fb	medium	no	"""""""Discover factory functions that return PLR resource types."
praxis-backend	praxis/backend/utils/plr_static_analysis/visitors/class_discovery.py	315	py	string	NestedTipRack	StandingTipRack	medium	no	"""NestedTipRack"","
praxis-backend	praxis/backend/utils/plr_static_analysis/visitors/class_discovery.py	330	py	string	NestedTipRack	StandingTipRack	medium	no	"""NestedTipRack"","
praxis-backend	praxis/backend/utils/plr_static_analysis/visitors/resource_factory.py	1	py	string	Cor_96_wellplate_360ul_Fb	cor_96_wellplate_360uL_Fb	medium	no	"""""""Resource factory function visitor for PLR static analysis."
praxis-backend	praxis/backend/utils/sanitation.py	279	py	attribute	has_tip	tip	low	no	if not tips[well_number][0].has_tip():
praxis-backend	praxis/backend/utils/type_inspection.py	37	py	attribute	empty	unassign_tip	low	no	if type_hint == inspect.Parameter.empty:
praxis-backend	praxis/common/type_inspection.py	23	py	string	NestedTipRack	StandingTipRack	medium	no	"""NestedTipRack"","
praxis-backend	praxis/common/type_inspection.py	415	py	attribute	empty	unassign_tip	low	no	if type_hint == inspect.Parameter.empty:
praxis-webclient	praxis/web-client/e2e/specs/asset-inventory.spec.ts	63	.ts	text	Cor_96_wellplate_360ul_Fb	cor_96_wellplate_360uL_Fb	medium	no	await assetsPage.search('Cor_96_wellplate_360ul_Fb');
praxis-webclient	praxis/web-client/e2e/specs/asset-inventory.spec.ts	64	.ts	text	Cor_96_wellplate_360ul_Fb	cor_96_wellplate_360uL_Fb	medium	no	await expect(assetsPage.page.getByRole('cell', { name: 'Cor_96_wellplate_360ul_Fb' }).first()).toBeVisible();
praxis-webclient	praxis/web-client/e2e/specs/asset-inventory.spec.ts	72	.ts	text	Cor_96_wellplate_360ul_Fb	cor_96_wellplate_360uL_Fb	medium	no	await expect(assetsPage.page.getByRole('cell', { name: 'Cor_96_wellplate_360ul_Fb' })).not.toBeVisible();
praxis-webclient	praxis/web-client/src/app/core/mocks/mock-deck-data.ts	33	.ts	text	num_rails	num_tracks	medium	no	num_rails: 30
praxis-webclient	praxis/web-client/src/app/core/models/plr.models.ts	23	.ts	text	num_rails	num_tracks	medium	no	num_rails?: number;
praxis-webclient	praxis/web-client/src/app/core/utils/plr-validator.spec.ts	7	.ts	text	PLT_CAR_L5AC_A00	hamilton_plate_carrier_L5_ac	medium	no	{ fqn: 'pylabrobot.resources.hamilton.carriers.PLT_CAR_L5AC_A00' },
praxis-webclient	praxis/web-client/src/app/core/utils/plr-validator.spec.ts	8	.ts	text	Cor_96_wellplate_360ul_Fb	cor_96_wellplate_360uL_Fb	medium	no	{ fqn: 'pylabrobot.resources.corning_costar.plates.Cor_96_wellplate_360ul_Fb' },
praxis-webclient	praxis/web-client/src/app/core/utils/plr-validator.spec.ts	17	.ts	text	PLT_CAR_L5AC_A00	hamilton_plate_carrier_L5_ac	medium	no	expect(classNames.has('PLT_CAR_L5AC_A00')).toBe(true);
praxis-webclient	praxis/web-client/src/app/core/utils/plr-validator.spec.ts	18	.ts	text	Cor_96_wellplate_360ul_Fb	cor_96_wellplate_360uL_Fb	medium	no	expect(classNames.has('Cor_96_wellplate_360ul_Fb')).toBe(true);
praxis-webclient	praxis/web-client/src/app/core/utils/plr-validator.spec.ts	23	.ts	text	PLT_CAR_L5AC_A00	hamilton_plate_carrier_L5_ac	medium	no	expect(classNames.has('PLT_CAR_L5AC_A00')).toBe(true);
praxis-webclient	praxis/web-client/src/app/core/utils/plr-validator.spec.ts	36	.ts	text	PLT_CAR_L5AC_A00	hamilton_plate_carrier_L5_ac	medium	no	alidatePLRClassName('pylabrobot.resources.hamilton.carriers.PLT_CAR_L5AC_A00', validClasses);
praxis-webclient	praxis/web-client/src/app/core/utils/state-transform.ts	16	.ts	text	TipTracker	pylabrobot.legacy.tip_tracker.TipTracker (or tree: TipSpot.tip)	medium	no	// TipTracker format (LiquidHandler channels)
praxis-webclient	praxis/web-client/src/app/features/run-protocol/models/deck-layout.models.ts	60	.ts	text	PLT_CAR_L5AC_A00	hamilton_plate_carrier_L5_ac	medium	no	"d name (e.g., ""pylabrobot.resources.hamilton.plate_carriers.PLT_CAR_L5AC_A00"") */"
praxis-webclient	praxis/web-client/src/app/features/run-protocol/services/carrier-inference.service.ts	13	.ts	text	NestedTipRack	StandingTipRack	medium	no	'tip': ['TipRack', 'NestedTipRack', 'Tips'],
praxis-webclient	praxis/web-client/src/app/features/run-protocol/services/carrier-inference.service.ts	29	.ts	text	NestedTipRack	StandingTipRack	medium	no	'NestedTipRack': ['tip'],
praxis-webclient	praxis/web-client/src/app/features/run-protocol/services/deck-catalog.service.spec.ts	266	.ts	text	num_rails	num_tracks	medium	no	expect(res.num_rails).toBe(30);
praxis-webclient	praxis/web-client/src/app/features/run-protocol/services/deck-catalog.service.ts	321	.ts	text	PLT_CAR_L5AC_A00	hamilton_plate_carrier_L5_ac	medium	no	'pylabrobot.resources.hamilton.plate_carriers.PLT_CAR_L5AC_A00',
praxis-webclient	praxis/web-client/src/app/features/run-protocol/services/deck-catalog.service.ts	322	.ts	text	TIP_CAR_480_A00	hamilton_tip_carrier_L5	medium	no	'pylabrobot.resources.hamilton.tip_carriers.TIP_CAR_480_A00',
praxis-webclient	praxis/web-client/src/app/features/run-protocol/services/deck-catalog.service.ts	323	.ts	text	MFX_CAR_L5_base	hamilton_mfx_carrier_L5_base	medium	no	'pylabrobot.resources.hamilton.mfx_carriers.MFX_CAR_L5_base'
praxis-webclient	praxis/web-client/src/app/features/run-protocol/services/deck-catalog.service.ts	361	.ts	text	PLT_CAR_L5AC_A00	hamilton_plate_carrier_L5_ac	medium	no	'pylabrobot.resources.hamilton.plate_carriers.PLT_CAR_L5AC_A00',
praxis-webclient	praxis/web-client/src/app/features/run-protocol/services/deck-catalog.service.ts	362	.ts	text	TIP_CAR_480_A00	hamilton_tip_carrier_L5	medium	no	'pylabrobot.resources.hamilton.tip_carriers.TIP_CAR_480_A00',
praxis-webclient	praxis/web-client/src/app/features/run-protocol/services/deck-catalog.service.ts	363	.ts	text	MFX_CAR_L5_base	hamilton_mfx_carrier_L5_base	medium	no	'pylabrobot.resources.hamilton.mfx_carriers.MFX_CAR_L5_base'
praxis-webclient	praxis/web-client/src/app/features/run-protocol/services/deck-catalog.service.ts	394	.ts	text	PLT_CAR_L5AC_A00	hamilton_plate_carrier_L5_ac	medium	no	'pylabrobot.resources.hamilton.plate_carriers.PLT_CAR_L5AC_A00',
praxis-webclient	praxis/web-client/src/app/features/run-protocol/services/deck-catalog.service.ts	395	.ts	text	TIP_CAR_480_A00	hamilton_tip_carrier_L5	medium	no	'pylabrobot.resources.hamilton.tip_carriers.TIP_CAR_480_A00'
praxis-webclient	praxis/web-client/src/app/features/run-protocol/services/deck-catalog.service.ts	624	.ts	text	num_rails	num_tracks	medium	no	deck.num_rails = spec.numRails;
praxis-webclient	praxis/web-client/src/app/features/run-protocol/services/deck-catalog.service.ts	835	.ts	text	PLT_CAR_L5AC_A00	hamilton_plate_carrier_L5_ac	medium	no	fqn: 'pylabrobot.resources.hamilton.plate_carriers.PLT_CAR_L5AC_A00',
praxis-webclient	praxis/web-client/src/app/features/run-protocol/services/deck-catalog.service.ts	844	.ts	text	TIP_CAR_480_A00	hamilton_tip_carrier_L5	medium	no	fqn: 'pylabrobot.resources.hamilton.tip_carriers.TIP_CAR_480_A00',
praxis-webclient	praxis/web-client/src/app/features/run-protocol/services/deck-catalog.service.ts	849	.ts	text	NestedTipRack	StandingTipRack	medium	no	compatibleResourceTypes: ['TipRack', 'NestedTipRack'],
praxis-webclient	praxis/web-client/src/app/features/run-protocol/services/deck-catalog.service.ts	853	.ts	text	MFX_CAR_L5_base	hamilton_mfx_carrier_L5_base	medium	no	fqn: 'pylabrobot.resources.hamilton.mfx_carriers.MFX_CAR_L5_base',
praxis-webclient	praxis/web-client/src/app/features/run-protocol/services/deck-generator.service.spec.ts	88	.ts	text	num_rails	num_tracks	medium	no	expect(data.resource.num_rails).toBe(30);
praxis-webclient	praxis/web-client/src/app/features/run-protocol/services/deck-generator.service.spec.ts	116	.ts	text	num_rails	num_tracks	medium	no	expect(data.resource.num_rails).toBeUndefined(); // Should NOT have rails
praxis-webclient	praxis/web-client/src/app/features/run-protocol/services/deck-generator.service.ts	206	.ts	text	num_rails	num_tracks	medium	no	num_rails: spec.numRails,
praxis-webclient	praxis/web-client/src/app/features/run-protocol/services/deck-generator.service.ts	277	.ts	text	num_rails	num_tracks	medium	no	num_rails: 30,
praxis-webclient	praxis/web-client/src/app/features/run-protocol/services/wizard-state.service.spec.ts	246	.ts	text	PLT_CAR_L5AC_A00	hamilton_plate_carrier_L5_ac	medium	no	fqn: 'pylabrobot.resources.hamilton.plate_carriers.PLT_CAR_L5AC_A00',
praxis-webclient	praxis/web-client/src/app/features/run-protocol/services/wizard-state.service.spec.ts	382	.ts	text	PLT_CAR_L5AC_A00	hamilton_plate_carrier_L5_ac	medium	no	expect(deck.children[0].type).toContain('PLT_CAR_L5AC_A00');
praxis-webclient	praxis/web-client/src/app/features/run-protocol/services/wizard-state.service.ts	159	.ts	text	num_rails	num_tracks	medium	no	num_rails: spec?.numRails ?? 30,
praxis-webclient	praxis/web-client/src/app/shared/components/deck-view/deck-view.component.ts	27	.ts	text	num_rails	num_tracks	medium	no	@if (resource()?.num_rails) {
praxis-webclient	praxis/web-client/src/app/shared/components/deck-view/deck-view.component.ts	816	.ts	text	num_rails	num_tracks	medium	no	if (!res?.num_rails) return [];
praxis-webclient	praxis/web-client/src/app/shared/components/deck-view/deck-view.component.ts	825	.ts	text	num_rails	num_tracks	medium	no	return railPositions.slice(0, res.num_rails).map((xPos, i) => ({
praxis-webclient	praxis/web-client/src/assets/browser-data/plr-definitions.ts	88	.ts	text	Cor_96_wellplate_360ul_Fb	cor_96_wellplate_360uL_Fb	medium	yes	{ accession_id: 'plr-plate-001', name: 'Cor_96_wellplate_360ul_Fb', fqn: 'pylabrobot.resources.corning_costar.plates.Cor_96_w
praxis-webclient	praxis/web-client/src/assets/browser-data/plr-definitions.ts	88	.ts	text	Cor_96_wellplate_360ul_Fb	cor_96_wellplate_360uL_Fb	medium	yes	360ul_Fb', fqn: 'pylabrobot.resources.corning_costar.plates.Cor_96_wellplate_360ul_Fb', plr_category: 'Plate', vendor: 'Corning', description: 'C
praxis-webclient	praxis/web-client/src/assets/browser-data/plr-definitions.ts	142	.ts	text	PLT_CAR_L5AC_A00	hamilton_plate_carrier_L5_ac	medium	yes	{ accession_id: 'plr-car-001', name: 'PLT_CAR_L5AC_A00', fqn: 'pylabrobot.resources.hamilton.carriers.PLT_CAR_L5AC
praxis-webclient	praxis/web-client/src/assets/browser-data/plr-definitions.ts	142	.ts	text	PLT_CAR_L5AC_A00	hamilton_plate_carrier_L5_ac	medium	yes	CAR_L5AC_A00', fqn: 'pylabrobot.resources.hamilton.carriers.PLT_CAR_L5AC_A00', plr_category: 'Carrier', vendor: 'Hamilton', description:
praxis-webclient	praxis/web-client/src/assets/browser-data/plr-definitions.ts	143	.ts	text	TIP_CAR_480_A00	hamilton_tip_carrier_L5	medium	yes	{ accession_id: 'plr-car-002', name: 'TIP_CAR_480_A00', fqn: 'pylabrobot.resources.hamilton.carriers.TIP_CAR_480_
praxis-webclient	praxis/web-client/src/assets/browser-data/plr-definitions.ts	143	.ts	text	TIP_CAR_480_A00	hamilton_tip_carrier_L5	medium	yes	_CAR_480_A00', fqn: 'pylabrobot.resources.hamilton.carriers.TIP_CAR_480_A00', plr_category: 'Carrier', vendor: 'Hamilton', description:
praxis-webclient	praxis/web-client/src/assets/browser-data/plr-resource-definitions.json	57	.json	text	with_teaching_rack	with_teaching_needle_rack	medium	yes	"""with_teaching_rack"": true,"
praxis-webclient	praxis/web-client/src/assets/browser-data/resources.ts	80	.ts	text	PLT_CAR_L5AC_A00	hamilton_plate_carrier_L5_ac	medium	yes	name: 'Hamilton PLT_CAR_L5AC_A00',
praxis-webclient	praxis/web-client/src/assets/browser-data/resources.ts	81	.ts	text	PLT_CAR_L5AC_A00	hamilton_plate_carrier_L5_ac	medium	yes	fqn: 'pylabrobot.resources.hamilton.PLT_CAR_L5AC_A00',
praxis-webclient	praxis/web-client/src/assets/browser-data/resources.ts	91	.ts	text	TIP_CAR_480BC_A00	hamilton_tip_carrier_L5	medium	yes	name: 'Hamilton TIP_CAR_480BC_A00',
praxis-webclient	praxis/web-client/src/assets/browser-data/resources.ts	92	.ts	text	TIP_CAR_480BC_A00	hamilton_tip_carrier_L5	medium	yes	fqn: 'pylabrobot.resources.hamilton.TIP_CAR_480BC_A00',
praxis-webclient	praxis/web-client/src/assets/demo-data/plr-resource-definitions.json	277	.json	text	NestedTipRack	StandingTipRack	medium	yes	"""name"": ""NestedTipRack"","
praxis-webclient	praxis/web-client/src/assets/demo-data/plr-resource-definitions.json	278	.json	text	NestedTipRack	StandingTipRack	medium	yes	"""fqn"": ""pylabrobot.resources.tip_rack.NestedTipRack"","
praxis-webclient	praxis/web-client/src/assets/demo-data/plr-resource-definitions.json	299	.json	text	num_rails	num_tracks	medium	yes	"""num_rails"": 30,"
praxis-webclient	praxis/web-client/src/assets/demo-data/plr-resource-definitions.json	380	.json	text	MFX_CAR_L5_base	hamilton_mfx_carrier_L5_base	medium	yes	"the DWP module to the MFXCarrier:\n    >>> mfx_carrier_1 = MFX_CAR_L5_base(name=\""mfx_carrier_1\"")\n    >>> mfx_carrier_1[1] = mfx_dwp"
scripts	scripts/generate_plr_definitions.py	102	py	attribute	empty	unassign_tip	low	no	if default is not inspect.Parameter.empty and default is not None:
scripts	scripts/survey_plr_deprecations.py	2	py	string	Cor_96_wellplate_360ul_Fb	cor_96_wellplate_360uL_Fb	medium	no	"""""""Survey every deprecation marker in vendored PyLabRobot: which"
scripts	scripts/survey_plr_deprecations.py	2	py	string	hamilton_1_trough_200ml_Vb	hamilton_1_trough_200mL_Vb	medium	no	"""""""Survey every deprecation marker in vendored PyLabRobot: which"
tests	tests/backend/core/test_consumable_assignment.py	76	py	string	Cor_96_wellplate_360ul_Fb	cor_96_wellplate_360uL_Fb	medium	no	"res_id, ""pylabrobot.resources.corning.Cor_96_wellplate_360ul_Fb"", ""Plate 1"","
tests	tests/backend/core/test_consumable_assignment.py	104	py	string	Cor_96_wellplate_360ul_Fb	cor_96_wellplate_360uL_Fb	medium	no	"uuid7(), ""pylabrobot.resources.corning.Cor_96_wellplate_360ul_Fb"", ""Plate 1"","
tests	tests/backend/core/test_deck_config.py	20	py	string	Cor_96_wellplate_360ul_Fb	cor_96_wellplate_360uL_Fb	medium	no	"""resource_fqn"": ""pylabrobot.resources.corning.Cor_96_wellplate_360ul_Fb"","
tests	tests/protocols/test_chatterbox_execution.py	72	py	attribute	empty	unassign_tip	low	no	if param.annotation is not inspect.Parameter.empty:
tests	tests/utils/test_type_inspection.py	45	py	attribute	empty	unassign_tip	low	no	assert not is_pylabrobot_resource(inspect.Parameter.empty)
tests	tests/utils/test_type_inspection.py	153	py	attribute	empty	unassign_tip	low	no	"assert fqn_from_hint(inspect.Parameter.empty) == ""Any"""
tests	tests/utils/test_type_inspection.py	229	py	attribute	empty	unassign_tip	low	no	"assert serialize_type_hint(inspect.Parameter.empty) == ""Any"""
training/ingest	training/ingest/gap.py	291	py	attribute	empty	unassign_tip	low	no	"""empty"": self.empty,"
training/ingest	training/ingest/gap.py	522	py	attribute	empty	unassign_tip	low	no	"""empty_cells"": sum(1 for c in cell_gaps if c.empty),"
training/ingest	training/ingest/out/audit_findings.jsonl	61	.jsonl	text	disable_tip_trackers	disable_tip_tracking	medium	yes	"ng"": false, ""evidence"": [{""match_mode"": ""exact"", ""member"": ""disable_tip_trackers"", ""member_is_in_surface"": false, ""receiver"": ""TipRack"", ""re"
training/ingest	training/ingest/out/audit_findings.jsonl	61	.jsonl	text	disable_tip_trackers	disable_tip_tracking	medium	yes	"#rack-state"", ""token_kind"": ""dotted"", ""token_raw"": ""TipRack.disable_tip_trackers""}], ""finding_id"": ""74aa6d64296f10b0"", ""kind"": ""unknown_meth"
training/ingest	training/ingest/out/audit_findings.jsonl	61	.jsonl	text	disable_tip_trackers	disable_tip_tracking	medium	yes	"moved"": """", ""reading_table_is_wrong"": """", ""subject"": ""other.disable_tip_trackers"", ""verdict"": """", ""verdict_hint"": """"}"
training/tests	training/tests/test_verify_postconditions.py	79	py	import_module	pylabrobot.resources.tip_tracker	pylabrobot.resources.tip_tracking / pylabrobot.legacy.tip_tracker	high	no	from pylabrobot.resources.tip_tracker import does_tip_tracking
training/verify	training/verify/checks.py	514	py	attribute	tracker	tip	low	no	"has_tip = bool(getattr(spot.tracker, ""has_tip"", None))"
training/verify	training/verify/data/plr_deprecations.json	1067	.json	text	AGenBio_4_troughplate_75000_Vb	AGenBio_4_troughplate_75000uL_Vb	medium	yes	"""qualname"": ""AGenBio_4_troughplate_75000_Vb"","
training/verify	training/verify/data/plr_deprecations.json	1073	.json	text	AGenBio_4_troughplate_75000_Vb	AGenBio_4_troughplate_75000uL_Vb	medium	yes	"""message"": ""AGenBio_4_troughplate_75000_Vb is deprecated. Use AGenBio_4_troughplate_75000uL_Vb instead"
training/verify	training/verify/data/plr_deprecations.json	1073	.json	text	AGenBio_4_troughplate_75000uL_Vb	agenbio_4_troughplate_75mL_Vb	medium	yes	"essage"": ""AGenBio_4_troughplate_75000_Vb is deprecated. Use AGenBio_4_troughplate_75000uL_Vb instead."","
training/verify	training/verify/data/plr_deprecations.json	1078	.json	text	AGenBio_1_wellplate_Fl	AGenBio_1_troughplate_190000uL_Fl	medium	yes	"""qualname"": ""AGenBio_1_wellplate_Fl"","
training/verify	training/verify/data/plr_deprecations.json	1084	.json	text	AGenBio_1_wellplate_Fl	AGenBio_1_troughplate_190000uL_Fl	medium	yes	"""message"": ""AGenBio_1_wellplate_Fl is deprecated. Use AGenBio_1_troughplate_190000uL_Fl instea"
training/verify	training/verify/data/plr_deprecations.json	1084	.json	text	AGenBio_1_troughplate_190000uL_Fl	agenbio_1_troughplate_190mL_Fl	medium	yes	"""message"": ""AGenBio_1_wellplate_Fl is deprecated. Use AGenBio_1_troughplate_190000uL_Fl instead."","
training/verify	training/verify/data/plr_deprecations.json	1089	.json	text	AGenBio_1_troughplate_100000uL_Fl	agenbio_1_troughplate_100mL_Fl	medium	yes	"""qualname"": ""AGenBio_1_troughplate_100000uL_Fl"","
training/verify	training/verify/data/plr_deprecations.json	1095	.json	text	AGenBio_1_troughplate_100000uL_Fl	agenbio_1_troughplate_100mL_Fl	medium	yes	"""message"": ""AGenBio_1_troughplate_100000uL_Fl() is deprecated and will be removed in v1b1. Use agenbio_1_"
training/verify	training/verify/data/plr_deprecations.json	1100	.json	text	AGenBio_1_troughplate_190000uL_Fl	agenbio_1_troughplate_190mL_Fl	medium	yes	"""qualname"": ""AGenBio_1_troughplate_190000uL_Fl"","
training/verify	training/verify/data/plr_deprecations.json	1106	.json	text	AGenBio_1_troughplate_190000uL_Fl	agenbio_1_troughplate_190mL_Fl	medium	yes	"""message"": ""AGenBio_1_troughplate_190000uL_Fl() is deprecated and will be removed in v1b1. Use agenbio_1_"
training/verify	training/verify/data/plr_deprecations.json	1111	.json	text	AGenBio_4_troughplate_75000uL_Vb	agenbio_4_troughplate_75mL_Vb	medium	yes	"""qualname"": ""AGenBio_4_troughplate_75000uL_Vb"","
training/verify	training/verify/data/plr_deprecations.json	1117	.json	text	AGenBio_4_troughplate_75000uL_Vb	agenbio_4_troughplate_75mL_Vb	medium	yes	"""message"": ""AGenBio_4_troughplate_75000uL_Vb() is deprecated and will be removed in v1b1. Use agenbio_4_"
training/verify	training/verify/data/plr_deprecations.json	1122	.json	text	AGenBio_96_wellplate_Ub_2200ul	agenbio_96_wellplate_Ub_2200uL	medium	yes	"""qualname"": ""AGenBio_96_wellplate_Ub_2200ul"","
training/verify	training/verify/data/plr_deprecations.json	1128	.json	text	AGenBio_96_wellplate_Ub_2200ul	agenbio_96_wellplate_Ub_2200uL	medium	yes	"""message"": ""AGenBio_96_wellplate_Ub_2200ul() is deprecated and will be removed in v1b1. Use agenbio_96"
training/verify	training/verify/data/plr_deprecations.json	1133	.json	text	agilent_96_wellplate_150uL_Ub	agilent_96_wellplate_150uL_Vb	medium	yes	"""qualname"": ""agilent_96_wellplate_150uL_Ub"","
training/verify	training/verify/data/plr_deprecations.json	1139	.json	text	agilent_96_wellplate_150uL_Ub	agilent_96_wellplate_150uL_Vb	medium	yes	"""message"": ""agilent_96_wellplate_150uL_Ub is deprecated. Use agilent_96_wellplate_150uL_Vb instead."","
training/verify	training/verify/data/plr_deprecations.json	1144	.json	text	Agilent_2_reservoir_144mL_Vb	agilent_2_reservoir_144mL_Vb	medium	yes	"""qualname"": ""Agilent_2_reservoir_144mL_Vb"","
training/verify	training/verify/data/plr_deprecations.json	1150	.json	text	Agilent_2_reservoir_144mL_Vb	agilent_2_reservoir_144mL_Vb	medium	yes	"""message"": ""Agilent_2_reservoir_144mL_Vb() is deprecated and will be removed in v1b1. Use agilent_2_"
training/verify	training/verify/data/plr_deprecations.json	1155	.json	text	Alpaqua_96_magnum_flx	alpaqua_96_plateadapter_magnum_flx	medium	yes	"""qualname"": ""Alpaqua_96_magnum_flx"","
training/verify	training/verify/data/plr_deprecations.json	1161	.json	text	Alpaqua_96_magnum_flx	alpaqua_96_plateadapter_magnum_flx	medium	yes	"""message"": ""Alpaqua_96_magnum_flx is deprecated. Use 'alpaqua_96_plateadapter_magnum_flx' ins"
training/verify	training/verify/data/plr_deprecations.json	1166	.json	text	Azenta4titudeFrameStar_96_wellplate_200ul_Vb	azenta_96_wellplate_200uL_Vb_4titudeframestar	medium	yes	"""qualname"": ""Azenta4titudeFrameStar_96_wellplate_200ul_Vb"","
training/verify	training/verify/data/plr_deprecations.json	1172	.json	text	Azenta4titudeFrameStar_96_wellplate_200ul_Vb	azenta_96_wellplate_200uL_Vb_4titudeframestar	medium	yes	"""message"": ""Azenta4titudeFrameStar_96_wellplate_200ul_Vb() is deprecated and will be removed in v1b1. Use azenta_96_"
training/verify	training/verify/data/plr_deprecations.json	1177	.json	text	BioRad_384_wellplate_50uL_Vb	biorad_384_wellplate_50uL_Vb	medium	yes	"""qualname"": ""BioRad_384_wellplate_50uL_Vb"","
training/verify	training/verify/data/plr_deprecations.json	1183	.json	text	BioRad_384_wellplate_50uL_Vb	biorad_384_wellplate_50uL_Vb	medium	yes	"""message"": ""BioRad_384_wellplate_50uL_Vb() is deprecated and will be removed in v1b1. Use biorad_384"
training/verify	training/verify/data/plr_deprecations.json	1188	.json	text	BTX_96_wellplate_125ul_Fb_2mm	btx_96_wellplate_125uL_Fb_2mm	medium	yes	"""qualname"": ""BTX_96_wellplate_125ul_Fb_2mm"","
training/verify	training/verify/data/plr_deprecations.json	1194	.json	text	BTX_96_wellplate_125ul_Fb_2mm	btx_96_wellplate_125uL_Fb_2mm	medium	yes	"""message"": ""BTX_96_wellplate_125ul_Fb_2mm() is deprecated and will be removed in v1b1. Use btx_96_wel"
training/verify	training/verify/data/plr_deprecations.json	1199	.json	text	CellTreat_12_troughplate_15000ul_Vb	celltreat_12_troughplate_15mL_Vb	medium	yes	"""qualname"": ""CellTreat_12_troughplate_15000ul_Vb"","
training/verify	training/verify/data/plr_deprecations.json	1205	.json	text	CellTreat_12_troughplate_15000ul_Vb	celltreat_12_troughplate_15mL_Vb	medium	yes	"""message"": ""CellTreat_12_troughplate_15000ul_Vb() is deprecated and will be removed in v1b1. Use celltreat_"
training/verify	training/verify/data/plr_deprecations.json	1210	.json	text	CellTreat_24_wellplate_3300ul_Fb	celltreat_24_wellplate_3300uL_Fb	medium	yes	"""qualname"": ""CellTreat_24_wellplate_3300ul_Fb"","
training/verify	training/verify/data/plr_deprecations.json	1216	.json	text	CellTreat_24_wellplate_3300ul_Fb	celltreat_24_wellplate_3300uL_Fb	medium	yes	"""message"": ""CellTreat_24_wellplate_3300ul_Fb() is deprecated and will be removed in v1b1. Use celltreat_"
training/verify	training/verify/data/plr_deprecations.json	1221	.json	text	CellTreat_6_wellplate_16300ul_Fb	celltreat_6_wellplate_16300uL_Fb	medium	yes	"""qualname"": ""CellTreat_6_wellplate_16300ul_Fb"","
training/verify	training/verify/data/plr_deprecations.json	1227	.json	text	CellTreat_6_wellplate_16300ul_Fb	celltreat_6_wellplate_16300uL_Fb	medium	yes	"""message"": ""CellTreat_6_wellplate_16300ul_Fb() is deprecated and will be removed in v1b1. Use celltreat_"
training/verify	training/verify/data/plr_deprecations.json	1232	.json	text	CellTreat_96_wellplate_350ul_Fb	celltreat_96_wellplate_350uL_Fb	medium	yes	"""qualname"": ""CellTreat_96_wellplate_350ul_Fb"","
training/verify	training/verify/data/plr_deprecations.json	1238	.json	text	CellTreat_96_wellplate_350ul_Fb	celltreat_96_wellplate_350uL_Fb	medium	yes	"""message"": ""CellTreat_96_wellplate_350ul_Fb() is deprecated and will be removed in v1b1. Use celltreat_"
training/verify	training/verify/data/plr_deprecations.json	1243	.json	text	CellTreat_96_wellplate_350ul_Ub	celltreat_96_wellplate_350uL_Ub	medium	yes	"""qualname"": ""CellTreat_96_wellplate_350ul_Ub"","
training/verify	training/verify/data/plr_deprecations.json	1249	.json	text	CellTreat_96_wellplate_350ul_Ub	celltreat_96_wellplate_350uL_Ub	medium	yes	"""message"": ""CellTreat_96_wellplate_350ul_Ub() is deprecated and will be removed in v1b1. Use celltreat_"
training/verify	training/verify/data/plr_deprecations.json	1254	.json	text	CellTreat_6_wellplate_16300ul_Fb_Lid	celltreat_6_wellplate_16300uL_Fb_lid	medium	yes	"""qualname"": ""CellTreat_6_wellplate_16300ul_Fb_Lid"","
training/verify	training/verify/data/plr_deprecations.json	1260	.json	text	CellTreat_6_wellplate_16300ul_Fb_Lid	celltreat_6_wellplate_16300uL_Fb_lid	medium	yes	"""message"": ""CellTreat_6_wellplate_16300ul_Fb_Lid() is deprecated and will be removed in v1b1. Use celltreat_"
training/verify	training/verify/data/plr_deprecations.json	1265	.json	text	CellTreat_24_wellplate_3300ul_Fb_Lid	celltreat_24_wellplate_3300uL_Fb_lid	medium	yes	"""qualname"": ""CellTreat_24_wellplate_3300ul_Fb_Lid"","
training/verify	training/verify/data/plr_deprecations.json	1271	.json	text	CellTreat_24_wellplate_3300ul_Fb_Lid	celltreat_24_wellplate_3300uL_Fb_lid	medium	yes	"""message"": ""CellTreat_24_wellplate_3300ul_Fb_Lid() is deprecated and will be removed in v1b1. Use celltreat_"
training/verify	training/verify/data/plr_deprecations.json	1276	.json	text	CellTreat_96_wellplate_350ul_Ub_Lid	celltreat_96_wellplate_350uL_Ub_lid	medium	yes	"""qualname"": ""CellTreat_96_wellplate_350ul_Ub_Lid"","
training/verify	training/verify/data/plr_deprecations.json	1282	.json	text	CellTreat_96_wellplate_350ul_Ub_Lid	celltreat_96_wellplate_350uL_Ub_lid	medium	yes	"""message"": ""CellTreat_96_wellplate_350ul_Ub_Lid() is deprecated and will be removed in v1b1. Use celltreat_"
training/verify	training/verify/data/plr_deprecations.json	1287	.json	text	celltreat_15000ul_centrifuge_tube_Vb	celltreat_tube_15mL_Vb	medium	yes	"""qualname"": ""celltreat_15000ul_centrifuge_tube_Vb"","
training/verify	training/verify/data/plr_deprecations.json	1293	.json	text	celltreat_15000ul_centrifuge_tube_Vb	celltreat_tube_15mL_Vb	medium	yes	"""message"": ""celltreat_15000ul_centrifuge_tube_Vb() is deprecated and will be removed in v1b1. Use celltreat_"
training/verify	training/verify/data/plr_deprecations.json	1298	.json	text	CellVis_24_wellplate_3600uL_Fb_Lid	cellvis_24_wellplate_3600uL_Fb_lid	medium	yes	"""qualname"": ""CellVis_24_wellplate_3600uL_Fb_Lid"","
training/verify	training/verify/data/plr_deprecations.json	1304	.json	text	CellVis_24_wellplate_3600uL_Fb_Lid	cellvis_24_wellplate_3600uL_Fb_lid	medium	yes	"""message"": ""CellVis_24_wellplate_3600uL_Fb_Lid() is deprecated and will be removed in v1b1. Use cellvis_24"
training/verify	training/verify/data/plr_deprecations.json	1309	.json	text	CellVis_24_wellplate_3600uL_Fb	cellvis_24_wellplate_3600uL_Fb	medium	yes	"""qualname"": ""CellVis_24_wellplate_3600uL_Fb"","
training/verify	training/verify/data/plr_deprecations.json	1315	.json	text	CellVis_24_wellplate_3600uL_Fb	cellvis_24_wellplate_3600uL_Fb	medium	yes	"""message"": ""CellVis_24_wellplate_3600uL_Fb() is deprecated and will be removed in v1b1. Use cellvis_24"
training/verify	training/verify/data/plr_deprecations.json	1320	.json	text	CellVis_96_wellplate_350uL_Fb_Lid	cellvis_96_wellplate_350uL_Fb_lid	medium	yes	"""qualname"": ""CellVis_96_wellplate_350uL_Fb_Lid"","
training/verify	training/verify/data/plr_deprecations.json	1326	.json	text	CellVis_96_wellplate_350uL_Fb_Lid	cellvis_96_wellplate_350uL_Fb_lid	medium	yes	"""message"": ""CellVis_96_wellplate_350uL_Fb_Lid() is deprecated and will be removed in v1b1. Use cellvis_96"
training/verify	training/verify/data/plr_deprecations.json	1331	.json	text	CellVis_96_wellplate_350uL_Fb	cellvis_96_wellplate_350uL_Fb	medium	yes	"""qualname"": ""CellVis_96_wellplate_350uL_Fb"","
training/verify	training/verify/data/plr_deprecations.json	1337	.json	text	CellVis_96_wellplate_350uL_Fb	cellvis_96_wellplate_350uL_Fb	medium	yes	"""message"": ""CellVis_96_wellplate_350uL_Fb() is deprecated and will be removed in v1b1. Use cellvis_96"
training/verify	training/verify/data/plr_deprecations.json	1342	.json	text	Cor_Axy_24_wellplate_10mL_Vb	cor_axy_24_wellplate_10mL_Vb	medium	yes	"""qualname"": ""Cor_Axy_24_wellplate_10mL_Vb"","
training/verify	training/verify/data/plr_deprecations.json	1348	.json	text	Cor_Axy_24_wellplate_10mL_Vb	cor_axy_24_wellplate_10mL_Vb	medium	yes	"""message"": ""Cor_Axy_24_wellplate_10mL_Vb() is deprecated and will be removed in v1b1. Use cor_axy_24"
training/verify	training/verify/data/plr_deprecations.json	1353	.json	text	Cor_Axy_96_wellplate_500uL_Ub	cor_axy_96_wellplate_500uL_Ub	medium	yes	"""qualname"": ""Cor_Axy_96_wellplate_500uL_Ub"","
training/verify	training/verify/data/plr_deprecations.json	1359	.json	text	Cor_Axy_96_wellplate_500uL_Ub	cor_axy_96_wellplate_500uL_Ub	medium	yes	"""message"": ""Cor_Axy_96_wellplate_500uL_Ub() is deprecated and will be removed in v1b1. Use cor_axy_96"
training/verify	training/verify/data/plr_deprecations.json	1364	.json	text	Cor_Cos_12_wellplate_6900ul_Fb	cor_cos_12_wellplate_6900uL_Fb	medium	yes	"""qualname"": ""Cor_Cos_12_wellplate_6900ul_Fb"","
training/verify	training/verify/data/plr_deprecations.json	1370	.json	text	Cor_Cos_12_wellplate_6900ul_Fb	cor_cos_12_wellplate_6900uL_Fb	medium	yes	"""message"": ""Cor_Cos_12_wellplate_6900ul_Fb() is deprecated and will be removed in v1b1. Use cor_cos_12"
training/verify	training/verify/data/plr_deprecations.json	1375	.json	text	Cor_Cos_24_wellplate_3470ul_Fb	cor_cos_24_wellplate_3470uL_Fb	medium	yes	"""qualname"": ""Cor_Cos_24_wellplate_3470ul_Fb"","
training/verify	training/verify/data/plr_deprecations.json	1381	.json	text	Cor_Cos_24_wellplate_3470ul_Fb	cor_cos_24_wellplate_3470uL_Fb	medium	yes	"""message"": ""Cor_Cos_24_wellplate_3470ul_Fb() is deprecated and will be removed in v1b1. Use cor_cos_24"
training/verify	training/verify/data/plr_deprecations.json	1386	.json	text	Cor_Cos_48_wellplate_1620ul_Fb	cor_cos_48_wellplate_1620uL_Fb	medium	yes	"""qualname"": ""Cor_Cos_48_wellplate_1620ul_Fb"","
training/verify	training/verify/data/plr_deprecations.json	1392	.json	text	Cor_Cos_48_wellplate_1620ul_Fb	cor_cos_48_wellplate_1620uL_Fb	medium	yes	"""message"": ""Cor_Cos_48_wellplate_1620ul_Fb() is deprecated and will be removed in v1b1. Use cor_cos_48"
training/verify	training/verify/data/plr_deprecations.json	1397	.json	text	Cor_Cos_6_wellplate_16800ul_Fb	cor_cos_6_wellplate_16800uL_Fb	medium	yes	"""qualname"": ""Cor_Cos_6_wellplate_16800ul_Fb"","
training/verify	training/verify/data/plr_deprecations.json	1403	.json	text	Cor_Cos_6_wellplate_16800ul_Fb	cor_cos_6_wellplate_16800uL_Fb	medium	yes	"""message"": ""Cor_Cos_6_wellplate_16800ul_Fb() is deprecated and will be removed in v1b1. Use cor_cos_6_"
training/verify	training/verify/data/plr_deprecations.json	1408	.json	text	Cor_Cos_6_wellplate_16800ul_Fb_Lid	cor_cos_6_wellplate_16800uL_Fb_lid	medium	yes	"""qualname"": ""Cor_Cos_6_wellplate_16800ul_Fb_Lid"","
training/verify	training/verify/data/plr_deprecations.json	1414	.json	text	Cor_Cos_6_wellplate_16800ul_Fb_Lid	cor_cos_6_wellplate_16800uL_Fb_lid	medium	yes	"""message"": ""Cor_Cos_6_wellplate_16800ul_Fb_Lid() is deprecated and will be removed in v1b1. Use cor_cos_6_"
training/verify	training/verify/data/plr_deprecations.json	1419	.json	text	Cor_Falcon_96_wellplate_250ul_Rb	cor_falcon_96_wellplate_250uL_Rb	medium	yes	"""qualname"": ""Cor_Falcon_96_wellplate_250ul_Rb"","
training/verify	training/verify/data/plr_deprecations.json	1425	.json	text	Cor_Falcon_96_wellplate_250ul_Rb	cor_falcon_96_wellplate_250uL_Rb	medium	yes	"""message"": ""Cor_Falcon_96_wellplate_250ul_Rb() is deprecated and will be removed in v1b1. Use cor_falcon"
training/verify	training/verify/data/plr_deprecations.json	1430	.json	text	Cor_Falcon_96_wellplate_275ul_Fb	cor_falcon_96_wellplate_275uL_Fb	medium	yes	"""qualname"": ""Cor_Falcon_96_wellplate_275ul_Fb"","
training/verify	training/verify/data/plr_deprecations.json	1436	.json	text	Cor_Falcon_96_wellplate_275ul_Fb	cor_falcon_96_wellplate_275uL_Fb	medium	yes	"""message"": ""Cor_Falcon_96_wellplate_275ul_Fb() is deprecated and will be removed in v1b1. Use cor_falcon"
training/verify	training/verify/data/plr_deprecations.json	1441	.json	text	Cor_Falcon_96_wellplate_340ul_Fb_Black	cor_falcon_96_wellplate_340uL_Fb_black	medium	yes	"""qualname"": ""Cor_Falcon_96_wellplate_340ul_Fb_Black"","
training/verify	training/verify/data/plr_deprecations.json	1447	.json	text	Cor_Falcon_96_wellplate_340ul_Fb_Black	cor_falcon_96_wellplate_340uL_Fb_black	medium	yes	"""message"": ""Cor_Falcon_96_wellplate_340ul_Fb_Black() is deprecated and will be removed in v1b1. Use cor_falcon"
training/verify	training/verify/data/plr_deprecations.json	1452	.json	text	Cor_Falcon_tube_14mL_Rb	cor_falcon_tube_14mL_Rb	medium	yes	"""qualname"": ""Cor_Falcon_tube_14mL_Rb"","
training/verify	training/verify/data/plr_deprecations.json	1458	.json	text	Cor_Falcon_tube_14mL_Rb	cor_falcon_tube_14mL_Rb	medium	yes	"""message"": ""Cor_Falcon_tube_14mL_Rb() is deprecated and will be removed in v1b1. Use cor_falcon"
training/verify	training/verify/data/plr_deprecations.json	1463	.json	text	Cor_Falcon_tube_15mL_Vb	cor_falcon_tube_15mL_Vb	medium	yes	"""qualname"": ""Cor_Falcon_tube_15mL_Vb"","
training/verify	training/verify/data/plr_deprecations.json	1469	.json	text	Cor_Falcon_tube_15mL_Vb	cor_falcon_tube_15mL_Vb	medium	yes	"""message"": ""Cor_Falcon_tube_15mL_Vb() is deprecated and will be removed in v1b1. Use cor_falcon"
training/verify	training/verify/data/plr_deprecations.json	1474	.json	text	Cor_Falcon_tube_50mL_Vb	cor_falcon_tube_50mL_Vb	medium	yes	"""qualname"": ""Cor_Falcon_tube_50mL_Vb"","
training/verify	training/verify/data/plr_deprecations.json	1480	.json	text	Cor_Falcon_tube_50mL_Vb	cor_falcon_tube_50mL_Vb	medium	yes	"""message"": ""Cor_Falcon_tube_50mL_Vb() is deprecated and will be removed in v1b1. Use cor_falcon"
training/verify	training/verify/data/plr_deprecations.json	1485	.json	text	Cor_96_wellplate_2mL_Vb	cor_96_wellplate_2mL_Vb	medium	yes	"""qualname"": ""Cor_96_wellplate_2mL_Vb"","
training/verify	training/verify/data/plr_deprecations.json	1491	.json	text	Cor_96_wellplate_2mL_Vb	cor_96_wellplate_2mL_Vb	medium	yes	"""message"": ""Cor_96_wellplate_2mL_Vb() is deprecated and will be removed in v1b1. Use cor_96_wel"
training/verify	training/verify/data/plr_deprecations.json	1496	.json	text	Cor_96_wellplate_360ul_Fb	cor_96_wellplate_360uL_Fb	medium	yes	"""qualname"": ""Cor_96_wellplate_360ul_Fb"","
training/verify	training/verify/data/plr_deprecations.json	1502	.json	text	Cor_96_wellplate_360ul_Fb	cor_96_wellplate_360uL_Fb	medium	yes	"""message"": ""Cor_96_wellplate_360ul_Fb() is deprecated and will be removed in v1b1. Use cor_96_wel"
training/verify	training/verify/data/plr_deprecations.json	1507	.json	text	Cor_96_wellplate_360ul_Fb_Lid	cor_96_wellplate_360uL_Fb_lid	medium	yes	"""qualname"": ""Cor_96_wellplate_360ul_Fb_Lid"","
training/verify	training/verify/data/plr_deprecations.json	1513	.json	text	Cor_96_wellplate_360ul_Fb_Lid	cor_96_wellplate_360uL_Fb_lid	medium	yes	"""message"": ""Cor_96_wellplate_360ul_Fb_Lid() is deprecated and will be removed in v1b1. Use cor_96_wel"
training/verify	training/verify/data/plr_deprecations.json	1518	.json	text	Eppendorf_DNA_LoBind_1_5ml_Vb	eppendorf_tube_1500uL_Vb	medium	yes	"""qualname"": ""Eppendorf_DNA_LoBind_1_5ml_Vb"","
training/verify	training/verify/data/plr_deprecations.json	1524	.json	text	Eppendorf_DNA_LoBind_1_5ml_Vb	eppendorf_tube_1500uL_Vb	medium	yes	"""message"": ""Eppendorf_DNA_LoBind_1_5ml_Vb is deprecated and will be removed in 2026-04. Use eppendorf"
training/verify	training/verify/data/plr_deprecations.json	1529	.json	text	Eppendorf_Protein_LoBind_1_5ml_Vb	eppendorf_tube_1500uL_Vb	medium	yes	"""qualname"": ""Eppendorf_Protein_LoBind_1_5ml_Vb"","
training/verify	training/verify/data/plr_deprecations.json	1535	.json	text	Eppendorf_Protein_LoBind_1_5ml_Vb	eppendorf_tube_1500uL_Vb	medium	yes	"""message"": ""Eppendorf_Protein_LoBind_1_5ml_Vb is deprecated and will be removed in 2026-04. Use eppendorf"
training/verify	training/verify/data/plr_deprecations.json	1551	.json	text	prep_core_gripper_mount	prep_core_gripper_holder	medium	yes	"""qualname"": ""prep_core_gripper_mount"","
training/verify	training/verify/data/plr_deprecations.json	1557	.json	text	prep_core_gripper_mount	prep_core_gripper_holder	medium	yes	"""message"": ""prep_core_gripper_mount is deprecated. Use 'prep_core_gripper_holder' instead."","
training/verify	training/verify/data/plr_deprecations.json	1562	.json	text	rails_for_x_coordinate	track_for_x_coordinate	medium	yes	"""qualname"": ""rails_for_x_coordinate"","
training/verify	training/verify/data/plr_deprecations.json	1568	.json	text	rails_for_x_coordinate	track_for_x_coordinate	medium	yes	"""message"": ""`rails_for_x_coordinate` is deprecated, use `track_for_x_coordinate`: a track is th"
training/verify	training/verify/data/plr_deprecations.json	1579	.json	text	num_rails	num_tracks	medium	yes	"""message"": ""`num_rails` is deprecated, use `num_tracks`: a track is the part of th"
training/verify	training/verify/data/plr_deprecations.json	1584	.json	text	rails_to_location	track_to_location	medium	yes	"""qualname"": ""HamiltonDeck.rails_to_location"","
training/verify	training/verify/data/plr_deprecations.json	1590	.json	text	rails_to_location	track_to_location	medium	yes	"""message"": ""`rails_to_location` is deprecated, use `track_to_location`: a track is the par"
training/verify	training/verify/data/plr_deprecations.json	1595	.json	text	num_rails	num_tracks	medium	yes	"""qualname"": ""HamiltonDeck.num_rails"","
training/verify	training/verify/data/plr_deprecations.json	1601	.json	text	num_rails	num_tracks	medium	yes	"""message"": ""`num_rails` is deprecated, use `num_tracks`: a track is the part of th"
training/verify	training/verify/data/plr_deprecations.json	1617	.json	text	MFX_CAR_L5_base	hamilton_mfx_carrier_L5_base	medium	yes	"""qualname"": ""MFX_CAR_L5_base"","
training/verify	training/verify/data/plr_deprecations.json	1623	.json	text	MFX_CAR_L5_base	hamilton_mfx_carrier_L5_base	medium	yes	"""message"": ""MFX_CAR_L5_base is deprecated. Use 'hamilton_mfx_carrier_L5_base' instead."""
training/verify	training/verify/data/plr_deprecations.json	1628	.json	text	MFX_TIP_module	hamilton_mfx_tiprackholder_standard	medium	yes	"""qualname"": ""MFX_TIP_module"","
training/verify	training/verify/data/plr_deprecations.json	1634	.json	text	MFX_TIP_module	hamilton_mfx_tiprackholder_standard	medium	yes	"""message"": ""MFX_TIP_module is deprecated and will be removed in the future. Use 'hamil"
training/verify	training/verify/data/plr_deprecations.json	1639	.json	text	Hamilton_MFX_plateholder_DWP_metal_tapped	hamilton_mfx_plateholder_DWP_metal_tapped	medium	yes	"""qualname"": ""Hamilton_MFX_plateholder_DWP_metal_tapped"","
training/verify	training/verify/data/plr_deprecations.json	1645	.json	text	Hamilton_MFX_plateholder_DWP_metal_tapped	hamilton_mfx_plateholder_DWP_metal_tapped	medium	yes	"""message"": ""Hamilton_MFX_plateholder_DWP_metal_tapped is deprecated. Use 'hamilton_mfx_plateholder_DWP_metal_tapp"
training/verify	training/verify/data/plr_deprecations.json	1650	.json	text	MFX_DWP_rackbased_module	hamilton_mfx_plateholder_DWP_flat	medium	yes	"""qualname"": ""MFX_DWP_rackbased_module"","
training/verify	training/verify/data/plr_deprecations.json	1656	.json	text	MFX_DWP_rackbased_module	hamilton_mfx_plateholder_DWP_flat	medium	yes	"""message"": ""MFX_DWP_rackbased_module is deprecated. Use 'hamilton_mfx_plateholder_DWP_flat' inst"
training/verify	training/verify/data/plr_deprecations.json	1661	.json	text	PLT_CAR_L5AC_A00	hamilton_plate_carrier_L5_ac	medium	yes	"""qualname"": ""PLT_CAR_L5AC_A00"","
training/verify	training/verify/data/plr_deprecations.json	1667	.json	text	PLT_CAR_L5AC_A00	hamilton_plate_carrier_L5_ac	medium	yes	"""message"": ""PLT_CAR_L5AC_A00 is deprecated. Use 'hamilton_plate_carrier_L5_ac' instead."""
training/verify	training/verify/data/plr_deprecations.json	1678	.json	text	with_teaching_rack	with_teaching_needle_rack	medium	yes	"""message"": ""`with_teaching_rack` is deprecated, use `with_teaching_needle_rack`: what stand"
training/verify	training/verify/data/plr_deprecations.json	1683	.json	text	TIP_CAR_NTR_A00	hamilton_tip_carrier_L5_ntr_a00	medium	yes	"""qualname"": ""TIP_CAR_NTR_A00"","
training/verify	training/verify/data/plr_deprecations.json	1689	.json	text	TIP_CAR_NTR_A00	hamilton_tip_carrier_L5_ntr_a00	medium	yes	"""message"": ""TIP_CAR_NTR_A00 is deprecated. Use 'hamilton_tip_carrier_L5_ntr_a00' instea"
training/verify	training/verify/data/plr_deprecations.json	1694	.json	text	TIP_CAR_480	hamilton_tip_carrier_L5	medium	yes	"""qualname"": ""TIP_CAR_480"","
training/verify	training/verify/data/plr_deprecations.json	1700	.json	text	TIP_CAR_480	hamilton_tip_carrier_L5	medium	yes	"""message"": ""TIP_CAR_480 is deprecated. Use 'hamilton_tip_carrier_L5' instead."","
training/verify	training/verify/data/plr_deprecations.json	1705	.json	text	TIP_CAR_480BC_A00	hamilton_tip_carrier_L5	medium	yes	"""qualname"": ""TIP_CAR_480BC_A00"","
training/verify	training/verify/data/plr_deprecations.json	1711	.json	text	TIP_CAR_480BC_A00	hamilton_tip_carrier_L5	medium	yes	"""message"": ""TIP_CAR_480BC_A00 is deprecated. Use 'hamilton_tip_carrier_L5' instead."","
training/verify	training/verify/data/plr_deprecations.json	1716	.json	text	TIP_CAR_480_A00	hamilton_tip_carrier_L5	medium	yes	"""qualname"": ""TIP_CAR_480_A00"","
training/verify	training/verify/data/plr_deprecations.json	1722	.json	text	TIP_CAR_480_A00	hamilton_tip_carrier_L5	medium	yes	"""message"": ""TIP_CAR_480_A00 is deprecated. Use 'hamilton_tip_carrier_L5' instead."","
training/verify	training/verify/data/plr_deprecations.json	1727	.json	text	standard_volume_tip_no_filter	hamilton_tip_300uL	medium	yes	"""qualname"": ""standard_volume_tip_no_filter"","
training/verify	training/verify/data/plr_deprecations.json	1733	.json	text	standard_volume_tip_no_filter	hamilton_tip_300uL	medium	yes	"""message"": ""standard_volume_tip_no_filter is deprecated, use hamilton_tip_300uL instead"","
training/verify	training/verify/data/plr_deprecations.json	1738	.json	text	standard_volume_tip_with_filter	hamilton_tip_300uL_filter	medium	yes	"""qualname"": ""standard_volume_tip_with_filter"","
training/verify	training/verify/data/plr_deprecations.json	1744	.json	text	standard_volume_tip_with_filter	hamilton_tip_300uL_filter	medium	yes	"""message"": ""standard_volume_tip_with_filter is deprecated, use hamilton_tip_300uL_filter instead"","
training/verify	training/verify/data/plr_deprecations.json	1749	.json	text	slim_standard_volume_tip_with_filter	hamilton_tip_300uL_filter_slim	medium	yes	"""qualname"": ""slim_standard_volume_tip_with_filter"","
training/verify	training/verify/data/plr_deprecations.json	1755	.json	text	slim_standard_volume_tip_with_filter	hamilton_tip_300uL_filter_slim	medium	yes	"""message"": ""slim_standard_volume_tip_with_filter is deprecated, use hamilton_tip_300uL_filter_slim instead"","
training/verify	training/verify/data/plr_deprecations.json	1760	.json	text	ultrawide_standard_volume_tip_with_filter	hamilton_tip_300uL_filter_ultrawide	medium	yes	"""qualname"": ""ultrawide_standard_volume_tip_with_filter"","
training/verify	training/verify/data/plr_deprecations.json	1766	.json	text	ultrawide_standard_volume_tip_with_filter	hamilton_tip_300uL_filter_ultrawide	medium	yes	"""message"": ""ultrawide_standard_volume_tip_with_filter is deprecated, use hamilton_tip_300uL_filter_ultrawide inst"
training/verify	training/verify/data/plr_deprecations.json	1771	.json	text	low_volume_tip_no_filter	hamilton_tip_10uL	medium	yes	"""qualname"": ""low_volume_tip_no_filter"","
training/verify	training/verify/data/plr_deprecations.json	1777	.json	text	low_volume_tip_no_filter	hamilton_tip_10uL	medium	yes	"""message"": ""low_volume_tip_no_filter is deprecated, use hamilton_tip_10uL instead"","
training/verify	training/verify/data/plr_deprecations.json	1782	.json	text	low_volume_tip_with_filter	hamilton_tip_10uL_filter	medium	yes	"""qualname"": ""low_volume_tip_with_filter"","
training/verify	training/verify/data/plr_deprecations.json	1788	.json	text	low_volume_tip_with_filter	hamilton_tip_10uL_filter	medium	yes	"""message"": ""low_volume_tip_with_filter is deprecated, use hamilton_tip_10uL_filter instead"","
training/verify	training/verify/data/plr_deprecations.json	1793	.json	text	high_volume_tip_no_filter	hamilton_tip_1000uL	medium	yes	"""qualname"": ""high_volume_tip_no_filter"","
training/verify	training/verify/data/plr_deprecations.json	1799	.json	text	high_volume_tip_no_filter	hamilton_tip_1000uL	medium	yes	"""message"": ""high_volume_tip_no_filter is deprecated, use hamilton_tip_1000uL instead"","
training/verify	training/verify/data/plr_deprecations.json	1804	.json	text	high_volume_tip_with_filter	hamilton_tip_1000uL_filter	medium	yes	"""qualname"": ""high_volume_tip_with_filter"","
training/verify	training/verify/data/plr_deprecations.json	1810	.json	text	high_volume_tip_with_filter	hamilton_tip_1000uL_filter	medium	yes	"""message"": ""high_volume_tip_with_filter is deprecated, use hamilton_tip_1000uL_filter instead"","
training/verify	training/verify/data/plr_deprecations.json	1815	.json	text	wide_high_volume_tip_with_filter	hamilton_tip_1000uL_filter_wide	medium	yes	"""qualname"": ""wide_high_volume_tip_with_filter"","
training/verify	training/verify/data/plr_deprecations.json	1821	.json	text	wide_high_volume_tip_with_filter	hamilton_tip_1000uL_filter_wide	medium	yes	"""message"": ""wide_high_volume_tip_with_filter is deprecated, use hamilton_tip_1000uL_filter_wide instead"""
training/verify	training/verify/data/plr_deprecations.json	1826	.json	text	ultrawide_high_volume_tip_with_filter	hamilton_tip_1000uL_filter_ultrawide	medium	yes	"""qualname"": ""ultrawide_high_volume_tip_with_filter"","
training/verify	training/verify/data/plr_deprecations.json	1832	.json	text	ultrawide_high_volume_tip_with_filter	hamilton_tip_1000uL_filter_ultrawide	medium	yes	"""message"": ""ultrawide_high_volume_tip_with_filter is deprecated, use hamilton_tip_1000uL_filter_ultrawide ins"
training/verify	training/verify/data/plr_deprecations.json	1837	.json	text	four_ml_tip_with_filter	hamilton_tip_4000uL_filter	medium	yes	"""qualname"": ""four_ml_tip_with_filter"","
training/verify	training/verify/data/plr_deprecations.json	1843	.json	text	four_ml_tip_with_filter	hamilton_tip_4000uL_filter	medium	yes	"""message"": ""four_ml_tip_with_filter is deprecated, use hamilton_tip_4000uL_filter instead"","
training/verify	training/verify/data/plr_deprecations.json	1848	.json	text	five_ml_tip_with_filter	hamilton_tip_5000uL_filter	medium	yes	"""qualname"": ""five_ml_tip_with_filter"","
training/verify	training/verify/data/plr_deprecations.json	1854	.json	text	five_ml_tip_with_filter	hamilton_tip_5000uL_filter	medium	yes	"""message"": ""five_ml_tip_with_filter is deprecated, use hamilton_tip_5000uL_filter instead"","
training/verify	training/verify/data/plr_deprecations.json	1859	.json	text	five_ml_tip	hamilton_tip_5000uL	medium	yes	"""qualname"": ""five_ml_tip"","
training/verify	training/verify/data/plr_deprecations.json	1865	.json	text	five_ml_tip	hamilton_tip_5000uL	medium	yes	"""message"": ""five_ml_tip is deprecated, use hamilton_tip_5000uL instead"","
training/verify	training/verify/data/plr_deprecations.json	1870	.json	text	fifty_ul_tip_with_filter	hamilton_tip_50uL_filter	medium	yes	"""qualname"": ""fifty_ul_tip_with_filter"","
training/verify	training/verify/data/plr_deprecations.json	1876	.json	text	fifty_ul_tip_with_filter	hamilton_tip_50uL_filter	medium	yes	"""message"": ""fifty_ul_tip_with_filter is deprecated, use hamilton_tip_50uL_filter instead"","
training/verify	training/verify/data/plr_deprecations.json	1881	.json	text	fifty_ul_tip_no_filter	hamilton_tip_50uL	medium	yes	"""qualname"": ""fifty_ul_tip_no_filter"","
training/verify	training/verify/data/plr_deprecations.json	1887	.json	text	fifty_ul_tip_no_filter	hamilton_tip_50uL	medium	yes	"""message"": ""fifty_ul_tip_no_filter is deprecated, use hamilton_tip_50uL instead"","
training/verify	training/verify/data/plr_deprecations.json	1892	.json	text	hamilton_tiprack_standard	hamilton_96_tiprack_standard	medium	yes	"""qualname"": ""hamilton_tiprack_standard"","
training/verify	training/verify/data/plr_deprecations.json	1898	.json	text	hamilton_tiprack_standard	hamilton_96_tiprack_standard	medium	yes	"""message"": ""hamilton_tiprack_standard is deprecated. Use 'hamilton_96_tiprack_standard' instead."""
training/verify	training/verify/data/plr_deprecations.json	1903	.json	text	Hamilton_1_trough_200ml_Vb	hamilton_1_trough_200mL_Vb	medium	yes	"""qualname"": ""Hamilton_1_trough_200ml_Vb"","
training/verify	training/verify/data/plr_deprecations.json	1909	.json	text	Hamilton_1_trough_200ml_Vb	hamilton_1_trough_200mL_Vb	medium	yes	"""message"": ""Hamilton_1_trough_200ml_Vb() is deprecated and will be removed after 2026-07. Use hami"
training/verify	training/verify/data/plr_deprecations.json	1914	.json	text	hamilton_1_trough_200ml_Vb	hamilton_1_trough_200mL_Vb	medium	yes	"""qualname"": ""hamilton_1_trough_200ml_Vb"","
training/verify	training/verify/data/plr_deprecations.json	1920	.json	text	hamilton_1_trough_200ml_Vb	hamilton_1_trough_200mL_Vb	medium	yes	"""message"": ""hamilton_1_trough_200ml_Vb() is deprecated and will be removed after 2026-07. Use hami"
training/verify	training/verify/data/plr_deprecations.json	1925	.json	text	hamilton_1_trough_60ml_Vb	hamilton_1_trough_60mL_Vb	medium	yes	"""qualname"": ""hamilton_1_trough_60ml_Vb"","
training/verify	training/verify/data/plr_deprecations.json	1931	.json	text	hamilton_1_trough_60ml_Vb	hamilton_1_trough_60mL_Vb	medium	yes	"""message"": ""hamilton_1_trough_60ml_Vb() is deprecated and will be removed after 2026-07. Use hami"
training/verify	training/verify/data/plr_deprecations.json	1936	.json	text	Tube_CAR_32_A00	hamilton_tube_carrier_32_a00_insert_eppendorf_1_5mL	medium	yes	"""qualname"": ""Tube_CAR_32_A00"","
training/verify	training/verify/data/plr_deprecations.json	1942	.json	text	Tube_CAR_32_A00	hamilton_tube_carrier_32_a00_insert_eppendorf_1_5mL	medium	yes	"""message"": ""The true dimensions of a Tube_CAR_32_A00 (SMP_CAR_32_A00) are not known. The hamilton definitions ar"
training/verify	training/verify/data/plr_deprecations.json	1947	.json	text	set_well_liquids	set_well_volumes	medium	yes	"""qualname"": ""Plate.set_well_liquids"","
training/verify	training/verify/data/plr_deprecations.json	1953	.json	text	set_well_liquids	set_well_volumes	medium	yes	"""message"": ""set_well_liquids is deprecated and will be removed in a future version. Use"
training/verify	training/verify/data/plr_deprecations.json	1969	.json	text	disable_tip_trackers	disable_tip_tracking	medium	yes	"""qualname"": ""TipRack.disable_tip_trackers"","
training/verify	training/verify/data/plr_deprecations.json	1975	.json	text	disable_tip_trackers	disable_tip_tracking	medium	yes	"""message"": ""TipRack.disable_tip_trackers is deprecated. Use 'disable_tip_tracking' instead."","
training/verify	training/verify/data/plr_deprecations.json	1980	.json	text	enable_tip_trackers	enable_tip_tracking	medium	yes	"""qualname"": ""TipRack.enable_tip_trackers"","
training/verify	training/verify/data/plr_deprecations.json	1986	.json	text	enable_tip_trackers	enable_tip_tracking	medium	yes	"""message"": ""TipRack.enable_tip_trackers is deprecated. Use 'enable_tip_tracking' instead."","
training/verify	training/verify/data/plr_deprecations.json	1991	.json	text	NestedTipRack	StandingTipRack	medium	yes	"""qualname"": ""NestedTipRack.__init__"","
training/verify	training/verify/data/plr_deprecations.json	1992	.json	text	NestedTipRack	StandingTipRack	medium	yes	"""class_name"": ""NestedTipRack"","
training/verify	training/verify/data/plr_deprecations.json	1997	.json	text	NestedTipRack	StandingTipRack	medium	yes	"""message"": ""NestedTipRack is deprecated, use StandingTipRack with a stacking_z_height"
training/verify	training/verify/data/plr_preconditions.json	160305	.json	text	TipTracker	pylabrobot.legacy.tip_tracker.TipTracker (or tree: TipSpot.tip)	medium	yes	"""qualname"": ""TipTracker.__init__"","
training/verify	training/verify/data/plr_preconditions.json	160306	.json	text	TipTracker	pylabrobot.legacy.tip_tracker.TipTracker (or tree: TipSpot.tip)	medium	yes	"""class_name"": ""TipTracker"","
training/verify	training/verify/data/plr_preconditions.json	160328	.json	text	TipTracker	pylabrobot.legacy.tip_tracker.TipTracker (or tree: TipSpot.tip)	medium	yes	"""qualname"": ""TipTracker._holder"","
training/verify	training/verify/data/plr_preconditions.json	160329	.json	text	TipTracker	pylabrobot.legacy.tip_tracker.TipTracker (or tree: TipSpot.tip)	medium	yes	"""class_name"": ""TipTracker"","
training/verify	training/verify/data/plr_preconditions.json	160345	.json	text	TipTracker	pylabrobot.legacy.tip_tracker.TipTracker (or tree: TipSpot.tip)	medium	yes	"""qualname"": ""TipTracker._pending_tip"","
training/verify	training/verify/data/plr_preconditions.json	160346	.json	text	TipTracker	pylabrobot.legacy.tip_tracker.TipTracker (or tree: TipSpot.tip)	medium	yes	"""class_name"": ""TipTracker"","
training/verify	training/verify/data/plr_preconditions.json	160360	.json	text	TipTracker	pylabrobot.legacy.tip_tracker.TipTracker (or tree: TipSpot.tip)	medium	yes	"""qualname"": ""TipTracker._tip"","
training/verify	training/verify/data/plr_preconditions.json	160361	.json	text	TipTracker	pylabrobot.legacy.tip_tracker.TipTracker (or tree: TipSpot.tip)	medium	yes	"""class_name"": ""TipTracker"","
training/verify	training/verify/data/plr_preconditions.json	160375	.json	text	TipTracker	pylabrobot.legacy.tip_tracker.TipTracker (or tree: TipSpot.tip)	medium	yes	"""qualname"": ""TipTracker._tip"","
training/verify	training/verify/data/plr_preconditions.json	160376	.json	text	TipTracker	pylabrobot.legacy.tip_tracker.TipTracker (or tree: TipSpot.tip)	medium	yes	"""class_name"": ""TipTracker"","
training/verify	training/verify/data/plr_preconditions.json	160391	.json	text	TipTracker	pylabrobot.legacy.tip_tracker.TipTracker (or tree: TipSpot.tip)	medium	yes	"""qualname"": ""TipTracker._hold"","
training/verify	training/verify/data/plr_preconditions.json	160392	.json	text	TipTracker	pylabrobot.legacy.tip_tracker.TipTracker (or tree: TipSpot.tip)	medium	yes	"""class_name"": ""TipTracker"","
training/verify	training/verify/data/plr_preconditions.json	160409	.json	text	TipTracker	pylabrobot.legacy.tip_tracker.TipTracker (or tree: TipSpot.tip)	medium	yes	"""qualname"": ""TipTracker._put"","
training/verify	training/verify/data/plr_preconditions.json	160410	.json	text	TipTracker	pylabrobot.legacy.tip_tracker.TipTracker (or tree: TipSpot.tip)	medium	yes	"""class_name"": ""TipTracker"","
training/verify	training/verify/data/plr_preconditions.json	160448	.json	text	TipTracker	pylabrobot.legacy.tip_tracker.TipTracker (or tree: TipSpot.tip)	medium	yes	"""qualname"": ""TipTracker.is_disabled"","
training/verify	training/verify/data/plr_preconditions.json	160449	.json	text	TipTracker	pylabrobot.legacy.tip_tracker.TipTracker (or tree: TipSpot.tip)	medium	yes	"""class_name"": ""TipTracker"","
training/verify	training/verify/data/plr_preconditions.json	160463	.json	text	TipTracker	pylabrobot.legacy.tip_tracker.TipTracker (or tree: TipSpot.tip)	medium	yes	"""qualname"": ""TipTracker.has_tip"","
training/verify	training/verify/data/plr_preconditions.json	160464	.json	text	TipTracker	pylabrobot.legacy.tip_tracker.TipTracker (or tree: TipSpot.tip)	medium	yes	"""class_name"": ""TipTracker"","
training/verify	training/verify/data/plr_preconditions.json	160478	.json	text	TipTracker	pylabrobot.legacy.tip_tracker.TipTracker (or tree: TipSpot.tip)	medium	yes	"""qualname"": ""TipTracker.get_tip"","
training/verify	training/verify/data/plr_preconditions.json	160479	.json	text	TipTracker	pylabrobot.legacy.tip_tracker.TipTracker (or tree: TipSpot.tip)	medium	yes	"""class_name"": ""TipTracker"","
training/verify	training/verify/data/plr_preconditions.json	160506	.json	text	TipTracker	pylabrobot.legacy.tip_tracker.TipTracker (or tree: TipSpot.tip)	medium	yes	"""qualname"": ""TipTracker.disable"","
training/verify	training/verify/data/plr_preconditions.json	160507	.json	text	TipTracker	pylabrobot.legacy.tip_tracker.TipTracker (or tree: TipSpot.tip)	medium	yes	"""class_name"": ""TipTracker"","
training/verify	training/verify/data/plr_preconditions.json	160529	.json	text	TipTracker	pylabrobot.legacy.tip_tracker.TipTracker (or tree: TipSpot.tip)	medium	yes	"""qualname"": ""TipTracker.enable"","
training/verify	training/verify/data/plr_preconditions.json	160530	.json	text	TipTracker	pylabrobot.legacy.tip_tracker.TipTracker (or tree: TipSpot.tip)	medium	yes	"""class_name"": ""TipTracker"","
training/verify	training/verify/data/plr_preconditions.json	160552	.json	text	TipTracker	pylabrobot.legacy.tip_tracker.TipTracker (or tree: TipSpot.tip)	medium	yes	"""qualname"": ""TipTracker.add_tip"","
training/verify	training/verify/data/plr_preconditions.json	160553	.json	text	TipTracker	pylabrobot.legacy.tip_tracker.TipTracker (or tree: TipSpot.tip)	medium	yes	"""class_name"": ""TipTracker"","
training/verify	training/verify/data/plr_preconditions.json	160596	.json	text	TipTracker	pylabrobot.legacy.tip_tracker.TipTracker (or tree: TipSpot.tip)	medium	yes	"""qualname"": ""TipTracker.remove_tip"","
training/verify	training/verify/data/plr_preconditions.json	160597	.json	text	TipTracker	pylabrobot.legacy.tip_tracker.TipTracker (or tree: TipSpot.tip)	medium	yes	"""class_name"": ""TipTracker"","
training/verify	training/verify/data/plr_preconditions.json	160638	.json	text	TipTracker	pylabrobot.legacy.tip_tracker.TipTracker (or tree: TipSpot.tip)	medium	yes	"""qualname"": ""TipTracker.commit"","
training/verify	training/verify/data/plr_preconditions.json	160639	.json	text	TipTracker	pylabrobot.legacy.tip_tracker.TipTracker (or tree: TipSpot.tip)	medium	yes	"""class_name"": ""TipTracker"","
training/verify	training/verify/data/plr_preconditions.json	160663	.json	text	TipTracker	pylabrobot.legacy.tip_tracker.TipTracker (or tree: TipSpot.tip)	medium	yes	"""qualname"": ""TipTracker.rollback"","
training/verify	training/verify/data/plr_preconditions.json	160664	.json	text	TipTracker	pylabrobot.legacy.tip_tracker.TipTracker (or tree: TipSpot.tip)	medium	yes	"""class_name"": ""TipTracker"","
training/verify	training/verify/data/plr_preconditions.json	160691	.json	text	TipTracker	pylabrobot.legacy.tip_tracker.TipTracker (or tree: TipSpot.tip)	medium	yes	"""qualname"": ""TipTracker.clear"","
training/verify	training/verify/data/plr_preconditions.json	160692	.json	text	TipTracker	pylabrobot.legacy.tip_tracker.TipTracker (or tree: TipSpot.tip)	medium	yes	"""class_name"": ""TipTracker"","
training/verify	training/verify/data/plr_preconditions.json	160708	.json	text	TipTracker	pylabrobot.legacy.tip_tracker.TipTracker (or tree: TipSpot.tip)	medium	yes	"""qualname"": ""TipTracker.serialize"","
training/verify	training/verify/data/plr_preconditions.json	160709	.json	text	TipTracker	pylabrobot.legacy.tip_tracker.TipTracker (or tree: TipSpot.tip)	medium	yes	"""class_name"": ""TipTracker"","
training/verify	training/verify/data/plr_preconditions.json	160739	.json	text	TipTracker	pylabrobot.legacy.tip_tracker.TipTracker (or tree: TipSpot.tip)	medium	yes	"""qualname"": ""TipTracker.load_state"","
training/verify	training/verify/data/plr_preconditions.json	160740	.json	text	TipTracker	pylabrobot.legacy.tip_tracker.TipTracker (or tree: TipSpot.tip)	medium	yes	"""class_name"": ""TipTracker"","
training/verify	training/verify/data/plr_preconditions.json	160788	.json	text	TipTracker	pylabrobot.legacy.tip_tracker.TipTracker (or tree: TipSpot.tip)	medium	yes	"""qualname"": ""TipTracker.get_tip_origin"","
training/verify	training/verify/data/plr_preconditions.json	160789	.json	text	TipTracker	pylabrobot.legacy.tip_tracker.TipTracker (or tree: TipSpot.tip)	medium	yes	"""class_name"": ""TipTracker"","
training/verify	training/verify/data/plr_preconditions.json	160803	.json	text	TipTracker	pylabrobot.legacy.tip_tracker.TipTracker (or tree: TipSpot.tip)	medium	yes	"""qualname"": ""TipTracker.__repr__"","
training/verify	training/verify/data/plr_preconditions.json	160804	.json	text	TipTracker	pylabrobot.legacy.tip_tracker.TipTracker (or tree: TipSpot.tip)	medium	yes	"""class_name"": ""TipTracker"","
training/verify	training/verify/data/plr_preconditions.json	160818	.json	text	TipTracker	pylabrobot.legacy.tip_tracker.TipTracker (or tree: TipSpot.tip)	medium	yes	"""qualname"": ""TipTracker.register_callback"","
training/verify	training/verify/data/plr_preconditions.json	160819	.json	text	TipTracker	pylabrobot.legacy.tip_tracker.TipTracker (or tree: TipSpot.tip)	medium	yes	"""class_name"": ""TipTracker"","
training/verify	training/verify/data/plr_preconditions.json	162558	.json	text	AGenBio_4_troughplate_75000_Vb	AGenBio_4_troughplate_75000uL_Vb	medium	yes	"""qualname"": ""AGenBio_4_troughplate_75000_Vb"","
training/verify	training/verify/data/plr_preconditions.json	162582	.json	text	AGenBio_1_wellplate_Fl	AGenBio_1_troughplate_190000uL_Fl	medium	yes	"""qualname"": ""AGenBio_1_wellplate_Fl"","
training/verify	training/verify/data/plr_preconditions.json	162638	.json	text	AGenBio_1_troughplate_100000uL_Fl	agenbio_1_troughplate_100mL_Fl	medium	yes	"""qualname"": ""AGenBio_1_troughplate_100000uL_Fl"","
training/verify	training/verify/data/plr_preconditions.json	162662	.json	text	AGenBio_1_troughplate_190000uL_Fl	agenbio_1_troughplate_190mL_Fl	medium	yes	"""qualname"": ""AGenBio_1_troughplate_190000uL_Fl"","
training/verify	training/verify/data/plr_preconditions.json	162686	.json	text	AGenBio_4_troughplate_75000uL_Vb	agenbio_4_troughplate_75mL_Vb	medium	yes	"""qualname"": ""AGenBio_4_troughplate_75000uL_Vb"","
training/verify	training/verify/data/plr_preconditions.json	162710	.json	text	AGenBio_96_wellplate_Ub_2200ul	agenbio_96_wellplate_Ub_2200uL	medium	yes	"""qualname"": ""AGenBio_96_wellplate_Ub_2200ul"","
training/verify	training/verify/data/plr_preconditions.json	162805	.json	text	agilent_96_wellplate_150uL_Ub	agilent_96_wellplate_150uL_Vb	medium	yes	"""qualname"": ""agilent_96_wellplate_150uL_Ub"","
training/verify	training/verify/data/plr_preconditions.json	162843	.json	text	Agilent_2_reservoir_144mL_Vb	agilent_2_reservoir_144mL_Vb	medium	yes	"""qualname"": ""Agilent_2_reservoir_144mL_Vb"","
training/verify	training/verify/data/plr_preconditions.json	162881	.json	text	Alpaqua_96_magnum_flx	alpaqua_96_plateadapter_magnum_flx	medium	yes	"""qualname"": ""Alpaqua_96_magnum_flx"","
training/verify	training/verify/data/plr_preconditions.json	162962	.json	text	Azenta4titudeFrameStar_96_wellplate_200ul_Vb	azenta_96_wellplate_200uL_Vb_4titudeframestar	medium	yes	"""qualname"": ""Azenta4titudeFrameStar_96_wellplate_200ul_Vb"","
training/verify	training/verify/data/plr_preconditions.json	163046	.json	text	BioRad_384_wellplate_50uL_Vb	biorad_384_wellplate_50uL_Vb	medium	yes	"""qualname"": ""BioRad_384_wellplate_50uL_Vb"","
training/verify	training/verify/data/plr_preconditions.json	163144	.json	text	BTX_96_wellplate_125ul_Fb_2mm	btx_96_wellplate_125uL_Fb_2mm	medium	yes	"""qualname"": ""BTX_96_wellplate_125ul_Fb_2mm"","
training/verify	training/verify/data/plr_preconditions.json	164112	.json	text	CellTreat_12_troughplate_15000ul_Vb	celltreat_12_troughplate_15mL_Vb	medium	yes	"""qualname"": ""CellTreat_12_troughplate_15000ul_Vb"","
training/verify	training/verify/data/plr_preconditions.json	164135	.json	text	CellTreat_24_wellplate_3300ul_Fb	celltreat_24_wellplate_3300uL_Fb	medium	yes	"""qualname"": ""CellTreat_24_wellplate_3300ul_Fb"","
training/verify	training/verify/data/plr_preconditions.json	164159	.json	text	CellTreat_6_wellplate_16300ul_Fb	celltreat_6_wellplate_16300uL_Fb	medium	yes	"""qualname"": ""CellTreat_6_wellplate_16300ul_Fb"","
training/verify	training/verify/data/plr_preconditions.json	164183	.json	text	CellTreat_96_wellplate_350ul_Fb	celltreat_96_wellplate_350uL_Fb	medium	yes	"""qualname"": ""CellTreat_96_wellplate_350ul_Fb"","
training/verify	training/verify/data/plr_preconditions.json	164206	.json	text	CellTreat_96_wellplate_350ul_Ub	celltreat_96_wellplate_350uL_Ub	medium	yes	"""qualname"": ""CellTreat_96_wellplate_350ul_Ub"","
training/verify	training/verify/data/plr_preconditions.json	164230	.json	text	CellTreat_6_wellplate_16300ul_Fb_Lid	celltreat_6_wellplate_16300uL_Fb_lid	medium	yes	"""qualname"": ""CellTreat_6_wellplate_16300ul_Fb_Lid"","
training/verify	training/verify/data/plr_preconditions.json	164253	.json	text	CellTreat_24_wellplate_3300ul_Fb_Lid	celltreat_24_wellplate_3300uL_Fb_lid	medium	yes	"""qualname"": ""CellTreat_24_wellplate_3300ul_Fb_Lid"","
training/verify	training/verify/data/plr_preconditions.json	164276	.json	text	CellTreat_96_wellplate_350ul_Ub_Lid	celltreat_96_wellplate_350uL_Ub_lid	medium	yes	"""qualname"": ""CellTreat_96_wellplate_350ul_Ub_Lid"","
training/verify	training/verify/data/plr_preconditions.json	164314	.json	text	celltreat_15000ul_centrifuge_tube_Vb	celltreat_tube_15mL_Vb	medium	yes	"""qualname"": ""celltreat_15000ul_centrifuge_tube_Vb"","
training/verify	training/verify/data/plr_preconditions.json	164403	.json	text	CellVis_24_wellplate_3600uL_Fb_Lid	cellvis_24_wellplate_3600uL_Fb_lid	medium	yes	"""qualname"": ""CellVis_24_wellplate_3600uL_Fb_Lid"","
training/verify	training/verify/data/plr_preconditions.json	164426	.json	text	CellVis_24_wellplate_3600uL_Fb	cellvis_24_wellplate_3600uL_Fb	medium	yes	"""qualname"": ""CellVis_24_wellplate_3600uL_Fb"","
training/verify	training/verify/data/plr_preconditions.json	164450	.json	text	CellVis_96_wellplate_350uL_Fb_Lid	cellvis_96_wellplate_350uL_Fb_lid	medium	yes	"""qualname"": ""CellVis_96_wellplate_350uL_Fb_Lid"","
training/verify	training/verify/data/plr_preconditions.json	164473	.json	text	CellVis_96_wellplate_350uL_Fb	cellvis_96_wellplate_350uL_Fb	medium	yes	"""qualname"": ""CellVis_96_wellplate_350uL_Fb"","
training/verify	training/verify/data/plr_preconditions.json	165623	.json	text	Cor_Axy_24_wellplate_10mL_Vb	cor_axy_24_wellplate_10mL_Vb	medium	yes	"""qualname"": ""Cor_Axy_24_wellplate_10mL_Vb"","
training/verify	training/verify/data/plr_preconditions.json	165647	.json	text	Cor_Axy_96_wellplate_500uL_Ub	cor_axy_96_wellplate_500uL_Ub	medium	yes	"""qualname"": ""Cor_Axy_96_wellplate_500uL_Ub"","
training/verify	training/verify/data/plr_preconditions.json	165750	.json	text	Cor_Cos_12_wellplate_6900ul_Fb	cor_cos_12_wellplate_6900uL_Fb	medium	yes	"""qualname"": ""Cor_Cos_12_wellplate_6900ul_Fb"","
training/verify	training/verify/data/plr_preconditions.json	165774	.json	text	Cor_Cos_24_wellplate_3470ul_Fb	cor_cos_24_wellplate_3470uL_Fb	medium	yes	"""qualname"": ""Cor_Cos_24_wellplate_3470ul_Fb"","
training/verify	training/verify/data/plr_preconditions.json	165798	.json	text	Cor_Cos_48_wellplate_1620ul_Fb	cor_cos_48_wellplate_1620uL_Fb	medium	yes	"""qualname"": ""Cor_Cos_48_wellplate_1620ul_Fb"","
training/verify	training/verify/data/plr_preconditions.json	165822	.json	text	Cor_Cos_6_wellplate_16800ul_Fb	cor_cos_6_wellplate_16800uL_Fb	medium	yes	"""qualname"": ""Cor_Cos_6_wellplate_16800ul_Fb"","
training/verify	training/verify/data/plr_preconditions.json	165846	.json	text	Cor_Cos_6_wellplate_16800ul_Fb_Lid	cor_cos_6_wellplate_16800uL_Fb_lid	medium	yes	"""qualname"": ""Cor_Cos_6_wellplate_16800ul_Fb_Lid"","
training/verify	training/verify/data/plr_preconditions.json	165917	.json	text	Cor_Falcon_96_wellplate_250ul_Rb	cor_falcon_96_wellplate_250uL_Rb	medium	yes	"""qualname"": ""Cor_Falcon_96_wellplate_250ul_Rb"","
training/verify	training/verify/data/plr_preconditions.json	165941	.json	text	Cor_Falcon_96_wellplate_275ul_Fb	cor_falcon_96_wellplate_275uL_Fb	medium	yes	"""qualname"": ""Cor_Falcon_96_wellplate_275ul_Fb"","
training/verify	training/verify/data/plr_preconditions.json	165965	.json	text	Cor_Falcon_96_wellplate_340ul_Fb_Black	cor_falcon_96_wellplate_340uL_Fb_black	medium	yes	"""qualname"": ""Cor_Falcon_96_wellplate_340ul_Fb_Black"","
training/verify	training/verify/data/plr_preconditions.json	166034	.json	text	Cor_Falcon_tube_14mL_Rb	cor_falcon_tube_14mL_Rb	medium	yes	"""qualname"": ""Cor_Falcon_tube_14mL_Rb"","
training/verify	training/verify/data/plr_preconditions.json	166057	.json	text	Cor_Falcon_tube_15mL_Vb	cor_falcon_tube_15mL_Vb	medium	yes	"""qualname"": ""Cor_Falcon_tube_15mL_Vb"","
training/verify	training/verify/data/plr_preconditions.json	166080	.json	text	Cor_Falcon_tube_50mL_Vb	cor_falcon_tube_50mL_Vb	medium	yes	"""qualname"": ""Cor_Falcon_tube_50mL_Vb"","
training/verify	training/verify/data/plr_preconditions.json	166207	.json	text	Cor_96_wellplate_2mL_Vb	cor_96_wellplate_2mL_Vb	medium	yes	"""qualname"": ""Cor_96_wellplate_2mL_Vb"","
training/verify	training/verify/data/plr_preconditions.json	166231	.json	text	Cor_96_wellplate_360ul_Fb	cor_96_wellplate_360uL_Fb	medium	yes	"""qualname"": ""Cor_96_wellplate_360ul_Fb"","
training/verify	training/verify/data/plr_preconditions.json	166255	.json	text	Cor_96_wellplate_360ul_Fb_Lid	cor_96_wellplate_360uL_Fb_lid	medium	yes	"""qualname"": ""Cor_96_wellplate_360ul_Fb_Lid"","
training/verify	training/verify/data/plr_preconditions.json	167044	.json	text	Eppendorf_DNA_LoBind_1_5ml_Vb	eppendorf_tube_1500uL_Vb	medium	yes	"""qualname"": ""Eppendorf_DNA_LoBind_1_5ml_Vb"","
training/verify	training/verify/data/plr_preconditions.json	167068	.json	text	Eppendorf_Protein_LoBind_1_5ml_Vb	eppendorf_tube_1500uL_Vb	medium	yes	"""qualname"": ""Eppendorf_Protein_LoBind_1_5ml_Vb"","
training/verify	training/verify/data/plr_preconditions.json	167554	.json	text	prep_core_gripper_mount	prep_core_gripper_holder	medium	yes	"""qualname"": ""prep_core_gripper_mount"","
training/verify	training/verify/data/plr_preconditions.json	167700	.json	text	rails_for_x_coordinate	track_for_x_coordinate	medium	yes	"""qualname"": ""rails_for_x_coordinate"","
training/verify	training/verify/data/plr_preconditions.json	167730	.json	text	num_rails	num_tracks	medium	yes	"""num_rails"""
training/verify	training/verify/data/plr_preconditions.json	167735	.json	text	num_rails	num_tracks	medium	yes	"""condition"": ""num_rails is not None"","
training/verify	training/verify/data/plr_preconditions.json	167738	.json	text	num_rails	num_tracks	medium	yes	"""if num_rails is not None"","
training/verify	training/verify/data/plr_preconditions.json	167746	.json	text	num_rails	num_tracks	medium	yes	"""condition"": ""num_rails is None"","
training/verify	training/verify/data/plr_preconditions.json	167749	.json	text	num_rails	num_tracks	medium	yes	"""if num_rails is None"""
training/verify	training/verify/data/plr_preconditions.json	167781	.json	text	num_rails	num_tracks	medium	yes	"""num_rails"","
training/verify	training/verify/data/plr_preconditions.json	167787	.json	text	rails_to_location	track_to_location	medium	yes	"o_location is HamiltonDeck.track_to_location and type(self).rails_to_location is HamiltonDeck.rails_to_location"","
training/verify	training/verify/data/plr_preconditions.json	167787	.json	text	rails_to_location	track_to_location	medium	yes	"o_location and type(self).rails_to_location is HamiltonDeck.rails_to_location"","
training/verify	training/verify/data/plr_preconditions.json	167790	.json	text	rails_to_location	track_to_location	medium	yes	"o_location is HamiltonDeck.track_to_location and type(self).rails_to_location is HamiltonDeck.rails_to_location"""
training/verify	training/verify/data/plr_preconditions.json	167790	.json	text	rails_to_location	track_to_location	medium	yes	"o_location and type(self).rails_to_location is HamiltonDeck.rails_to_location"""
training/verify	training/verify/data/plr_preconditions.json	167863	.json	text	rails_to_location	track_to_location	medium	yes	"""rails_to_location"""
training/verify	training/verify/data/plr_preconditions.json	167870	.json	text	rails_to_location	track_to_location	medium	yes	"""qualname"": ""HamiltonDeck.rails_to_location"","
training/verify	training/verify/data/plr_preconditions.json	167894	.json	text	num_rails	num_tracks	medium	yes	"""qualname"": ""HamiltonDeck.num_rails"","
training/verify	training/verify/data/plr_preconditions.json	168537	.json	text	MFX_CAR_L5_base	hamilton_mfx_carrier_L5_base	medium	yes	"""qualname"": ""MFX_CAR_L5_base"","
training/verify	training/verify/data/plr_preconditions.json	168576	.json	text	MFX_TIP_module	hamilton_mfx_tiprackholder_standard	medium	yes	"""qualname"": ""MFX_TIP_module"","
training/verify	training/verify/data/plr_preconditions.json	168659	.json	text	Hamilton_MFX_plateholder_DWP_metal_tapped	hamilton_mfx_plateholder_DWP_metal_tapped	medium	yes	"""qualname"": ""Hamilton_MFX_plateholder_DWP_metal_tapped"","
training/verify	training/verify/data/plr_preconditions.json	168682	.json	text	MFX_DWP_rackbased_module	hamilton_mfx_plateholder_DWP_flat	medium	yes	"""qualname"": ""MFX_DWP_rackbased_module"","
training/verify	training/verify/data/plr_preconditions.json	168725	.json	text	num_rails	num_tracks	medium	yes	"""num_rails"","
training/verify	training/verify/data/plr_preconditions.json	168939	.json	text	num_rails	num_tracks	medium	yes	"""num_rails"","
training/verify	training/verify/data/plr_preconditions.json	169713	.json	text	PLT_CAR_L5AC_A00	hamilton_plate_carrier_L5_ac	medium	yes	"""qualname"": ""PLT_CAR_L5AC_A00"","
training/verify	training/verify/data/plr_preconditions.json	170221	.json	text	num_rails	num_tracks	medium	yes	"""num_rails"","
training/verify	training/verify/data/plr_preconditions.json	170222	.json	text	with_teaching_rack	with_teaching_needle_rack	medium	yes	"""with_teaching_rack"""
training/verify	training/verify/data/plr_preconditions.json	170272	.json	text	with_teaching_rack	with_teaching_needle_rack	medium	yes	"""if with_teaching_rack is not None"""
training/verify	training/verify/data/plr_preconditions.json	170468	.json	text	with_teaching_rack	with_teaching_needle_rack	medium	yes	"""with_teaching_rack"""
training/verify	training/verify/data/plr_preconditions.json	170489	.json	text	with_teaching_rack	with_teaching_needle_rack	medium	yes	"""with_teaching_rack"""
training/verify	training/verify/data/plr_preconditions.json	170510	.json	text	with_teaching_rack	with_teaching_needle_rack	medium	yes	"""with_teaching_rack"""
training/verify	training/verify/data/plr_preconditions.json	170729	.json	text	TIP_CAR_NTR_A00	hamilton_tip_carrier_L5_ntr_a00	medium	yes	"""qualname"": ""TIP_CAR_NTR_A00"","
training/verify	training/verify/data/plr_preconditions.json	170752	.json	text	TIP_CAR_480	hamilton_tip_carrier_L5	medium	yes	"""qualname"": ""TIP_CAR_480"","
training/verify	training/verify/data/plr_preconditions.json	170775	.json	text	TIP_CAR_480BC_A00	hamilton_tip_carrier_L5	medium	yes	"""qualname"": ""TIP_CAR_480BC_A00"","
training/verify	training/verify/data/plr_preconditions.json	170798	.json	text	TIP_CAR_480_A00	hamilton_tip_carrier_L5	medium	yes	"""qualname"": ""TIP_CAR_480_A00"","
training/verify	training/verify/data/plr_preconditions.json	170936	.json	text	standard_volume_tip_no_filter	hamilton_tip_300uL	medium	yes	"""qualname"": ""standard_volume_tip_no_filter"","
training/verify	training/verify/data/plr_preconditions.json	170959	.json	text	standard_volume_tip_with_filter	hamilton_tip_300uL_filter	medium	yes	"""qualname"": ""standard_volume_tip_with_filter"","
training/verify	training/verify/data/plr_preconditions.json	170982	.json	text	slim_standard_volume_tip_with_filter	hamilton_tip_300uL_filter_slim	medium	yes	"""qualname"": ""slim_standard_volume_tip_with_filter"","
training/verify	training/verify/data/plr_preconditions.json	171005	.json	text	ultrawide_standard_volume_tip_with_filter	hamilton_tip_300uL_filter_ultrawide	medium	yes	"""qualname"": ""ultrawide_standard_volume_tip_with_filter"","
training/verify	training/verify/data/plr_preconditions.json	171028	.json	text	low_volume_tip_no_filter	hamilton_tip_10uL	medium	yes	"""qualname"": ""low_volume_tip_no_filter"","
training/verify	training/verify/data/plr_preconditions.json	171051	.json	text	low_volume_tip_with_filter	hamilton_tip_10uL_filter	medium	yes	"""qualname"": ""low_volume_tip_with_filter"","
training/verify	training/verify/data/plr_preconditions.json	171074	.json	text	high_volume_tip_no_filter	hamilton_tip_1000uL	medium	yes	"""qualname"": ""high_volume_tip_no_filter"","
training/verify	training/verify/data/plr_preconditions.json	171097	.json	text	high_volume_tip_with_filter	hamilton_tip_1000uL_filter	medium	yes	"""qualname"": ""high_volume_tip_with_filter"","
training/verify	training/verify/data/plr_preconditions.json	171120	.json	text	wide_high_volume_tip_with_filter	hamilton_tip_1000uL_filter_wide	medium	yes	"""qualname"": ""wide_high_volume_tip_with_filter"","
training/verify	training/verify/data/plr_preconditions.json	171143	.json	text	ultrawide_high_volume_tip_with_filter	hamilton_tip_1000uL_filter_ultrawide	medium	yes	"""qualname"": ""ultrawide_high_volume_tip_with_filter"","
training/verify	training/verify/data/plr_preconditions.json	171166	.json	text	four_ml_tip_with_filter	hamilton_tip_4000uL_filter	medium	yes	"""qualname"": ""four_ml_tip_with_filter"","
training/verify	training/verify/data/plr_preconditions.json	171189	.json	text	five_ml_tip_with_filter	hamilton_tip_5000uL_filter	medium	yes	"""qualname"": ""five_ml_tip_with_filter"","
training/verify	training/verify/data/plr_preconditions.json	171212	.json	text	five_ml_tip	hamilton_tip_5000uL	medium	yes	"""qualname"": ""five_ml_tip"","
training/verify	training/verify/data/plr_preconditions.json	171235	.json	text	fifty_ul_tip_with_filter	hamilton_tip_50uL_filter	medium	yes	"""qualname"": ""fifty_ul_tip_with_filter"","
training/verify	training/verify/data/plr_preconditions.json	171258	.json	text	fifty_ul_tip_no_filter	hamilton_tip_50uL	medium	yes	"""qualname"": ""fifty_ul_tip_no_filter"","
training/verify	training/verify/data/plr_preconditions.json	171929	.json	text	hamilton_tiprack_standard	hamilton_96_tiprack_standard	medium	yes	"""qualname"": ""hamilton_tiprack_standard"","
training/verify	training/verify/data/plr_preconditions.json	172245	.json	text	Hamilton_1_trough_200ml_Vb	hamilton_1_trough_200mL_Vb	medium	yes	"""qualname"": ""Hamilton_1_trough_200ml_Vb"","
training/verify	training/verify/data/plr_preconditions.json	172268	.json	text	hamilton_1_trough_200ml_Vb	hamilton_1_trough_200mL_Vb	medium	yes	"""qualname"": ""hamilton_1_trough_200ml_Vb"","
training/verify	training/verify/data/plr_preconditions.json	172291	.json	text	hamilton_1_trough_60ml_Vb	hamilton_1_trough_60mL_Vb	medium	yes	"""qualname"": ""hamilton_1_trough_60ml_Vb"","
training/verify	training/verify/data/plr_preconditions.json	172329	.json	text	Tube_CAR_32_A00	hamilton_tube_carrier_32_a00_insert_eppendorf_1_5mL	medium	yes	"""qualname"": ""Tube_CAR_32_A00"","
training/verify	training/verify/data/plr_preconditions.json	172477	.json	text	num_rails	num_tracks	medium	yes	"""for key in ['size_x', 'size_y', 'size_z', 'num_rails']"""
training/verify	training/verify/data/plr_preconditions.json	176500	.json	text	set_well_liquids	set_well_volumes	medium	yes	"""qualname"": ""Plate.set_well_liquids"","
training/verify	training/verify/data/plr_preconditions.json	181827	.json	text	num_rails	num_tracks	medium	yes	"""num_rails"","
training/verify	training/verify/data/plr_preconditions.json	181888	.json	text	num_rails	num_tracks	medium	yes	"""condition"": ""rails is not None and (not 1 <= rails <= self.num_rails)"","
training/verify	training/verify/data/plr_preconditions.json	181891	.json	text	num_rails	num_tracks	medium	yes	"""if rails is not None and (not 1 <= rails <= self.num_rails)"""
training/verify	training/verify/data/plr_preconditions.json	186435	.json	text	disable_tip_trackers	disable_tip_tracking	medium	yes	"""qualname"": ""TipRack.disable_tip_trackers"","
training/verify	training/verify/data/plr_preconditions.json	186458	.json	text	enable_tip_trackers	enable_tip_tracking	medium	yes	"""qualname"": ""TipRack.enable_tip_trackers"","
training/verify	training/verify/data/plr_preconditions.json	186663	.json	text	NestedTipRack	StandingTipRack	medium	yes	"""qualname"": ""NestedTipRack.__init__"","
training/verify	training/verify/data/plr_preconditions.json	186664	.json	text	NestedTipRack	StandingTipRack	medium	yes	"""class_name"": ""NestedTipRack"","
training/verify	training/verify/data/plr_preconditions.json	186701	.json	text	NestedTipRack	StandingTipRack	medium	yes	"""qualname"": ""NestedTipRack.assign_child_resource"","
training/verify	training/verify/data/plr_preconditions.json	186702	.json	text	NestedTipRack	StandingTipRack	medium	yes	"""class_name"": ""NestedTipRack"","
training/verify	training/verify/data/plr_preconditions.json	186719	.json	text	NestedTipRack	StandingTipRack	medium	yes	"""else of: if isinstance(resource, NestedTipRack)"""
training/verify	training/verify/data/plr_preconditions.json	186840	.json	text	TipTracker	pylabrobot.legacy.tip_tracker.TipTracker (or tree: TipSpot.tip)	medium	yes	"""if name in ('TipTracker', 'TrackerCallback')"""
training/verify	training/verify/data/plr_preconditions.json	186840	.json	text	TrackerCallback	pylabrobot.legacy.tip_tracker.TrackerCallback	medium	yes	"""if name in ('TipTracker', 'TrackerCallback')"""
training/verify	training/verify/data/plr_preconditions.upstream_nonlegacy.json	28409	.json	text	rails_to_location	track_to_location	medium	yes	"""cast(HamiltonDeck, self.machine.deck).rails_to_location"""
training/verify	training/verify/data/plr_preconditions.upstream_nonlegacy.json	28555	.json	text	rails_to_location	track_to_location	medium	yes	"""deck.rails_to_location"","
training/verify	training/verify/data/plr_preconditions.upstream_nonlegacy.json	52093	.json	text	AGenBio_4_troughplate_75000_Vb	AGenBio_4_troughplate_75000uL_Vb	medium	yes	"""qualname"": ""AGenBio_4_troughplate_75000_Vb"","
training/verify	training/verify/data/plr_preconditions.upstream_nonlegacy.json	52112	.json	text	AGenBio_1_wellplate_Fl	AGenBio_1_troughplate_190000uL_Fl	medium	yes	"""qualname"": ""AGenBio_1_wellplate_Fl"","
training/verify	training/verify/data/plr_preconditions.upstream_nonlegacy.json	52161	.json	text	AGenBio_1_troughplate_100000uL_Fl	agenbio_1_troughplate_100mL_Fl	medium	yes	"""qualname"": ""AGenBio_1_troughplate_100000uL_Fl"","
training/verify	training/verify/data/plr_preconditions.upstream_nonlegacy.json	52180	.json	text	AGenBio_1_troughplate_190000uL_Fl	agenbio_1_troughplate_190mL_Fl	medium	yes	"""qualname"": ""AGenBio_1_troughplate_190000uL_Fl"","
training/verify	training/verify/data/plr_preconditions.upstream_nonlegacy.json	52199	.json	text	AGenBio_4_troughplate_75000uL_Vb	agenbio_4_troughplate_75mL_Vb	medium	yes	"""qualname"": ""AGenBio_4_troughplate_75000uL_Vb"","
training/verify	training/verify/data/plr_preconditions.upstream_nonlegacy.json	52218	.json	text	AGenBio_96_wellplate_Ub_2200ul	agenbio_96_wellplate_Ub_2200uL	medium	yes	"""qualname"": ""AGenBio_96_wellplate_Ub_2200ul"","
training/verify	training/verify/data/plr_preconditions.upstream_nonlegacy.json	52305	.json	text	agilent_96_wellplate_150uL_Ub	agilent_96_wellplate_150uL_Vb	medium	yes	"""qualname"": ""agilent_96_wellplate_150uL_Ub"","
training/verify	training/verify/data/plr_preconditions.upstream_nonlegacy.json	52337	.json	text	Agilent_2_reservoir_144mL_Vb	agilent_2_reservoir_144mL_Vb	medium	yes	"""qualname"": ""Agilent_2_reservoir_144mL_Vb"","
training/verify	training/verify/data/plr_preconditions.upstream_nonlegacy.json	52369	.json	text	Alpaqua_96_magnum_flx	alpaqua_96_plateadapter_magnum_flx	medium	yes	"""qualname"": ""Alpaqua_96_magnum_flx"","
training/verify	training/verify/data/plr_preconditions.upstream_nonlegacy.json	52442	.json	text	Azenta4titudeFrameStar_96_wellplate_200ul_Vb	azenta_96_wellplate_200uL_Vb_4titudeframestar	medium	yes	"""qualname"": ""Azenta4titudeFrameStar_96_wellplate_200ul_Vb"","
training/verify	training/verify/data/plr_preconditions.upstream_nonlegacy.json	52503	.json	text	BioER_96_wellplate_Vb_2200uL	bioer_96_wellplate_2200uL_Vb	medium	yes	"""qualname"": ""BioER_96_wellplate_Vb_2200uL"","
training/verify	training/verify/data/plr_preconditions.upstream_nonlegacy.json	52535	.json	text	BioRad_384_wellplate_50uL_Vb	biorad_384_wellplate_50uL_Vb	medium	yes	"""qualname"": ""BioRad_384_wellplate_50uL_Vb"","
training/verify	training/verify/data/plr_preconditions.upstream_nonlegacy.json	52623	.json	text	BTX_96_wellplate_125ul_Fb_2mm	btx_96_wellplate_125uL_Fb_2mm	medium	yes	"""qualname"": ""BTX_96_wellplate_125ul_Fb_2mm"","
training/verify	training/verify/data/plr_preconditions.upstream_nonlegacy.json	53412	.json	text	CellTreat_12_troughplate_15000ul_Vb	celltreat_12_troughplate_15mL_Vb	medium	yes	"""qualname"": ""CellTreat_12_troughplate_15000ul_Vb"","
training/verify	training/verify/data/plr_preconditions.upstream_nonlegacy.json	53430	.json	text	CellTreat_24_wellplate_3300ul_Fb	celltreat_24_wellplate_3300uL_Fb	medium	yes	"""qualname"": ""CellTreat_24_wellplate_3300ul_Fb"","
training/verify	training/verify/data/plr_preconditions.upstream_nonlegacy.json	53449	.json	text	CellTreat_6_wellplate_16300ul_Fb	celltreat_6_wellplate_16300uL_Fb	medium	yes	"""qualname"": ""CellTreat_6_wellplate_16300ul_Fb"","
training/verify	training/verify/data/plr_preconditions.upstream_nonlegacy.json	53468	.json	text	CellTreat_96_wellplate_350ul_Fb	celltreat_96_wellplate_350uL_Fb	medium	yes	"""qualname"": ""CellTreat_96_wellplate_350ul_Fb"","
training/verify	training/verify/data/plr_preconditions.upstream_nonlegacy.json	53486	.json	text	CellTreat_96_wellplate_350ul_Ub	celltreat_96_wellplate_350uL_Ub	medium	yes	"""qualname"": ""CellTreat_96_wellplate_350ul_Ub"","
training/verify	training/verify/data/plr_preconditions.upstream_nonlegacy.json	53505	.json	text	CellTreat_6_wellplate_16300ul_Fb_Lid	celltreat_6_wellplate_16300uL_Fb_lid	medium	yes	"""qualname"": ""CellTreat_6_wellplate_16300ul_Fb_Lid"","
training/verify	training/verify/data/plr_preconditions.upstream_nonlegacy.json	53523	.json	text	CellTreat_24_wellplate_3300ul_Fb_Lid	celltreat_24_wellplate_3300uL_Fb_lid	medium	yes	"""qualname"": ""CellTreat_24_wellplate_3300ul_Fb_Lid"","
training/verify	training/verify/data/plr_preconditions.upstream_nonlegacy.json	53541	.json	text	CellTreat_96_wellplate_350ul_Ub_Lid	celltreat_96_wellplate_350uL_Ub_lid	medium	yes	"""qualname"": ""CellTreat_96_wellplate_350ul_Ub_Lid"","
training/verify	training/verify/data/plr_preconditions.upstream_nonlegacy.json	53573	.json	text	celltreat_15000ul_centrifuge_tube_Vb	celltreat_tube_15mL_Vb	medium	yes	"""qualname"": ""celltreat_15000ul_centrifuge_tube_Vb"","
training/verify	training/verify/data/plr_preconditions.upstream_nonlegacy.json	53653	.json	text	CellVis_24_wellplate_3600uL_Fb_Lid	cellvis_24_wellplate_3600uL_Fb_lid	medium	yes	"""qualname"": ""CellVis_24_wellplate_3600uL_Fb_Lid"","
training/verify	training/verify/data/plr_preconditions.upstream_nonlegacy.json	53671	.json	text	CellVis_24_wellplate_3600uL_Fb	cellvis_24_wellplate_3600uL_Fb	medium	yes	"""qualname"": ""CellVis_24_wellplate_3600uL_Fb"","
training/verify	training/verify/data/plr_preconditions.upstream_nonlegacy.json	53690	.json	text	CellVis_96_wellplate_350uL_Fb_Lid	cellvis_96_wellplate_350uL_Fb_lid	medium	yes	"""qualname"": ""CellVis_96_wellplate_350uL_Fb_Lid"","
training/verify	training/verify/data/plr_preconditions.upstream_nonlegacy.json	53708	.json	text	CellVis_96_wellplate_350uL_Fb	cellvis_96_wellplate_350uL_Fb	medium	yes	"""qualname"": ""CellVis_96_wellplate_350uL_Fb"","
training/verify	training/verify/data/plr_preconditions.upstream_nonlegacy.json	54678	.json	text	Cor_Axy_24_wellplate_10mL_Vb	cor_axy_24_wellplate_10mL_Vb	medium	yes	"""qualname"": ""Cor_Axy_24_wellplate_10mL_Vb"","
training/verify	training/verify/data/plr_preconditions.upstream_nonlegacy.json	54697	.json	text	Cor_Axy_96_wellplate_500uL_Ub	cor_axy_96_wellplate_500uL_Ub	medium	yes	"""qualname"": ""Cor_Axy_96_wellplate_500uL_Ub"","
training/verify	training/verify/data/plr_preconditions.upstream_nonlegacy.json	54790	.json	text	Cor_Cos_12_wellplate_6900ul_Fb	cor_cos_12_wellplate_6900uL_Fb	medium	yes	"""qualname"": ""Cor_Cos_12_wellplate_6900ul_Fb"","
training/verify	training/verify/data/plr_preconditions.upstream_nonlegacy.json	54809	.json	text	Cor_Cos_24_wellplate_3470ul_Fb	cor_cos_24_wellplate_3470uL_Fb	medium	yes	"""qualname"": ""Cor_Cos_24_wellplate_3470ul_Fb"","
training/verify	training/verify/data/plr_preconditions.upstream_nonlegacy.json	54828	.json	text	Cor_Cos_48_wellplate_1620ul_Fb	cor_cos_48_wellplate_1620uL_Fb	medium	yes	"""qualname"": ""Cor_Cos_48_wellplate_1620ul_Fb"","
training/verify	training/verify/data/plr_preconditions.upstream_nonlegacy.json	54847	.json	text	Cor_Cos_6_wellplate_16800ul_Fb	cor_cos_6_wellplate_16800uL_Fb	medium	yes	"""qualname"": ""Cor_Cos_6_wellplate_16800ul_Fb"","
training/verify	training/verify/data/plr_preconditions.upstream_nonlegacy.json	54866	.json	text	Cor_Cos_6_wellplate_16800ul_Fb_Lid	cor_cos_6_wellplate_16800uL_Fb_lid	medium	yes	"""qualname"": ""Cor_Cos_6_wellplate_16800ul_Fb_Lid"","
training/verify	training/verify/data/plr_preconditions.upstream_nonlegacy.json	54929	.json	text	Cor_Falcon_96_wellplate_250ul_Rb	cor_falcon_96_wellplate_250uL_Rb	medium	yes	"""qualname"": ""Cor_Falcon_96_wellplate_250ul_Rb"","
training/verify	training/verify/data/plr_preconditions.upstream_nonlegacy.json	54948	.json	text	Cor_Falcon_96_wellplate_275ul_Fb	cor_falcon_96_wellplate_275uL_Fb	medium	yes	"""qualname"": ""Cor_Falcon_96_wellplate_275ul_Fb"","
training/verify	training/verify/data/plr_preconditions.upstream_nonlegacy.json	54967	.json	text	Cor_Falcon_96_wellplate_340ul_Fb_Black	cor_falcon_96_wellplate_340uL_Fb_black	medium	yes	"""qualname"": ""Cor_Falcon_96_wellplate_340ul_Fb_Black"","
training/verify	training/verify/data/plr_preconditions.upstream_nonlegacy.json	55028	.json	text	Cor_Falcon_tube_14mL_Rb	cor_falcon_tube_14mL_Rb	medium	yes	"""qualname"": ""Cor_Falcon_tube_14mL_Rb"","
training/verify	training/verify/data/plr_preconditions.upstream_nonlegacy.json	55046	.json	text	Cor_Falcon_tube_15mL_Vb	cor_falcon_tube_15mL_Vb	medium	yes	"""qualname"": ""Cor_Falcon_tube_15mL_Vb"","
training/verify	training/verify/data/plr_preconditions.upstream_nonlegacy.json	55064	.json	text	Cor_Falcon_tube_50mL_Vb	cor_falcon_tube_50mL_Vb	medium	yes	"""qualname"": ""Cor_Falcon_tube_50mL_Vb"","
training/verify	training/verify/data/plr_preconditions.upstream_nonlegacy.json	55181	.json	text	Cor_96_wellplate_2mL_Vb	cor_96_wellplate_2mL_Vb	medium	yes	"""qualname"": ""Cor_96_wellplate_2mL_Vb"","
training/verify	training/verify/data/plr_preconditions.upstream_nonlegacy.json	55200	.json	text	Cor_96_wellplate_360ul_Fb	cor_96_wellplate_360uL_Fb	medium	yes	"""qualname"": ""Cor_96_wellplate_360ul_Fb"","
training/verify	training/verify/data/plr_preconditions.upstream_nonlegacy.json	55219	.json	text	Cor_96_wellplate_360ul_Fb_Lid	cor_96_wellplate_360uL_Fb_lid	medium	yes	"""qualname"": ""Cor_96_wellplate_360ul_Fb_Lid"","
training/verify	training/verify/data/plr_preconditions.upstream_nonlegacy.json	55651	.json	text	Eppendorf_DNA_LoBind_1_5ml_Vb	eppendorf_tube_1500uL_Vb	medium	yes	"""qualname"": ""Eppendorf_DNA_LoBind_1_5ml_Vb"","
training/verify	training/verify/data/plr_preconditions.upstream_nonlegacy.json	55670	.json	text	Eppendorf_Protein_LoBind_1_5ml_Vb	eppendorf_tube_1500uL_Vb	medium	yes	"""qualname"": ""Eppendorf_Protein_LoBind_1_5ml_Vb"","
training/verify	training/verify/data/plr_preconditions.upstream_nonlegacy.json	56180	.json	text	rails_for_x_coordinate	track_for_x_coordinate	medium	yes	"""qualname"": ""rails_for_x_coordinate"","
training/verify	training/verify/data/plr_preconditions.upstream_nonlegacy.json	56201	.json	text	num_rails	num_tracks	medium	yes	"""num_rails"","
training/verify	training/verify/data/plr_preconditions.upstream_nonlegacy.json	56219	.json	text	rails_to_location	track_to_location	medium	yes	"""qualname"": ""HamiltonDeck.rails_to_location"","
training/verify	training/verify/data/plr_preconditions.upstream_nonlegacy.json	56245	.json	text	rails_for_x_coordinate	track_for_x_coordinate	medium	yes	"""rails_for_x_coordinate"""
training/verify	training/verify/data/plr_preconditions.upstream_nonlegacy.json	56313	.json	text	rails_to_location	track_to_location	medium	yes	"""rails_to_location"""
training/verify	training/verify/data/plr_preconditions.upstream_nonlegacy.json	56375	.json	text	num_rails	num_tracks	medium	yes	"condition"": ""rails is not None and (not -4 <= rails <= self.num_rails)"","
training/verify	training/verify/data/plr_preconditions.upstream_nonlegacy.json	56378	.json	text	num_rails	num_tracks	medium	yes	"""if rails is not None and (not -4 <= rails <= self.num_rails)"""
training/verify	training/verify/data/plr_preconditions.upstream_nonlegacy.json	56411	.json	text	rails_to_location	track_to_location	medium	yes	"resource_location.x + resource.get_absolute_size_x() > self.rails_to_location(self.num_rails + 1).x and rails is not None"","
training/verify	training/verify/data/plr_preconditions.upstream_nonlegacy.json	56411	.json	text	num_rails	num_tracks	medium	yes	"esource.get_absolute_size_x() > self.rails_to_location(self.num_rails + 1).x and rails is not None"","
training/verify	training/verify/data/plr_preconditions.upstream_nonlegacy.json	56414	.json	text	rails_to_location	track_to_location	medium	yes	"resource_location.x + resource.get_absolute_size_x() > self.rails_to_location(self.num_rails + 1).x and rails is not None"","
training/verify	training/verify/data/plr_preconditions.upstream_nonlegacy.json	56414	.json	text	num_rails	num_tracks	medium	yes	"esource.get_absolute_size_x() > self.rails_to_location(self.num_rails + 1).x and rails is not None"","
training/verify	training/verify/data/plr_preconditions.upstream_nonlegacy.json	56439	.json	text	rails_to_location	track_to_location	medium	yes	"""rails_to_location"""
training/verify	training/verify/data/plr_preconditions.upstream_nonlegacy.json	56477	.json	text	rails_for_x_coordinate	track_for_x_coordinate	medium	yes	"""rails_for_x_coordinate"""
training/verify	training/verify/data/plr_preconditions.upstream_nonlegacy.json	56571	.json	text	num_rails	num_tracks	medium	yes	"""num_rails"","
training/verify	training/verify/data/plr_preconditions.upstream_nonlegacy.json	56581	.json	text	with_teaching_rack	with_teaching_needle_rack	medium	yes	"""with_teaching_rack"","
training/verify	training/verify/data/plr_preconditions.upstream_nonlegacy.json	56598	.json	text	with_teaching_rack	with_teaching_needle_rack	medium	yes	"""condition"": ""with_teaching_rack"","
training/verify	training/verify/data/plr_preconditions.upstream_nonlegacy.json	56601	.json	text	with_teaching_rack	with_teaching_needle_rack	medium	yes	"""if with_teaching_rack"","
training/verify	training/verify/data/plr_preconditions.upstream_nonlegacy.json	56611	.json	text	rails_to_location	track_to_location	medium	yes	"""rails_to_location"""
training/verify	training/verify/data/plr_preconditions.upstream_nonlegacy.json	56640	.json	text	rails_to_location	track_to_location	medium	yes	"""qualname"": ""HamiltonSTARDeck.rails_to_location"","
training/verify	training/verify/data/plr_preconditions.upstream_nonlegacy.json	56710	.json	text	with_teaching_rack	with_teaching_needle_rack	medium	yes	"""with_teaching_rack"","
training/verify	training/verify/data/plr_preconditions.upstream_nonlegacy.json	56728	.json	text	with_teaching_rack	with_teaching_needle_rack	medium	yes	"""with_teaching_rack"","
training/verify	training/verify/data/plr_preconditions.upstream_nonlegacy.json	56746	.json	text	with_teaching_rack	with_teaching_needle_rack	medium	yes	"""with_teaching_rack"","
training/verify	training/verify/data/plr_preconditions.upstream_nonlegacy.json	56836	.json	text	MFX_CAR_L5_base	hamilton_mfx_carrier_L5_base	medium	yes	"""qualname"": ""MFX_CAR_L5_base"","
training/verify	training/verify/data/plr_preconditions.upstream_nonlegacy.json	56855	.json	text	MFX_TIP_module	hamilton_mfx_tiprackholder_standard	medium	yes	"""qualname"": ""MFX_TIP_module"","
training/verify	training/verify/data/plr_preconditions.upstream_nonlegacy.json	56911	.json	text	Hamilton_MFX_plateholder_DWP_metal_tapped	hamilton_mfx_plateholder_DWP_metal_tapped	medium	yes	"""qualname"": ""Hamilton_MFX_plateholder_DWP_metal_tapped"","
training/verify	training/verify/data/plr_preconditions.upstream_nonlegacy.json	56929	.json	text	MFX_DWP_rackbased_module	hamilton_mfx_plateholder_DWP_flat	medium	yes	"""qualname"": ""MFX_DWP_rackbased_module"","
training/verify	training/verify/data/plr_preconditions.upstream_nonlegacy.json	56954	.json	text	num_rails	num_tracks	medium	yes	"""num_rails"","
training/verify	training/verify/data/plr_preconditions.upstream_nonlegacy.json	57000	.json	text	rails_to_location	track_to_location	medium	yes	"""qualname"": ""NimbusDeck.rails_to_location"","
training/verify	training/verify/data/plr_preconditions.upstream_nonlegacy.json	57125	.json	text	num_rails	num_tracks	medium	yes	"""num_rails"","
training/verify	training/verify/data/plr_preconditions.upstream_nonlegacy.json	57363	.json	text	PLT_CAR_L5AC_A00	hamilton_plate_carrier_L5_ac	medium	yes	"""qualname"": ""PLT_CAR_L5AC_A00"","
training/verify	training/verify/data/plr_preconditions.upstream_nonlegacy.json	57811	.json	text	TIP_CAR_480	hamilton_tip_carrier_L5	medium	yes	"""qualname"": ""TIP_CAR_480"","
training/verify	training/verify/data/plr_preconditions.upstream_nonlegacy.json	57825	.json	text	TIP_CAR_480BC_A00	hamilton_tip_carrier_L5	medium	yes	"""qualname"": ""TIP_CAR_480BC_A00"","
training/verify	training/verify/data/plr_preconditions.upstream_nonlegacy.json	57839	.json	text	TIP_CAR_480_A00	hamilton_tip_carrier_L5	medium	yes	"""qualname"": ""TIP_CAR_480_A00"","
training/verify	training/verify/data/plr_preconditions.upstream_nonlegacy.json	57909	.json	text	TIP_CAR_NTR_A00	hamilton_tip_carrier_L5_ntr_a00	medium	yes	"""qualname"": ""TIP_CAR_NTR_A00"","
training/verify	training/verify/data/plr_preconditions.upstream_nonlegacy.json	57931	.json	text	total_tip_length	size_z (removed in 1.0, not merely deprecated)	medium	yes	"""total_tip_length"","
training/verify	training/verify/data/plr_preconditions.upstream_nonlegacy.json	57977	.json	text	standard_volume_tip_no_filter	hamilton_tip_300uL	medium	yes	"""qualname"": ""standard_volume_tip_no_filter"","
training/verify	training/verify/data/plr_preconditions.upstream_nonlegacy.json	57995	.json	text	standard_volume_tip_with_filter	hamilton_tip_300uL_filter	medium	yes	"""qualname"": ""standard_volume_tip_with_filter"","
training/verify	training/verify/data/plr_preconditions.upstream_nonlegacy.json	58013	.json	text	slim_standard_volume_tip_with_filter	hamilton_tip_300uL_filter_slim	medium	yes	"""qualname"": ""slim_standard_volume_tip_with_filter"","
training/verify	training/verify/data/plr_preconditions.upstream_nonlegacy.json	58031	.json	text	ultrawide_standard_volume_tip_with_filter	hamilton_tip_300uL_filter_ultrawide	medium	yes	"""qualname"": ""ultrawide_standard_volume_tip_with_filter"","
training/verify	training/verify/data/plr_preconditions.upstream_nonlegacy.json	58049	.json	text	low_volume_tip_no_filter	hamilton_tip_10uL	medium	yes	"""qualname"": ""low_volume_tip_no_filter"","
training/verify	training/verify/data/plr_preconditions.upstream_nonlegacy.json	58067	.json	text	low_volume_tip_with_filter	hamilton_tip_10uL_filter	medium	yes	"""qualname"": ""low_volume_tip_with_filter"","
training/verify	training/verify/data/plr_preconditions.upstream_nonlegacy.json	58085	.json	text	high_volume_tip_no_filter	hamilton_tip_1000uL	medium	yes	"""qualname"": ""high_volume_tip_no_filter"","
training/verify	training/verify/data/plr_preconditions.upstream_nonlegacy.json	58103	.json	text	high_volume_tip_with_filter	hamilton_tip_1000uL_filter	medium	yes	"""qualname"": ""high_volume_tip_with_filter"","
training/verify	training/verify/data/plr_preconditions.upstream_nonlegacy.json	58121	.json	text	wide_high_volume_tip_with_filter	hamilton_tip_1000uL_filter_wide	medium	yes	"""qualname"": ""wide_high_volume_tip_with_filter"","
training/verify	training/verify/data/plr_preconditions.upstream_nonlegacy.json	58139	.json	text	ultrawide_high_volume_tip_with_filter	hamilton_tip_1000uL_filter_ultrawide	medium	yes	"""qualname"": ""ultrawide_high_volume_tip_with_filter"","
training/verify	training/verify/data/plr_preconditions.upstream_nonlegacy.json	58157	.json	text	four_ml_tip_with_filter	hamilton_tip_4000uL_filter	medium	yes	"""qualname"": ""four_ml_tip_with_filter"","
training/verify	training/verify/data/plr_preconditions.upstream_nonlegacy.json	58175	.json	text	five_ml_tip_with_filter	hamilton_tip_5000uL_filter	medium	yes	"""qualname"": ""five_ml_tip_with_filter"","
training/verify	training/verify/data/plr_preconditions.upstream_nonlegacy.json	58193	.json	text	five_ml_tip	hamilton_tip_5000uL	medium	yes	"""qualname"": ""five_ml_tip"","
training/verify	training/verify/data/plr_preconditions.upstream_nonlegacy.json	58211	.json	text	fifty_ul_tip_with_filter	hamilton_tip_50uL_filter	medium	yes	"""qualname"": ""fifty_ul_tip_with_filter"","
training/verify	training/verify/data/plr_preconditions.upstream_nonlegacy.json	58229	.json	text	fifty_ul_tip_no_filter	hamilton_tip_50uL	medium	yes	"""qualname"": ""fifty_ul_tip_no_filter"","
training/verify	training/verify/data/plr_preconditions.upstream_nonlegacy.json	58987	.json	text	Hamilton_1_trough_200ml_Vb	hamilton_1_trough_200mL_Vb	medium	yes	"""qualname"": ""Hamilton_1_trough_200ml_Vb"","
training/verify	training/verify/data/plr_preconditions.upstream_nonlegacy.json	59005	.json	text	hamilton_1_trough_200ml_Vb	hamilton_1_trough_200mL_Vb	medium	yes	"""qualname"": ""hamilton_1_trough_200ml_Vb"","
training/verify	training/verify/data/plr_preconditions.upstream_nonlegacy.json	59023	.json	text	hamilton_1_trough_60ml_Vb	hamilton_1_trough_60mL_Vb	medium	yes	"""qualname"": ""hamilton_1_trough_60ml_Vb"","
training/verify	training/verify/data/plr_preconditions.upstream_nonlegacy.json	59055	.json	text	Tube_CAR_32_A00	hamilton_tube_carrier_32_a00_insert_eppendorf_1_5mL	medium	yes	"""qualname"": ""Tube_CAR_32_A00"","
training/verify	training/verify/data/plr_preconditions.upstream_nonlegacy.json	59149	.json	text	rails_to_location	track_to_location	medium	yes	"""qualname"": ""VantageDeck.rails_to_location"","
training/verify	training/verify/data/plr_preconditions.upstream_nonlegacy.json	62022	.json	text	set_well_liquids	set_well_volumes	medium	yes	"""qualname"": ""Plate.set_well_liquids"","
training/verify	training/verify/data/plr_preconditions.upstream_nonlegacy.json	65714	.json	text	num_rails	num_tracks	medium	yes	"""num_rails"","
training/verify	training/verify/data/plr_preconditions.upstream_nonlegacy.json	65765	.json	text	num_rails	num_tracks	medium	yes	"""condition"": ""rails is not None and (not 1 <= rails <= self.num_rails)"","
training/verify	training/verify/data/plr_preconditions.upstream_nonlegacy.json	65768	.json	text	num_rails	num_tracks	medium	yes	"""if rails is not None and (not 1 <= rails <= self.num_rails)"""
training/verify	training/verify/data/plr_preconditions.upstream_nonlegacy.json	66643	.json	text	total_tip_length	size_z (removed in 1.0, not merely deprecated)	medium	yes	"""total_tip_length"","
training/verify	training/verify/data/plr_preconditions.upstream_nonlegacy.json	69290	.json	text	disable_tip_trackers	disable_tip_tracking	medium	yes	"""qualname"": ""TipRack.disable_tip_trackers"","
training/verify	training/verify/data/plr_preconditions.upstream_nonlegacy.json	69308	.json	text	enable_tip_trackers	enable_tip_tracking	medium	yes	"""qualname"": ""TipRack.enable_tip_trackers"","
training/verify	training/verify/data/plr_preconditions.upstream_nonlegacy.json	69376	.json	text	NestedTipRack	StandingTipRack	medium	yes	"""qualname"": ""NestedTipRack.__init__"","
training/verify	training/verify/data/plr_preconditions.upstream_nonlegacy.json	69377	.json	text	NestedTipRack	StandingTipRack	medium	yes	"""class_name"": ""NestedTipRack"","
training/verify	training/verify/data/plr_preconditions.upstream_nonlegacy.json	69402	.json	text	NestedTipRack	StandingTipRack	medium	yes	"""qualname"": ""NestedTipRack.__repr__"","
training/verify	training/verify/data/plr_preconditions.upstream_nonlegacy.json	69403	.json	text	NestedTipRack	StandingTipRack	medium	yes	"""class_name"": ""NestedTipRack"","
training/verify	training/verify/data/plr_preconditions.upstream_nonlegacy.json	69416	.json	text	NestedTipRack	StandingTipRack	medium	yes	"""qualname"": ""NestedTipRack.assign_child_resource"","
training/verify	training/verify/data/plr_preconditions.upstream_nonlegacy.json	69417	.json	text	NestedTipRack	StandingTipRack	medium	yes	"""class_name"": ""NestedTipRack"","
training/verify	training/verify/data/plr_preconditions.upstream_nonlegacy.json	69433	.json	text	NestedTipRack	StandingTipRack	medium	yes	"""else of: if isinstance(resource, NestedTipRack)"""
training/verify	training/verify/data/plr_preconditions.upstream_nonlegacy.json	69486	.json	text	TipTracker	pylabrobot.legacy.tip_tracker.TipTracker (or tree: TipSpot.tip)	medium	yes	"""qualname"": ""TipTracker.__init__"","
training/verify	training/verify/data/plr_preconditions.upstream_nonlegacy.json	69487	.json	text	TipTracker	pylabrobot.legacy.tip_tracker.TipTracker (or tree: TipSpot.tip)	medium	yes	"""class_name"": ""TipTracker"","
training/verify	training/verify/data/plr_preconditions.upstream_nonlegacy.json	69501	.json	text	TipTracker	pylabrobot.legacy.tip_tracker.TipTracker (or tree: TipSpot.tip)	medium	yes	"""qualname"": ""TipTracker.is_disabled"","
training/verify	training/verify/data/plr_preconditions.upstream_nonlegacy.json	69502	.json	text	TipTracker	pylabrobot.legacy.tip_tracker.TipTracker (or tree: TipSpot.tip)	medium	yes	"""class_name"": ""TipTracker"","
training/verify	training/verify/data/plr_preconditions.upstream_nonlegacy.json	69515	.json	text	TipTracker	pylabrobot.legacy.tip_tracker.TipTracker (or tree: TipSpot.tip)	medium	yes	"""qualname"": ""TipTracker.has_tip"","
training/verify	training/verify/data/plr_preconditions.upstream_nonlegacy.json	69516	.json	text	TipTracker	pylabrobot.legacy.tip_tracker.TipTracker (or tree: TipSpot.tip)	medium	yes	"""class_name"": ""TipTracker"","
training/verify	training/verify/data/plr_preconditions.upstream_nonlegacy.json	69529	.json	text	TipTracker	pylabrobot.legacy.tip_tracker.TipTracker (or tree: TipSpot.tip)	medium	yes	"""qualname"": ""TipTracker.get_tip"","
training/verify	training/verify/data/plr_preconditions.upstream_nonlegacy.json	69530	.json	text	TipTracker	pylabrobot.legacy.tip_tracker.TipTracker (or tree: TipSpot.tip)	medium	yes	"""class_name"": ""TipTracker"","
training/verify	training/verify/data/plr_preconditions.upstream_nonlegacy.json	69556	.json	text	TipTracker	pylabrobot.legacy.tip_tracker.TipTracker (or tree: TipSpot.tip)	medium	yes	"""qualname"": ""TipTracker.disable"","
training/verify	training/verify/data/plr_preconditions.upstream_nonlegacy.json	69557	.json	text	TipTracker	pylabrobot.legacy.tip_tracker.TipTracker (or tree: TipSpot.tip)	medium	yes	"""class_name"": ""TipTracker"","
training/verify	training/verify/data/plr_preconditions.upstream_nonlegacy.json	69570	.json	text	TipTracker	pylabrobot.legacy.tip_tracker.TipTracker (or tree: TipSpot.tip)	medium	yes	"""qualname"": ""TipTracker.enable"","
training/verify	training/verify/data/plr_preconditions.upstream_nonlegacy.json	69571	.json	text	TipTracker	pylabrobot.legacy.tip_tracker.TipTracker (or tree: TipSpot.tip)	medium	yes	"""class_name"": ""TipTracker"","
training/verify	training/verify/data/plr_preconditions.upstream_nonlegacy.json	69584	.json	text	TipTracker	pylabrobot.legacy.tip_tracker.TipTracker (or tree: TipSpot.tip)	medium	yes	"""qualname"": ""TipTracker.add_tip"","
training/verify	training/verify/data/plr_preconditions.upstream_nonlegacy.json	69585	.json	text	TipTracker	pylabrobot.legacy.tip_tracker.TipTracker (or tree: TipSpot.tip)	medium	yes	"""class_name"": ""TipTracker"","
training/verify	training/verify/data/plr_preconditions.upstream_nonlegacy.json	69626	.json	text	TipTracker	pylabrobot.legacy.tip_tracker.TipTracker (or tree: TipSpot.tip)	medium	yes	"""qualname"": ""TipTracker.remove_tip"","
training/verify	training/verify/data/plr_preconditions.upstream_nonlegacy.json	69627	.json	text	TipTracker	pylabrobot.legacy.tip_tracker.TipTracker (or tree: TipSpot.tip)	medium	yes	"""class_name"": ""TipTracker"","
training/verify	training/verify/data/plr_preconditions.upstream_nonlegacy.json	69666	.json	text	TipTracker	pylabrobot.legacy.tip_tracker.TipTracker (or tree: TipSpot.tip)	medium	yes	"""qualname"": ""TipTracker.commit"","
training/verify	training/verify/data/plr_preconditions.upstream_nonlegacy.json	69667	.json	text	TipTracker	pylabrobot.legacy.tip_tracker.TipTracker (or tree: TipSpot.tip)	medium	yes	"""class_name"": ""TipTracker"","
training/verify	training/verify/data/plr_preconditions.upstream_nonlegacy.json	69684	.json	text	TipTracker	pylabrobot.legacy.tip_tracker.TipTracker (or tree: TipSpot.tip)	medium	yes	"""qualname"": ""TipTracker.rollback"","
training/verify	training/verify/data/plr_preconditions.upstream_nonlegacy.json	69685	.json	text	TipTracker	pylabrobot.legacy.tip_tracker.TipTracker (or tree: TipSpot.tip)	medium	yes	"""class_name"": ""TipTracker"","
training/verify	training/verify/data/plr_preconditions.upstream_nonlegacy.json	69709	.json	text	TipTracker	pylabrobot.legacy.tip_tracker.TipTracker (or tree: TipSpot.tip)	medium	yes	"""qualname"": ""TipTracker.clear"","
training/verify	training/verify/data/plr_preconditions.upstream_nonlegacy.json	69710	.json	text	TipTracker	pylabrobot.legacy.tip_tracker.TipTracker (or tree: TipSpot.tip)	medium	yes	"""class_name"": ""TipTracker"","
training/verify	training/verify/data/plr_preconditions.upstream_nonlegacy.json	69723	.json	text	TipTracker	pylabrobot.legacy.tip_tracker.TipTracker (or tree: TipSpot.tip)	medium	yes	"""qualname"": ""TipTracker.serialize"","
training/verify	training/verify/data/plr_preconditions.upstream_nonlegacy.json	69724	.json	text	TipTracker	pylabrobot.legacy.tip_tracker.TipTracker (or tree: TipSpot.tip)	medium	yes	"""class_name"": ""TipTracker"","
training/verify	training/verify/data/plr_preconditions.upstream_nonlegacy.json	69741	.json	text	TipTracker	pylabrobot.legacy.tip_tracker.TipTracker (or tree: TipSpot.tip)	medium	yes	"""qualname"": ""TipTracker.load_state"","
training/verify	training/verify/data/plr_preconditions.upstream_nonlegacy.json	69742	.json	text	TipTracker	pylabrobot.legacy.tip_tracker.TipTracker (or tree: TipSpot.tip)	medium	yes	"""class_name"": ""TipTracker"","
training/verify	training/verify/data/plr_preconditions.upstream_nonlegacy.json	69758	.json	text	TipTracker	pylabrobot.legacy.tip_tracker.TipTracker (or tree: TipSpot.tip)	medium	yes	"""qualname"": ""TipTracker.get_tip_origin"","
training/verify	training/verify/data/plr_preconditions.upstream_nonlegacy.json	69759	.json	text	TipTracker	pylabrobot.legacy.tip_tracker.TipTracker (or tree: TipSpot.tip)	medium	yes	"""class_name"": ""TipTracker"","
training/verify	training/verify/data/plr_preconditions.upstream_nonlegacy.json	69772	.json	text	TipTracker	pylabrobot.legacy.tip_tracker.TipTracker (or tree: TipSpot.tip)	medium	yes	"""qualname"": ""TipTracker.__repr__"","
training/verify	training/verify/data/plr_preconditions.upstream_nonlegacy.json	69773	.json	text	TipTracker	pylabrobot.legacy.tip_tracker.TipTracker (or tree: TipSpot.tip)	medium	yes	"""class_name"": ""TipTracker"","
training/verify	training/verify/data/plr_preconditions.upstream_nonlegacy.json	69786	.json	text	TipTracker	pylabrobot.legacy.tip_tracker.TipTracker (or tree: TipSpot.tip)	medium	yes	"""qualname"": ""TipTracker.register_callback"","
training/verify	training/verify/data/plr_preconditions.upstream_nonlegacy.json	69787	.json	text	TipTracker	pylabrobot.legacy.tip_tracker.TipTracker (or tree: TipSpot.tip)	medium	yes	"""class_name"": ""TipTracker"","
training/verify	training/verify/deck.py	1	py	string_kwarg	rails	track	medium	no	Deck construction for the P2.2 verify harness.
training/verify	training/verify/deck.py	156	py	attribute	tracker	tip	low	no	obj.name: float(obj.tracker.get_free_volume())
training/verify	training/verify/deck.py	164	py	attribute	tracker	tip	low	no	return float(obj.tracker.get_free_volume())
training/verify	training/verify/deck.py	433	py	string_kwarg	rails	track	medium	no	Build machine + deck via DeckFactory.create_setup, then extend.
training/verify	training/verify/deck.py	495	py	kwarg	rails	track	high	no	deck.assign_child_resource(resource, rails=rails)
training/verify	training/verify/deck.py	549	py	attribute	tracker	tip	low	no	well.tracker.set_volume(float(volume_ul))
training/verify	training/verify/tests/test_build_setup.py	1	py	string_kwarg	rails	track	medium	no	#4952 (left over from #4950 at 6e34be9b): build_setup()'s deck-level
training/verify	training/verify/tests/test_build_setup.py	57	py	string_kwarg	rails	track	medium	no	Two bare containers (both Trough-typed) used to both target
training/verify	training/verify/verifier.py	300	py	import_module	pylabrobot.resources.tip_tracker	pylabrobot.resources.tip_tracking / pylabrobot.legacy.tip_tracker	high	no	from pylabrobot.resources.tip_tracker import does_tip_tracking
web-repl	web-repl/overlay/assets/python/web_bridge.py	142	py	attribute	empty	unassign_tip	low	no	if 'size' in sig.parameters and sig.parameters['size'].default is inspect.Parameter.empty:
web-repl	web-repl/overlay/assets/python/web_bridge.py	217	py	string	Cor_96_wellplate_360ul_Fb	cor_96_wellplate_360uL_Fb	medium	no	"""""""Instantiate a PLR resource by FQN import, matching the playground approach."
web-repl	web-repl/overlay/assets/python/web_bridge.py	217	py	string	PLT_CAR_L5AC_A00	hamilton_plate_carrier_L5_ac	medium	no	"""""""Instantiate a PLR resource by FQN import, matching the playground approach."
web-repl	web-repl/overlay/assets/python/web_bridge.py	350	py	kwarg	rails	track	high	no	"deck.assign_child_resource(carrier, rails=entry[""rails""])"
web-repl	web-repl/overlay/assets/python/web_bridge.py	453	py	attribute	empty	unassign_tip	low	no	if dim in params and params[dim].default is inspect.Parameter.empty:
web-repl	web-repl/overlay/assets/python/web_bridge.py	642	py	attribute	tracker	tip	low	no	tracker = well.tracker
web-repl	web-repl/overlay/assets/python/web_bridge.py	668	py	attribute	has_tip	tip	low	no	if resource.get_item(i).has_tip:
web-repl	web-repl/overlay/assets/visualizer/lib.js	928	.js	text	num_rails	num_tracks	medium	no	for (let rail = 0; rail < deck.num_rails; rail++) {
web-repl	web-repl/overlay/assets/visualizer/lib.js	1362	.js	text	num_rails	num_tracks	medium	no	const { num_rails } = resourceData;
web-repl	web-repl/overlay/assets/visualizer/lib.js	1363	.js	text	num_rails	num_tracks	medium	no	this.num_rails = num_rails;
web-repl	web-repl/overlay/assets/visualizer/lib.js	1363	.js	text	num_rails	num_tracks	medium	no	this.num_rails = num_rails;
web-repl	web-repl/overlay/assets/visualizer/lib.js	1417	.js	text	num_rails	num_tracks	medium	no	for (let i = 0; i < this.num_rails; i++) {
web-repl	web-repl/overlay/assets/visualizer/lib.js	1453	.js	text	num_rails	num_tracks	medium	no	num_rails: this.num_rails,
web-repl	web-repl/overlay/assets/visualizer/lib.js	1453	.js	text	num_rails	num_tracks	medium	no	num_rails: this.num_rails,
web-repl	web-repl/overlay/assets/visualizer/lib.js	1467	.js	text	num_rails	num_tracks	medium	no	this.num_rails = 54;
web-repl	web-repl/overlay/assets/visualizer/lib.js	1470	.js	text	num_rails	num_tracks	medium	no	this.num_rails = 0;
web-repl	web-repl/overlay/assets/visualizer/lib.js	1521	.js	text	num_rails	num_tracks	medium	no	for (let i = 0; i < this.num_rails; i++) {
web-repl	web-repl/overlay/assets/visualizer/lib.js	4977	.js	text	num_rails	num_tracks	medium	no	"attrs.push({ key: ""num_rails"", value: resource.num_rails });"
web-repl	web-repl/overlay/assets/visualizer/lib.js	4977	.js	text	num_rails	num_tracks	medium	no	"attrs.push({ key: ""num_rails"", value: resource.num_rails });"
web-repl	web-repl/scripts/gen_viz_fixtures.py	137	py	import	PLT_CAR_L5AC_A00	hamilton_plate_carrier_L5_ac	high	no	from pylabrobot.resources import (
web-repl	web-repl/scripts/gen_viz_fixtures.py	137	py	import	TIP_CAR_480_A00	hamilton_tip_carrier_L5	high	no	from pylabrobot.resources import (
web-repl	web-repl/scripts/gen_viz_fixtures.py	137	py	import	Cor_96_wellplate_360ul_Fb	cor_96_wellplate_360uL_Fb	high	no	from pylabrobot.resources import (
web-repl	web-repl/scripts/gen_viz_fixtures.py	159	py	name	TIP_CAR_480_A00	hamilton_tip_carrier_L5	high	no	"tip_car = TIP_CAR_480_A00(name=""tip_carrier"")"
web-repl	web-repl/scripts/gen_viz_fixtures.py	161	py	kwarg	rails	track	high	no	deck.assign_child_resource(tip_car, rails=15)
web-repl	web-repl/scripts/gen_viz_fixtures.py	163	py	name	PLT_CAR_L5AC_A00	hamilton_plate_carrier_L5_ac	high	no	"plt_car = PLT_CAR_L5AC_A00(name=""plate_carrier"")"
web-repl	web-repl/scripts/gen_viz_fixtures.py	164	py	name	Cor_96_wellplate_360ul_Fb	cor_96_wellplate_360uL_Fb	high	no	"plt_car[0] = plate = Cor_96_wellplate_360ul_Fb(name=""plate_01"")"
web-repl	web-repl/scripts/gen_viz_fixtures.py	165	py	kwarg	rails	track	high	no	deck.assign_child_resource(plt_car, rails=8)
web-repl	web-repl/scripts/gen_viz_fixtures.py	199	py	attribute	tracker	tip	low	no	"plate.get_item(""A1"").tracker.set_volume(100.0)"
web-repl	web-repl/scripts/gen_viz_fixtures.py	200	py	attribute	tracker	tip	low	no	"plate.get_item(""B1"").tracker.set_volume(100.0)"
web-repl	web-repl/shell/coxswain/__tests__/clarify_answer.test.js	30	.js	text	PLT_CAR_L5AC_A00	hamilton_plate_carrier_L5_ac	medium	no	"{ name: ""PLT_CAR_L5AC_A00"", resource_type: ""plate_carrier"", position: ""rails 7"" },"
web-repl	web-repl/shell/coxswain/__tests__/clarify_answer.test.js	40	.js	text	PLT_CAR_L5AC_A00	hamilton_plate_carrier_L5_ac	medium	no	"matches: [""PLT_CAR_L5AC_A00 on rails 7"", ""PLT_CAR_P3AC_A00 on rails 13""],"
web-repl	web-repl/shell/coxswain/__tests__/clarify_answer.test.js	62	.js	text	PLT_CAR_L5AC_A00	hamilton_plate_carrier_L5_ac	medium	no	"expect(refs.pickButtons[0].textContent).toContain(""PLT_CAR_L5AC_A00"");"
web-repl	web-repl/shell/coxswain/__tests__/highlight.test.js	21	.js	text	PLT_CAR_L5AC_A00	hamilton_plate_carrier_L5_ac	medium	no	"{ name: ""PLT_CAR_L5AC_A00"", position: ""rails 7"" },"
web-repl	web-repl/shell/coxswain/__tests__/highlight.test.js	36	.js	text	PLT_CAR_L5AC_A00	hamilton_plate_carrier_L5_ac	medium	no	"""PLT_CAR_L5AC_A00"","
web-repl	web-repl/tests/fixtures/visualizer/set_root_resource.json	1	.json	text	rails_to_location	track_to_location	medium	no	"_state(state)"", ""load_state_from_file(fn)"", ""named(name)"", ""rails_to_location(rails)"", ""register_did_assign_resource_callback(callback)"","
web-repl	web-repl/tests/fixtures/visualizer/set_root_resource.json	1	.json	text	disable_tip_trackers	disable_tip_tracking	medium	no	"e_callback(callback)"", ""deserialize(data, allow_marshal)"", ""disable_tip_trackers()"", ""disable_tip_tracking()"", ""empty()"", ""enable_tip_tracke"
web-repl	web-repl/tests/fixtures/visualizer/set_root_resource.json	1	.json	text	enable_tip_trackers	enable_tip_tracking	medium	no	"able_tip_trackers()"", ""disable_tip_tracking()"", ""empty()"", ""enable_tip_trackers()"", ""enable_tip_tracking()"", ""fill()"", ""find_resource(fn, m"
web-repl	web-repl/tests/fixtures/visualizer/set_root_resource.json	1	.json	text	disable_tip_trackers	disable_tip_tracking	medium	no	"e_callback(callback)"", ""deserialize(data, allow_marshal)"", ""disable_tip_trackers()"", ""disable_tip_tracking()"", ""empty()"", ""enable_tip_tracke"
web-repl	web-repl/tests/fixtures/visualizer/set_root_resource.json	1	.json	text	enable_tip_trackers	enable_tip_tracking	medium	no	"able_tip_trackers()"", ""disable_tip_tracking()"", ""empty()"", ""enable_tip_trackers()"", ""enable_tip_tracking()"", ""fill()"", ""find_resource(fn, m"
web-repl	web-repl/tests/fixtures/visualizer/set_root_resource.json	1	.json	text	set_well_liquids	set_well_volumes	medium	no	"erialize()"", ""serialize_all_state()"", ""serialize_state()"", ""set_well_liquids(liquids)"", ""set_well_volumes(volumes)"", ""summary(occupied_f"
web-repl	web-repl/tests/test_browser_visualizer.py	330	py	kwarg	rails	track	high	no	deck.assign_child_resource(rack, rails=3)
web-repl	web-repl/tests/test_browser_visualizer.py	386	py	kwarg	rails	track	high	no	deck.assign_child_resource(rack, rails=3)
